<?xml version="1.0" encoding="UTF-8"?>
<GenRun Id="synth_1" LaunchPart="xc7k325tffg900-2" LaunchTime="1761289044">
  <File Type="PA-TCL" Name="axi_gpio.tcl"/>
  <File Type="RDS-PROPCONSTRS" Name="axi_gpio_drc_synth.rpt"/>
  <File Type="REPORTS-TCL" Name="axi_gpio_reports.tcl"/>
  <File Type="RDS-RDS" Name="axi_gpio.vds"/>
  <File Type="RDS-UTIL" Name="axi_gpio_utilization_synth.rpt"/>
  <File Type="RDS-UTIL-PB" Name="axi_gpio_utilization_synth.pb"/>
  <File Type="RDS-DCP" Name="axi_gpio.dcp"/>
  <File Type="VDS-TIMINGSUMMARY" Name="axi_gpio_timing_summary_synth.rpt"/>
  <File Type="VDS-TIMING-PB" Name="axi_gpio_timing_summary_synth.pb"/>
  <FileSet Name="sources" Type="DesignSrcs" RelSrcDir="$PSRCDIR/sources_1">
    <Filter Type="Srcs"/>
    <File Path="$PPRDIR/../src/lib_cdc_v1_0_rfs.vhd">
      <FileInfo>
        <Attr Name="Library" Val="lib_cdc_v1_0_2"/>
        <Attr Name="UsedIn" Val="synthesis"/>
        <Attr Name="UsedIn" Val="simulation"/>
      </FileInfo>
    </File>
    <File Path="$PPRDIR/../src/axi_lite_ipif_v3_0_vh_rfs.vhd">
      <FileInfo>
        <Attr Name="Library" Val="axi_lite_ipif_v3_0_4"/>
        <Attr Name="UsedIn" Val="synthesis"/>
        <Attr Name="UsedIn" Val="simulation"/>
      </FileInfo>
    </File>
    <File Path="$PPRDIR/../src/interrupt_control_v3_1_vh_rfs.vhd">
      <FileInfo>
        <Attr Name="Library" Val="interrupt_control_v3_1_4"/>
        <Attr Name="UsedIn" Val="synthesis"/>
        <Attr Name="UsedIn" Val="simulation"/>
      </FileInfo>
    </File>
    <File Path="$PPRDIR/../src/axi_gpio_v2_0_vh_rfs.vhd">
      <FileInfo>
        <Attr Name="Library" Val="axi_gpio_v2_0_21"/>
        <Attr Name="UsedIn" Val="synthesis"/>
        <Attr Name="UsedIn" Val="simulation"/>
      </FileInfo>
    </File>
    <Config>
      <Option Name="DesignMode" Val="RTL"/>
      <Option Name="TopModule" Val="axi_gpio"/>
      <Option Name="TopAutoSet" Val="TRUE"/>
    </Config>
  </FileSet>
  <FileSet Name="constrs_in" Type="Constrs" RelSrcDir="$PSRCDIR/constrs_1">
    <Filter Type="Constrs"/>
    <Config>
      <Option Name="ConstrsType" Val="XDC"/>
    </Config>
  </FileSet>
  <FileSet Name="utils" Type="Utils" RelSrcDir="$PSRCDIR/utils_1">
    <Filter Type="Utils"/>
    <Config>
      <Option Name="TopAutoSet" Val="TRUE"/>
    </Config>
  </FileSet>
  <Strategy Version="1" Minor="2">
    <StratHandle Name="Vivado Synthesis Defaults" Flow="Vivado Synthesis 2019">
      <Desc>Vivado Synthesis Defaults</Desc>
    </StratHandle>
    <Step Id="synth_design"/>
  </Strategy>
</GenRun>
