<stg><name>dct</name>


<trans_list>

<trans id="59" from="1" to="2">
<condition id="25">
<or_exp><and_exp></and_exp></or_exp>
</condition>
</trans>

<trans id="60" from="2" to="3">
<condition id="26">
<or_exp><and_exp></and_exp></or_exp>
</condition>
</trans>

<trans id="61" from="3" to="4">
<condition id="27">
<or_exp><and_exp></and_exp></or_exp>
</condition>
</trans>

<trans id="62" from="4" to="5">
<condition id="29">
<or_exp><and_exp></and_exp></or_exp>
</condition>
</trans>

<trans id="69" from="5" to="7">
<condition id="36">
<or_exp><and_exp><literal name="exitcond_flatten" val="1"/>
</and_exp></or_exp>
</condition>
</trans>

<trans id="70" from="5" to="6">
<condition id="38">
<or_exp><and_exp><literal name="exitcond_flatten" val="0"/>
</and_exp></or_exp>
</condition>
</trans>

<trans id="68" from="6" to="5">
<condition id="37">
<or_exp><and_exp></and_exp></or_exp>
</condition>
</trans>
</trans_list>



<state_list>

<state id="1" st_id="1">

<operation id="8" st_id="1" stage="1" lat="1">
<core>NULL</core>
<MemPortIdVec></MemPortIdVec>
<condition id="20">
<or_exp><and_exp></and_exp></or_exp>
</condition>

<node id="14" bw="16" op_0_bw="32">
<![CDATA[
:3  %buf_2d_in_0 = alloca [8 x i16], align 2

]]></node>
<StgValue><ssdm name="buf_2d_in_0"/><MemPortTyVec>2 3 </MemPortTyVec>
</StgValue>
</operation>

<operation id="9" st_id="1" stage="1" lat="1">
<core>NULL</core>
<MemPortIdVec></MemPortIdVec>
<condition id="20">
<or_exp><and_exp></and_exp></or_exp>
</condition>

<node id="15" bw="16" op_0_bw="32">
<![CDATA[
:4  %buf_2d_in_1 = alloca [8 x i16], align 2

]]></node>
<StgValue><ssdm name="buf_2d_in_1"/><MemPortTyVec>2 3 </MemPortTyVec>
</StgValue>
</operation>

<operation id="10" st_id="1" stage="1" lat="1">
<core>NULL</core>
<MemPortIdVec></MemPortIdVec>
<condition id="20">
<or_exp><and_exp></and_exp></or_exp>
</condition>

<node id="16" bw="16" op_0_bw="32">
<![CDATA[
:5  %buf_2d_in_2 = alloca [8 x i16], align 2

]]></node>
<StgValue><ssdm name="buf_2d_in_2"/><MemPortTyVec>2 3 </MemPortTyVec>
</StgValue>
</operation>

<operation id="11" st_id="1" stage="1" lat="1">
<core>NULL</core>
<MemPortIdVec></MemPortIdVec>
<condition id="20">
<or_exp><and_exp></and_exp></or_exp>
</condition>

<node id="17" bw="16" op_0_bw="32">
<![CDATA[
:6  %buf_2d_in_3 = alloca [8 x i16], align 2

]]></node>
<StgValue><ssdm name="buf_2d_in_3"/><MemPortTyVec>2 3 </MemPortTyVec>
</StgValue>
</operation>

<operation id="12" st_id="1" stage="1" lat="1">
<core>NULL</core>
<MemPortIdVec></MemPortIdVec>
<condition id="20">
<or_exp><and_exp></and_exp></or_exp>
</condition>

<node id="18" bw="16" op_0_bw="32">
<![CDATA[
:7  %buf_2d_in_4 = alloca [8 x i16], align 2

]]></node>
<StgValue><ssdm name="buf_2d_in_4"/><MemPortTyVec>2 3 </MemPortTyVec>
</StgValue>
</operation>

<operation id="13" st_id="1" stage="1" lat="1">
<core>NULL</core>
<MemPortIdVec></MemPortIdVec>
<condition id="20">
<or_exp><and_exp></and_exp></or_exp>
</condition>

<node id="19" bw="16" op_0_bw="32">
<![CDATA[
:8  %buf_2d_in_5 = alloca [8 x i16], align 2

]]></node>
<StgValue><ssdm name="buf_2d_in_5"/><MemPortTyVec>2 3 </MemPortTyVec>
</StgValue>
</operation>

<operation id="14" st_id="1" stage="1" lat="1">
<core>NULL</core>
<MemPortIdVec></MemPortIdVec>
<condition id="20">
<or_exp><and_exp></and_exp></or_exp>
</condition>

<node id="20" bw="16" op_0_bw="32">
<![CDATA[
:9  %buf_2d_in_6 = alloca [8 x i16], align 2

]]></node>
<StgValue><ssdm name="buf_2d_in_6"/><MemPortTyVec>2 3 </MemPortTyVec>
</StgValue>
</operation>

<operation id="15" st_id="1" stage="1" lat="1">
<core>NULL</core>
<MemPortIdVec></MemPortIdVec>
<condition id="20">
<or_exp><and_exp></and_exp></or_exp>
</condition>

<node id="21" bw="16" op_0_bw="32">
<![CDATA[
:10  %buf_2d_in_7 = alloca [8 x i16], align 2

]]></node>
<StgValue><ssdm name="buf_2d_in_7"/><MemPortTyVec>2 3 </MemPortTyVec>
</StgValue>
</operation>

<operation id="16" st_id="1" stage="1" lat="1">
<core>RAM</core>
<MemPortIdVec></MemPortIdVec>
<condition id="20">
<or_exp><and_exp></and_exp></or_exp>
</condition>

<node id="22" bw="16" op_0_bw="32">
<![CDATA[
:11  %buf_2d_out = alloca [64 x i16], align 2

]]></node>
<StgValue><ssdm name="buf_2d_out"/><MemPortTyVec>2 3 </MemPortTyVec>
</StgValue>
</operation>

<operation id="17" st_id="1" stage="2" lat="2">
<core></core>
<MemPortIdVec></MemPortIdVec>
<condition id="20">
<or_exp><and_exp></and_exp></or_exp>
</condition>

<node id="23" bw="0" op_0_bw="0" op_1_bw="16" op_2_bw="16" op_3_bw="16" op_4_bw="16" op_5_bw="16" op_6_bw="16" op_7_bw="16" op_8_bw="16" op_9_bw="16">
<![CDATA[
:12  call fastcc void @read_data([64 x i16]* %input_r, [8 x i16]* %buf_2d_in_0, [8 x i16]* %buf_2d_in_1, [8 x i16]* %buf_2d_in_2, [8 x i16]* %buf_2d_in_3, [8 x i16]* %buf_2d_in_4, [8 x i16]* %buf_2d_in_5, [8 x i16]* %buf_2d_in_6, [8 x i16]* %buf_2d_in_7) nounwind

]]></node>
<StgValue><ssdm name=""/></StgValue>
</operation>
</state>

<state id="2" st_id="2">

<operation id="18" st_id="2" stage="1" lat="2">
<core></core>
<MemPortIdVec></MemPortIdVec>
<condition id="21">
<or_exp><and_exp></and_exp></or_exp>
</condition>

<node id="23" bw="0" op_0_bw="0" op_1_bw="16" op_2_bw="16" op_3_bw="16" op_4_bw="16" op_5_bw="16" op_6_bw="16" op_7_bw="16" op_8_bw="16" op_9_bw="16">
<![CDATA[
:12  call fastcc void @read_data([64 x i16]* %input_r, [8 x i16]* %buf_2d_in_0, [8 x i16]* %buf_2d_in_1, [8 x i16]* %buf_2d_in_2, [8 x i16]* %buf_2d_in_3, [8 x i16]* %buf_2d_in_4, [8 x i16]* %buf_2d_in_5, [8 x i16]* %buf_2d_in_6, [8 x i16]* %buf_2d_in_7) nounwind

]]></node>
<StgValue><ssdm name=""/></StgValue>
</operation>
</state>

<state id="3" st_id="3">

<operation id="19" st_id="3" stage="2" lat="2">
<core></core>
<MemPortIdVec></MemPortIdVec>
<condition id="22">
<or_exp><and_exp></and_exp></or_exp>
</condition>

<node id="24" bw="0" op_0_bw="0" op_1_bw="16" op_2_bw="16" op_3_bw="16" op_4_bw="16" op_5_bw="16" op_6_bw="16" op_7_bw="16" op_8_bw="16" op_9_bw="16">
<![CDATA[
:13  call fastcc void @dct_2d([8 x i16]* nocapture %buf_2d_in_0, [8 x i16]* nocapture %buf_2d_in_1, [8 x i16]* nocapture %buf_2d_in_2, [8 x i16]* nocapture %buf_2d_in_3, [8 x i16]* nocapture %buf_2d_in_4, [8 x i16]* nocapture %buf_2d_in_5, [8 x i16]* nocapture %buf_2d_in_6, [8 x i16]* nocapture %buf_2d_in_7, [64 x i16]* nocapture %buf_2d_out) nounwind

]]></node>
<StgValue><ssdm name=""/></StgValue>
</operation>
</state>

<state id="4" st_id="4">

<operation id="20" st_id="4" stage="1" lat="1">
<core>NULL</core>
<MemPortIdVec></MemPortIdVec>
<condition id="23">
<or_exp><and_exp></and_exp></or_exp>
</condition>

<node id="11" bw="0" op_0_bw="0" op_1_bw="16">
<![CDATA[
:0  call void (...)* @_ssdm_op_SpecBitsMap([64 x i16]* %input_r) nounwind, !map !0

]]></node>
<StgValue><ssdm name=""/></StgValue>
</operation>

<operation id="21" st_id="4" stage="1" lat="1">
<core>NULL</core>
<MemPortIdVec></MemPortIdVec>
<condition id="23">
<or_exp><and_exp></and_exp></or_exp>
</condition>

<node id="12" bw="0" op_0_bw="0" op_1_bw="16">
<![CDATA[
:1  call void (...)* @_ssdm_op_SpecBitsMap([64 x i16]* %output_r) nounwind, !map !6

]]></node>
<StgValue><ssdm name=""/></StgValue>
</operation>

<operation id="22" st_id="4" stage="1" lat="1">
<core>NULL</core>
<MemPortIdVec></MemPortIdVec>
<condition id="23">
<or_exp><and_exp></and_exp></or_exp>
</condition>

<node id="13" bw="0" op_0_bw="0" op_1_bw="8">
<![CDATA[
:2  call void (...)* @_ssdm_op_SpecTopModule([4 x i8]* @str) nounwind

]]></node>
<StgValue><ssdm name=""/></StgValue>
</operation>

<operation id="23" st_id="4" stage="1" lat="2">
<core></core>
<MemPortIdVec></MemPortIdVec>
<condition id="23">
<or_exp><and_exp></and_exp></or_exp>
</condition>

<node id="24" bw="0" op_0_bw="0" op_1_bw="16" op_2_bw="16" op_3_bw="16" op_4_bw="16" op_5_bw="16" op_6_bw="16" op_7_bw="16" op_8_bw="16" op_9_bw="16">
<![CDATA[
:13  call fastcc void @dct_2d([8 x i16]* nocapture %buf_2d_in_0, [8 x i16]* nocapture %buf_2d_in_1, [8 x i16]* nocapture %buf_2d_in_2, [8 x i16]* nocapture %buf_2d_in_3, [8 x i16]* nocapture %buf_2d_in_4, [8 x i16]* nocapture %buf_2d_in_5, [8 x i16]* nocapture %buf_2d_in_6, [8 x i16]* nocapture %buf_2d_in_7, [64 x i16]* nocapture %buf_2d_out) nounwind

]]></node>
<StgValue><ssdm name=""/></StgValue>
</operation>

<operation id="24" st_id="4" stage="1" lat="1">
<core>NULL</core>
<MemPortIdVec></MemPortIdVec>
<condition id="23">
<or_exp><and_exp></and_exp></or_exp>
</condition>

<node id="25" bw="0" op_0_bw="0">
<![CDATA[
:14  br label %1

]]></node>
<StgValue><ssdm name=""/></StgValue>
</operation>
</state>

<state id="5" st_id="5">

<operation id="25" st_id="5" stage="1" lat="1">
<core>NULL</core>
<MemPortIdVec></MemPortIdVec>
<condition id="-1">
<or_exp><and_exp></and_exp></or_exp>
</condition>

<node id="27" bw="7" op_0_bw="7" op_1_bw="0">
<![CDATA[
:0  %indvar_flatten = phi i7 [ 0, %0 ], [ %indvar_flatten_next, %.reset ]

]]></node>
<StgValue><ssdm name="indvar_flatten"/></StgValue>
</operation>

<operation id="26" st_id="5" stage="1" lat="1">
<core>NULL</core>
<MemPortIdVec></MemPortIdVec>
<condition id="-1">
<or_exp><and_exp></and_exp></or_exp>
</condition>

<node id="28" bw="4" op_0_bw="4" op_1_bw="0">
<![CDATA[
:1  %r_i = phi i4 [ 0, %0 ], [ %r_i_mid2, %.reset ]

]]></node>
<StgValue><ssdm name="r_i"/></StgValue>
</operation>

<operation id="27" st_id="5" stage="1" lat="1">
<core>NULL</core>
<MemPortIdVec></MemPortIdVec>
<condition id="-1">
<or_exp><and_exp></and_exp></or_exp>
</condition>

<node id="29" bw="4" op_0_bw="4" op_1_bw="0">
<![CDATA[
:2  %c_i = phi i4 [ 0, %0 ], [ %c, %.reset ]

]]></node>
<StgValue><ssdm name="c_i"/></StgValue>
</operation>

<operation id="28" st_id="5" stage="1" lat="1">
<core>Cmp</core>
<MemPortIdVec></MemPortIdVec>
<condition id="-1">
<or_exp><and_exp></and_exp></or_exp>
</condition>

<node id="30" bw="1" op_0_bw="7" op_1_bw="7">
<![CDATA[
:3  %exitcond_flatten = icmp eq i7 %indvar_flatten, -64

]]></node>
<StgValue><ssdm name="exitcond_flatten"/></StgValue>
</operation>

<operation id="29" st_id="5" stage="1" lat="1">
<core>AddSub</core>
<MemPortIdVec></MemPortIdVec>
<condition id="-1">
<or_exp><and_exp></and_exp></or_exp>
</condition>

<node id="31" bw="7" op_0_bw="7" op_1_bw="7">
<![CDATA[
:4  %indvar_flatten_next = add i7 %indvar_flatten, 1

]]></node>
<StgValue><ssdm name="indvar_flatten_next"/></StgValue>
</operation>

<operation id="30" st_id="5" stage="1" lat="1">
<core>NULL</core>
<MemPortIdVec></MemPortIdVec>
<condition id="-1">
<or_exp><and_exp></and_exp></or_exp>
</condition>

<node id="32" bw="0" op_0_bw="1" op_1_bw="0" op_2_bw="0">
<![CDATA[
:5  br i1 %exitcond_flatten, label %write_data.exit, label %.reset

]]></node>
<StgValue><ssdm name=""/></StgValue>
</operation>

<operation id="31" st_id="5" stage="1" lat="1">
<core>Cmp</core>
<MemPortIdVec></MemPortIdVec>
<condition id="0">
<or_exp><and_exp><literal name="exitcond_flatten" val="0"/>
</and_exp></or_exp>
</condition>

<node id="36" bw="1" op_0_bw="4" op_1_bw="4">
<![CDATA[
.reset:2  %exitcond_i5 = icmp eq i4 %c_i, -8

]]></node>
<StgValue><ssdm name="exitcond_i5"/></StgValue>
</operation>

<operation id="32" st_id="5" stage="1" lat="1">
<core>Sel</core>
<MemPortIdVec></MemPortIdVec>
<condition id="0">
<or_exp><and_exp><literal name="exitcond_flatten" val="0"/>
</and_exp></or_exp>
</condition>

<node id="37" bw="4" op_0_bw="1" op_1_bw="4" op_2_bw="4">
<![CDATA[
.reset:3  %c_i_mid2 = select i1 %exitcond_i5, i4 0, i4 %c_i

]]></node>
<StgValue><ssdm name="c_i_mid2"/></StgValue>
</operation>

<operation id="33" st_id="5" stage="1" lat="1">
<core>AddSub</core>
<MemPortIdVec></MemPortIdVec>
<condition id="0">
<or_exp><and_exp><literal name="exitcond_flatten" val="0"/>
</and_exp></or_exp>
</condition>

<node id="38" bw="4" op_0_bw="4" op_1_bw="4">
<![CDATA[
.reset:4  %r3 = add i4 %r_i, 1

]]></node>
<StgValue><ssdm name="r3"/></StgValue>
</operation>

<operation id="34" st_id="5" stage="1" lat="1">
<core>Sel</core>
<MemPortIdVec></MemPortIdVec>
<condition id="0">
<or_exp><and_exp><literal name="exitcond_flatten" val="0"/>
</and_exp></or_exp>
</condition>

<node id="39" bw="4" op_0_bw="1" op_1_bw="4" op_2_bw="4">
<![CDATA[
.reset:5  %r_i_mid2 = select i1 %exitcond_i5, i4 %r3, i4 %r_i

]]></node>
<StgValue><ssdm name="r_i_mid2"/></StgValue>
</operation>

<operation id="35" st_id="5" stage="1" lat="1">
<core>NULL</core>
<MemPortIdVec></MemPortIdVec>
<condition id="0">
<or_exp><and_exp><literal name="exitcond_flatten" val="0"/>
</and_exp></or_exp>
</condition>

<node id="40" bw="3" op_0_bw="4">
<![CDATA[
.reset:6  %tmp = trunc i4 %r_i_mid2 to i3

]]></node>
<StgValue><ssdm name="tmp"/></StgValue>
</operation>

<operation id="36" st_id="5" stage="1" lat="1">
<core>NULL</core>
<MemPortIdVec></MemPortIdVec>
<condition id="0">
<or_exp><and_exp><literal name="exitcond_flatten" val="0"/>
</and_exp></or_exp>
</condition>

<node id="41" bw="6" op_0_bw="6" op_1_bw="3" op_2_bw="3">
<![CDATA[
.reset:7  %tmp_i = call i6 @_ssdm_op_BitConcatenate.i6.i3.i3(i3 %tmp, i3 0)

]]></node>
<StgValue><ssdm name="tmp_i"/></StgValue>
</operation>

<operation id="37" st_id="5" stage="1" lat="1">
<core>NULL</core>
<MemPortIdVec></MemPortIdVec>
<condition id="0">
<or_exp><and_exp><literal name="exitcond_flatten" val="0"/>
</and_exp></or_exp>
</condition>

<node id="42" bw="6" op_0_bw="4">
<![CDATA[
.reset:8  %c_i_cast2 = zext i4 %c_i_mid2 to i6

]]></node>
<StgValue><ssdm name="c_i_cast2"/></StgValue>
</operation>

<operation id="38" st_id="5" stage="1" lat="1">
<core>NULL</core>
<MemPortIdVec></MemPortIdVec>
<condition id="0">
<or_exp><and_exp><literal name="exitcond_flatten" val="0"/>
</and_exp></or_exp>
</condition>

<node id="43" bw="8" op_0_bw="4">
<![CDATA[
.reset:9  %c_i_cast1_cast = zext i4 %c_i_mid2 to i8

]]></node>
<StgValue><ssdm name="c_i_cast1_cast"/></StgValue>
</operation>

<operation id="39" st_id="5" stage="1" lat="1">
<core>NULL</core>
<MemPortIdVec></MemPortIdVec>
<condition id="0">
<or_exp><and_exp><literal name="exitcond_flatten" val="0"/>
</and_exp></or_exp>
</condition>

<node id="47" bw="7" op_0_bw="7" op_1_bw="4" op_2_bw="3">
<![CDATA[
.reset:13  %tmp_1 = call i7 @_ssdm_op_BitConcatenate.i7.i4.i3(i4 %r_i_mid2, i3 0)

]]></node>
<StgValue><ssdm name="tmp_1"/></StgValue>
</operation>

<operation id="40" st_id="5" stage="1" lat="1">
<core>NULL</core>
<MemPortIdVec></MemPortIdVec>
<condition id="0">
<or_exp><and_exp><literal name="exitcond_flatten" val="0"/>
</and_exp></or_exp>
</condition>

<node id="48" bw="8" op_0_bw="7">
<![CDATA[
.reset:14  %p_addr_cast = zext i7 %tmp_1 to i8

]]></node>
<StgValue><ssdm name="p_addr_cast"/></StgValue>
</operation>

<operation id="41" st_id="5" stage="1" lat="1">
<core>AddSub</core>
<MemPortIdVec></MemPortIdVec>
<condition id="0">
<or_exp><and_exp><literal name="exitcond_flatten" val="0"/>
</and_exp></or_exp>
</condition>

<node id="49" bw="8" op_0_bw="8" op_1_bw="8">
<![CDATA[
.reset:15  %p_addr2 = add i8 %p_addr_cast, %c_i_cast1_cast

]]></node>
<StgValue><ssdm name="p_addr2"/></StgValue>
</operation>

<operation id="42" st_id="5" stage="1" lat="1">
<core>NULL</core>
<MemPortIdVec></MemPortIdVec>
<condition id="0">
<or_exp><and_exp><literal name="exitcond_flatten" val="0"/>
</and_exp></or_exp>
</condition>

<node id="50" bw="32" op_0_bw="8">
<![CDATA[
.reset:16  %p_addr2_cast = zext i8 %p_addr2 to i32

]]></node>
<StgValue><ssdm name="p_addr2_cast"/></StgValue>
</operation>

<operation id="43" st_id="5" stage="1" lat="1">
<core>NULL</core>
<MemPortIdVec></MemPortIdVec>
<condition id="0">
<or_exp><and_exp><literal name="exitcond_flatten" val="0"/>
</and_exp></or_exp>
</condition>

<node id="51" bw="6" op_0_bw="16" op_1_bw="32" op_2_bw="32">
<![CDATA[
.reset:17  %buf_2d_out_addr = getelementptr [64 x i16]* %buf_2d_out, i32 0, i32 %p_addr2_cast

]]></node>
<StgValue><ssdm name="buf_2d_out_addr"/></StgValue>
</operation>

<operation id="44" st_id="5" stage="2" lat="2">
<core>RAM</core>
<MemPortIdVec>0 </MemPortIdVec>
<condition id="0">
<or_exp><and_exp><literal name="exitcond_flatten" val="0"/>
</and_exp></or_exp>
</condition>

<node id="52" bw="16" op_0_bw="6">
<![CDATA[
.reset:18  %buf_2d_out_load = load i16* %buf_2d_out_addr, align 2

]]></node>
<StgValue><ssdm name="buf_2d_out_load"/></StgValue>
</operation>

<operation id="45" st_id="5" stage="1" lat="1">
<core>AddSub</core>
<MemPortIdVec></MemPortIdVec>
<condition id="0">
<or_exp><and_exp><literal name="exitcond_flatten" val="0"/>
</and_exp></or_exp>
</condition>

<node id="53" bw="6" op_0_bw="6" op_1_bw="6">
<![CDATA[
.reset:19  %sum3_i = add i6 %c_i_cast2, %tmp_i

]]></node>
<StgValue><ssdm name="sum3_i"/></StgValue>
</operation>

<operation id="46" st_id="5" stage="1" lat="1">
<core>AddSub</core>
<MemPortIdVec></MemPortIdVec>
<condition id="0">
<or_exp><and_exp><literal name="exitcond_flatten" val="0"/>
</and_exp></or_exp>
</condition>

<node id="58" bw="4" op_0_bw="4" op_1_bw="4">
<![CDATA[
.reset:24  %c = add i4 %c_i_mid2, 1

]]></node>
<StgValue><ssdm name="c"/></StgValue>
</operation>
</state>

<state id="6" st_id="6">

<operation id="47" st_id="6" stage="1" lat="1">
<core>NULL</core>
<MemPortIdVec></MemPortIdVec>
<condition id="0">
<or_exp><and_exp><literal name="exitcond_flatten" val="0"/>
</and_exp></or_exp>
</condition>

<node id="34" bw="0" op_0_bw="0" op_1_bw="8">
<![CDATA[
.reset:0  call void (...)* @_ssdm_op_SpecLoopName([24 x i8]* @str1)

]]></node>
<StgValue><ssdm name=""/></StgValue>
</operation>

<operation id="48" st_id="6" stage="1" lat="1">
<core>NULL</core>
<MemPortIdVec></MemPortIdVec>
<condition id="0">
<or_exp><and_exp><literal name="exitcond_flatten" val="0"/>
</and_exp></or_exp>
</condition>

<node id="35" bw="32" op_0_bw="32" op_1_bw="64" op_2_bw="64" op_3_bw="64">
<![CDATA[
.reset:1  %empty = call i32 (...)* @_ssdm_op_SpecLoopTripCount(i64 64, i64 64, i64 64) nounwind

]]></node>
<StgValue><ssdm name="empty"/></StgValue>
</operation>

<operation id="49" st_id="6" stage="1" lat="1">
<core>NULL</core>
<MemPortIdVec></MemPortIdVec>
<condition id="0">
<or_exp><and_exp><literal name="exitcond_flatten" val="0"/>
</and_exp></or_exp>
</condition>

<node id="44" bw="0" op_0_bw="0" op_1_bw="8">
<![CDATA[
.reset:10  call void (...)* @_ssdm_op_SpecLoopName([12 x i8]* @p_str13) nounwind

]]></node>
<StgValue><ssdm name=""/></StgValue>
</operation>

<operation id="50" st_id="6" stage="1" lat="1">
<core>NULL</core>
<MemPortIdVec></MemPortIdVec>
<condition id="0">
<or_exp><and_exp><literal name="exitcond_flatten" val="0"/>
</and_exp></or_exp>
</condition>

<node id="45" bw="32" op_0_bw="32" op_1_bw="8">
<![CDATA[
.reset:11  %tmp_2_i = call i32 (...)* @_ssdm_op_SpecRegionBegin([12 x i8]* @p_str13) nounwind

]]></node>
<StgValue><ssdm name="tmp_2_i"/></StgValue>
</operation>

<operation id="51" st_id="6" stage="1" lat="1">
<core>NULL</core>
<MemPortIdVec></MemPortIdVec>
<condition id="0">
<or_exp><and_exp><literal name="exitcond_flatten" val="0"/>
</and_exp></or_exp>
</condition>

<node id="46" bw="0" op_0_bw="0" op_1_bw="32" op_2_bw="32" op_3_bw="32" op_4_bw="8">
<![CDATA[
.reset:12  call void (...)* @_ssdm_op_SpecPipeline(i32 1, i32 1, i32 1, [1 x i8]* @p_str1) nounwind

]]></node>
<StgValue><ssdm name=""/></StgValue>
</operation>

<operation id="52" st_id="6" stage="1" lat="2">
<core>RAM</core>
<MemPortIdVec>0 </MemPortIdVec>
<condition id="0">
<or_exp><and_exp><literal name="exitcond_flatten" val="0"/>
</and_exp></or_exp>
</condition>

<node id="52" bw="16" op_0_bw="6">
<![CDATA[
.reset:18  %buf_2d_out_load = load i16* %buf_2d_out_addr, align 2

]]></node>
<StgValue><ssdm name="buf_2d_out_load"/></StgValue>
</operation>

<operation id="53" st_id="6" stage="1" lat="1">
<core>NULL</core>
<MemPortIdVec></MemPortIdVec>
<condition id="0">
<or_exp><and_exp><literal name="exitcond_flatten" val="0"/>
</and_exp></or_exp>
</condition>

<node id="54" bw="32" op_0_bw="6">
<![CDATA[
.reset:20  %sum3_i_cast = zext i6 %sum3_i to i32

]]></node>
<StgValue><ssdm name="sum3_i_cast"/></StgValue>
</operation>

<operation id="54" st_id="6" stage="1" lat="1">
<core>NULL</core>
<MemPortIdVec></MemPortIdVec>
<condition id="0">
<or_exp><and_exp><literal name="exitcond_flatten" val="0"/>
</and_exp></or_exp>
</condition>

<node id="55" bw="6" op_0_bw="16" op_1_bw="32" op_2_bw="32">
<![CDATA[
.reset:21  %output_addr = getelementptr [64 x i16]* %output_r, i32 0, i32 %sum3_i_cast

]]></node>
<StgValue><ssdm name="output_addr"/></StgValue>
</operation>

<operation id="55" st_id="6" stage="1" lat="1">
<core>RAM</core>
<MemPortIdVec>0 </MemPortIdVec>
<condition id="0">
<or_exp><and_exp><literal name="exitcond_flatten" val="0"/>
</and_exp></or_exp>
</condition>

<node id="56" bw="0" op_0_bw="16" op_1_bw="6">
<![CDATA[
.reset:22  store i16 %buf_2d_out_load, i16* %output_addr, align 2

]]></node>
<StgValue><ssdm name=""/></StgValue>
</operation>

<operation id="56" st_id="6" stage="1" lat="1">
<core>NULL</core>
<MemPortIdVec></MemPortIdVec>
<condition id="0">
<or_exp><and_exp><literal name="exitcond_flatten" val="0"/>
</and_exp></or_exp>
</condition>

<node id="57" bw="32" op_0_bw="32" op_1_bw="8" op_2_bw="32">
<![CDATA[
.reset:23  %empty_15 = call i32 (...)* @_ssdm_op_SpecRegionEnd([12 x i8]* @p_str13, i32 %tmp_2_i) nounwind

]]></node>
<StgValue><ssdm name="empty_15"/></StgValue>
</operation>

<operation id="57" st_id="6" stage="1" lat="1">
<core>NULL</core>
<MemPortIdVec></MemPortIdVec>
<condition id="0">
<or_exp><and_exp><literal name="exitcond_flatten" val="0"/>
</and_exp></or_exp>
</condition>

<node id="59" bw="0" op_0_bw="0">
<![CDATA[
.reset:25  br label %1

]]></node>
<StgValue><ssdm name=""/></StgValue>
</operation>
</state>

<state id="7" st_id="7">

<operation id="58" st_id="7" stage="1" lat="1">
<core>NULL</core>
<MemPortIdVec></MemPortIdVec>
<condition id="24">
<or_exp><and_exp></and_exp></or_exp>
</condition>

<node id="61" bw="0">
<![CDATA[
write_data.exit:0  ret void

]]></node>
<StgValue><ssdm name=""/></StgValue>
</operation>
</state>
</state_list>


<ports>
<port id="71" name="input_r" dir="0" iftype="1">
<core>RAM</core><StgValue><ssdm name="input_r"/><MemPortTyVec>1 3 </MemPortTyVec>
</StgValue>
</port>
<port id="72" name="output_r" dir="1" iftype="1">
<core>RAM</core><StgValue><ssdm name="output_r"/><MemPortTyVec>0 3 </MemPortTyVec>
</StgValue>
</port>
<port id="73" name="dct_coeff_table_0" dir="0" iftype="1">
<core>ROM_nP</core><StgValue><ssdm name="dct_coeff_table_0"/><MemPortTyVec>1 </MemPortTyVec>
</StgValue>
</port>
<port id="74" name="dct_coeff_table_1" dir="0" iftype="1">
<core>ROM_nP</core><StgValue><ssdm name="dct_coeff_table_1"/><MemPortTyVec>1 </MemPortTyVec>
</StgValue>
</port>
<port id="75" name="dct_coeff_table_2" dir="0" iftype="1">
<core>ROM_nP</core><StgValue><ssdm name="dct_coeff_table_2"/><MemPortTyVec>1 </MemPortTyVec>
</StgValue>
</port>
<port id="76" name="dct_coeff_table_3" dir="0" iftype="1">
<core>ROM_nP</core><StgValue><ssdm name="dct_coeff_table_3"/><MemPortTyVec>1 </MemPortTyVec>
</StgValue>
</port>
<port id="77" name="dct_coeff_table_4" dir="0" iftype="1">
<core>ROM_nP</core><StgValue><ssdm name="dct_coeff_table_4"/><MemPortTyVec>1 </MemPortTyVec>
</StgValue>
</port>
<port id="78" name="dct_coeff_table_5" dir="0" iftype="1">
<core>ROM_nP</core><StgValue><ssdm name="dct_coeff_table_5"/><MemPortTyVec>1 </MemPortTyVec>
</StgValue>
</port>
<port id="79" name="dct_coeff_table_6" dir="0" iftype="1">
<core>ROM_nP</core><StgValue><ssdm name="dct_coeff_table_6"/><MemPortTyVec>1 </MemPortTyVec>
</StgValue>
</port>
<port id="80" name="dct_coeff_table_7" dir="0" iftype="1">
<core>ROM_nP</core><StgValue><ssdm name="dct_coeff_table_7"/><MemPortTyVec>1 </MemPortTyVec>
</StgValue>
</port>
</ports>


<dataflows>
<dataflow id="82" from="stg_81" to="buf_2d_in_0" fromId="81" toId="8">
</dataflow>
<dataflow id="83" from="stg_81" to="buf_2d_in_1" fromId="81" toId="9">
</dataflow>
<dataflow id="84" from="stg_81" to="buf_2d_in_2" fromId="81" toId="10">
</dataflow>
<dataflow id="85" from="stg_81" to="buf_2d_in_3" fromId="81" toId="11">
</dataflow>
<dataflow id="86" from="stg_81" to="buf_2d_in_4" fromId="81" toId="12">
</dataflow>
<dataflow id="87" from="stg_81" to="buf_2d_in_5" fromId="81" toId="13">
</dataflow>
<dataflow id="88" from="stg_81" to="buf_2d_in_6" fromId="81" toId="14">
</dataflow>
<dataflow id="89" from="stg_81" to="buf_2d_in_7" fromId="81" toId="15">
</dataflow>
<dataflow id="90" from="stg_81" to="buf_2d_out" fromId="81" toId="16">
</dataflow>
<dataflow id="92" from="read_data" to="stg_17" fromId="91" toId="17">
</dataflow>
<dataflow id="93" from="input_r" to="stg_17" fromId="71" toId="17">
</dataflow>
<dataflow id="94" from="buf_2d_in_0" to="stg_17" fromId="8" toId="17">
</dataflow>
<dataflow id="95" from="buf_2d_in_1" to="stg_17" fromId="9" toId="17">
</dataflow>
<dataflow id="96" from="buf_2d_in_2" to="stg_17" fromId="10" toId="17">
</dataflow>
<dataflow id="97" from="buf_2d_in_3" to="stg_17" fromId="11" toId="17">
</dataflow>
<dataflow id="98" from="buf_2d_in_4" to="stg_17" fromId="12" toId="17">
</dataflow>
<dataflow id="99" from="buf_2d_in_5" to="stg_17" fromId="13" toId="17">
</dataflow>
<dataflow id="100" from="buf_2d_in_6" to="stg_17" fromId="14" toId="17">
</dataflow>
<dataflow id="101" from="buf_2d_in_7" to="stg_17" fromId="15" toId="17">
</dataflow>
<dataflow id="102" from="read_data" to="stg_18" fromId="91" toId="18">
</dataflow>
<dataflow id="103" from="input_r" to="stg_18" fromId="71" toId="18">
</dataflow>
<dataflow id="104" from="buf_2d_in_0" to="stg_18" fromId="8" toId="18">
</dataflow>
<dataflow id="105" from="buf_2d_in_1" to="stg_18" fromId="9" toId="18">
</dataflow>
<dataflow id="106" from="buf_2d_in_2" to="stg_18" fromId="10" toId="18">
</dataflow>
<dataflow id="107" from="buf_2d_in_3" to="stg_18" fromId="11" toId="18">
</dataflow>
<dataflow id="108" from="buf_2d_in_4" to="stg_18" fromId="12" toId="18">
</dataflow>
<dataflow id="109" from="buf_2d_in_5" to="stg_18" fromId="13" toId="18">
</dataflow>
<dataflow id="110" from="buf_2d_in_6" to="stg_18" fromId="14" toId="18">
</dataflow>
<dataflow id="111" from="buf_2d_in_7" to="stg_18" fromId="15" toId="18">
</dataflow>
<dataflow id="113" from="dct_2d" to="stg_19" fromId="112" toId="19">
</dataflow>
<dataflow id="114" from="buf_2d_in_0" to="stg_19" fromId="8" toId="19">
</dataflow>
<dataflow id="115" from="buf_2d_in_1" to="stg_19" fromId="9" toId="19">
</dataflow>
<dataflow id="116" from="buf_2d_in_2" to="stg_19" fromId="10" toId="19">
</dataflow>
<dataflow id="117" from="buf_2d_in_3" to="stg_19" fromId="11" toId="19">
</dataflow>
<dataflow id="118" from="buf_2d_in_4" to="stg_19" fromId="12" toId="19">
</dataflow>
<dataflow id="119" from="buf_2d_in_5" to="stg_19" fromId="13" toId="19">
</dataflow>
<dataflow id="120" from="buf_2d_in_6" to="stg_19" fromId="14" toId="19">
</dataflow>
<dataflow id="121" from="buf_2d_in_7" to="stg_19" fromId="15" toId="19">
</dataflow>
<dataflow id="122" from="buf_2d_out" to="stg_19" fromId="16" toId="19">
</dataflow>
<dataflow id="123" from="dct_coeff_table_0" to="stg_19" fromId="73" toId="19">
</dataflow>
<dataflow id="124" from="dct_coeff_table_1" to="stg_19" fromId="74" toId="19">
</dataflow>
<dataflow id="125" from="dct_coeff_table_2" to="stg_19" fromId="75" toId="19">
</dataflow>
<dataflow id="126" from="dct_coeff_table_3" to="stg_19" fromId="76" toId="19">
</dataflow>
<dataflow id="127" from="dct_coeff_table_4" to="stg_19" fromId="77" toId="19">
</dataflow>
<dataflow id="128" from="dct_coeff_table_5" to="stg_19" fromId="78" toId="19">
</dataflow>
<dataflow id="129" from="dct_coeff_table_6" to="stg_19" fromId="79" toId="19">
</dataflow>
<dataflow id="130" from="dct_coeff_table_7" to="stg_19" fromId="80" toId="19">
</dataflow>
<dataflow id="132" from="_ssdm_op_SpecBitsMap" to="stg_20" fromId="131" toId="20">
</dataflow>
<dataflow id="133" from="input_r" to="stg_20" fromId="71" toId="20">
</dataflow>
<dataflow id="134" from="_ssdm_op_SpecBitsMap" to="stg_21" fromId="131" toId="21">
</dataflow>
<dataflow id="135" from="output_r" to="stg_21" fromId="72" toId="21">
</dataflow>
<dataflow id="137" from="_ssdm_op_SpecTopModule" to="stg_22" fromId="136" toId="22">
</dataflow>
<dataflow id="139" from="str" to="stg_22" fromId="138" toId="22">
</dataflow>
<dataflow id="140" from="dct_2d" to="stg_23" fromId="112" toId="23">
</dataflow>
<dataflow id="141" from="buf_2d_in_0" to="stg_23" fromId="8" toId="23">
</dataflow>
<dataflow id="142" from="buf_2d_in_1" to="stg_23" fromId="9" toId="23">
</dataflow>
<dataflow id="143" from="buf_2d_in_2" to="stg_23" fromId="10" toId="23">
</dataflow>
<dataflow id="144" from="buf_2d_in_3" to="stg_23" fromId="11" toId="23">
</dataflow>
<dataflow id="145" from="buf_2d_in_4" to="stg_23" fromId="12" toId="23">
</dataflow>
<dataflow id="146" from="buf_2d_in_5" to="stg_23" fromId="13" toId="23">
</dataflow>
<dataflow id="147" from="buf_2d_in_6" to="stg_23" fromId="14" toId="23">
</dataflow>
<dataflow id="148" from="buf_2d_in_7" to="stg_23" fromId="15" toId="23">
</dataflow>
<dataflow id="149" from="buf_2d_out" to="stg_23" fromId="16" toId="23">
</dataflow>
<dataflow id="150" from="dct_coeff_table_0" to="stg_23" fromId="73" toId="23">
</dataflow>
<dataflow id="151" from="dct_coeff_table_1" to="stg_23" fromId="74" toId="23">
</dataflow>
<dataflow id="152" from="dct_coeff_table_2" to="stg_23" fromId="75" toId="23">
</dataflow>
<dataflow id="153" from="dct_coeff_table_3" to="stg_23" fromId="76" toId="23">
</dataflow>
<dataflow id="154" from="dct_coeff_table_4" to="stg_23" fromId="77" toId="23">
</dataflow>
<dataflow id="155" from="dct_coeff_table_5" to="stg_23" fromId="78" toId="23">
</dataflow>
<dataflow id="156" from="dct_coeff_table_6" to="stg_23" fromId="79" toId="23">
</dataflow>
<dataflow id="157" from="dct_coeff_table_7" to="stg_23" fromId="80" toId="23">
</dataflow>
<dataflow id="159" from="stg_158" to="indvar_flatten" fromId="158" toId="25">
<condition id="46">
<or_exp><and_exp></and_exp></or_exp>
</condition>
</dataflow>
<dataflow id="160" from="stg_24" to="indvar_flatten" fromId="24" toId="25">
</dataflow>
<dataflow id="161" from="indvar_flatten_next" to="indvar_flatten" fromId="29" toId="25">
<BackEdge/>
<condition id="47">
<or_exp><and_exp><literal name="exitcond_flatten" val="0"/>
</and_exp></or_exp>
</condition>
</dataflow>
<dataflow id="162" from="stg_57" to="indvar_flatten" fromId="57" toId="25">
<BackEdge/>
</dataflow>
<dataflow id="164" from="stg_163" to="r_i" fromId="163" toId="26">
<condition id="48">
<or_exp><and_exp></and_exp></or_exp>
</condition>
</dataflow>
<dataflow id="165" from="stg_24" to="r_i" fromId="24" toId="26">
</dataflow>
<dataflow id="166" from="r_i_mid2" to="r_i" fromId="34" toId="26">
<BackEdge/>
<condition id="49">
<or_exp><and_exp><literal name="exitcond_flatten" val="0"/>
</and_exp></or_exp>
</condition>
</dataflow>
<dataflow id="167" from="stg_57" to="r_i" fromId="57" toId="26">
<BackEdge/>
</dataflow>
<dataflow id="168" from="stg_163" to="c_i" fromId="163" toId="27">
<condition id="50">
<or_exp><and_exp></and_exp></or_exp>
</condition>
</dataflow>
<dataflow id="169" from="stg_24" to="c_i" fromId="24" toId="27">
</dataflow>
<dataflow id="170" from="c" to="c_i" fromId="46" toId="27">
<BackEdge/>
<condition id="51">
<or_exp><and_exp><literal name="exitcond_flatten" val="0"/>
</and_exp></or_exp>
</condition>
</dataflow>
<dataflow id="171" from="stg_57" to="c_i" fromId="57" toId="27">
<BackEdge/>
</dataflow>
<dataflow id="172" from="indvar_flatten" to="exitcond_flatten" fromId="25" toId="28">
</dataflow>
<dataflow id="174" from="stg_173" to="exitcond_flatten" fromId="173" toId="28">
</dataflow>
<dataflow id="175" from="indvar_flatten" to="indvar_flatten_next" fromId="25" toId="29">
</dataflow>
<dataflow id="177" from="stg_176" to="indvar_flatten_next" fromId="176" toId="29">
</dataflow>
<dataflow id="178" from="exitcond_flatten" to="stg_30" fromId="28" toId="30">
</dataflow>
<dataflow id="179" from="c_i" to="exitcond_i5" fromId="27" toId="31">
</dataflow>
<dataflow id="181" from="stg_180" to="exitcond_i5" fromId="180" toId="31">
</dataflow>
<dataflow id="182" from="exitcond_i5" to="c_i_mid2" fromId="31" toId="32">
</dataflow>
<dataflow id="183" from="stg_163" to="c_i_mid2" fromId="163" toId="32">
</dataflow>
<dataflow id="184" from="c_i" to="c_i_mid2" fromId="27" toId="32">
</dataflow>
<dataflow id="185" from="r_i" to="r3" fromId="26" toId="33">
</dataflow>
<dataflow id="187" from="stg_186" to="r3" fromId="186" toId="33">
</dataflow>
<dataflow id="188" from="exitcond_i5" to="r_i_mid2" fromId="31" toId="34">
</dataflow>
<dataflow id="189" from="r3" to="r_i_mid2" fromId="33" toId="34">
</dataflow>
<dataflow id="190" from="r_i" to="r_i_mid2" fromId="26" toId="34">
</dataflow>
<dataflow id="191" from="r_i_mid2" to="tmp" fromId="34" toId="35">
</dataflow>
<dataflow id="193" from="_ssdm_op_BitConcatenate.i6.i3.i3" to="tmp_i" fromId="192" toId="36">
</dataflow>
<dataflow id="194" from="tmp" to="tmp_i" fromId="35" toId="36">
</dataflow>
<dataflow id="196" from="stg_195" to="tmp_i" fromId="195" toId="36">
</dataflow>
<dataflow id="197" from="c_i_mid2" to="c_i_cast2" fromId="32" toId="37">
</dataflow>
<dataflow id="198" from="c_i_mid2" to="c_i_cast1_cast" fromId="32" toId="38">
</dataflow>
<dataflow id="200" from="_ssdm_op_BitConcatenate.i7.i4.i3" to="tmp_1" fromId="199" toId="39">
</dataflow>
<dataflow id="201" from="r_i_mid2" to="tmp_1" fromId="34" toId="39">
</dataflow>
<dataflow id="202" from="stg_195" to="tmp_1" fromId="195" toId="39">
</dataflow>
<dataflow id="203" from="tmp_1" to="p_addr_cast" fromId="39" toId="40">
</dataflow>
<dataflow id="204" from="p_addr_cast" to="p_addr2" fromId="40" toId="41">
</dataflow>
<dataflow id="205" from="c_i_cast1_cast" to="p_addr2" fromId="38" toId="41">
</dataflow>
<dataflow id="206" from="p_addr2" to="p_addr2_cast" fromId="41" toId="42">
</dataflow>
<dataflow id="207" from="buf_2d_out" to="buf_2d_out_addr" fromId="16" toId="43">
</dataflow>
<dataflow id="209" from="stg_208" to="buf_2d_out_addr" fromId="208" toId="43">
</dataflow>
<dataflow id="210" from="p_addr2_cast" to="buf_2d_out_addr" fromId="42" toId="43">
</dataflow>
<dataflow id="211" from="buf_2d_out_addr" to="buf_2d_out_load" fromId="43" toId="44">
</dataflow>
<dataflow id="212" from="c_i_cast2" to="sum3_i" fromId="37" toId="45">
</dataflow>
<dataflow id="213" from="tmp_i" to="sum3_i" fromId="36" toId="45">
</dataflow>
<dataflow id="214" from="c_i_mid2" to="c" fromId="32" toId="46">
</dataflow>
<dataflow id="215" from="stg_186" to="c" fromId="186" toId="46">
</dataflow>
<dataflow id="217" from="_ssdm_op_SpecLoopName" to="stg_47" fromId="216" toId="47">
</dataflow>
<dataflow id="219" from="str1" to="stg_47" fromId="218" toId="47">
</dataflow>
<dataflow id="221" from="_ssdm_op_SpecLoopTripCount" to="empty" fromId="220" toId="48">
</dataflow>
<dataflow id="223" from="stg_222" to="empty" fromId="222" toId="48">
</dataflow>
<dataflow id="224" from="stg_222" to="empty" fromId="222" toId="48">
</dataflow>
<dataflow id="225" from="stg_222" to="empty" fromId="222" toId="48">
</dataflow>
<dataflow id="226" from="_ssdm_op_SpecLoopName" to="stg_49" fromId="216" toId="49">
</dataflow>
<dataflow id="228" from="p_str13" to="stg_49" fromId="227" toId="49">
</dataflow>
<dataflow id="230" from="_ssdm_op_SpecRegionBegin" to="tmp_2_i" fromId="229" toId="50">
</dataflow>
<dataflow id="231" from="p_str13" to="tmp_2_i" fromId="227" toId="50">
</dataflow>
<dataflow id="233" from="_ssdm_op_SpecPipeline" to="stg_51" fromId="232" toId="51">
</dataflow>
<dataflow id="234" from="stg_81" to="stg_51" fromId="81" toId="51">
</dataflow>
<dataflow id="235" from="stg_81" to="stg_51" fromId="81" toId="51">
</dataflow>
<dataflow id="236" from="stg_81" to="stg_51" fromId="81" toId="51">
</dataflow>
<dataflow id="238" from="p_str1" to="stg_51" fromId="237" toId="51">
</dataflow>
<dataflow id="239" from="buf_2d_out_addr" to="buf_2d_out_load" fromId="43" toId="52">
</dataflow>
<dataflow id="240" from="sum3_i" to="sum3_i_cast" fromId="45" toId="53">
</dataflow>
<dataflow id="241" from="output_r" to="output_addr" fromId="72" toId="54">
</dataflow>
<dataflow id="242" from="stg_208" to="output_addr" fromId="208" toId="54">
</dataflow>
<dataflow id="243" from="sum3_i_cast" to="output_addr" fromId="53" toId="54">
</dataflow>
<dataflow id="244" from="buf_2d_out_load" to="stg_55" fromId="52" toId="55">
</dataflow>
<dataflow id="245" from="output_addr" to="stg_55" fromId="54" toId="55">
</dataflow>
<dataflow id="247" from="_ssdm_op_SpecRegionEnd" to="empty_15" fromId="246" toId="56">
</dataflow>
<dataflow id="248" from="p_str13" to="empty_15" fromId="227" toId="56">
</dataflow>
<dataflow id="249" from="tmp_2_i" to="empty_15" fromId="50" toId="56">
</dataflow>
<dataflow id="250" from="exitcond_flatten" to="stg_5" fromId="28" toId="5">
</dataflow>
<dataflow id="251" from="exitcond_flatten" to="stg_6" fromId="28" toId="6">
</dataflow>
</dataflows>


</stg>
