<profile>

<section name = "Vivado HLS Report for 'dct'" level="0">
<item name = "Date">Sat Jan 04 13:45:57 2014
</item>
<item name = "Version">2013.3 (build date: Wed Oct 16 18:12:55 PM 2013)</item>
<item name = "Project">dct_prj</item>
<item name = "Solution">solution4</item>
<item name = "Product family">artix7 artix7_fpv6 </item>
<item name = "Target device">xc7a100tcsg324-1</item>
</section>

<section name = "Performance Estimates" level="0">
<item name = "Timing (ns)">
<section name = "" level="1">
<item name = "Summary"><table name="" hasTotal="0">
<keys size="4">Clock, Target, Estimated, Uncertainty</keys>
<column name="default">10.00, 7.76, 1.25</column>
</table>
</item>
</section>
</item>
<item name = "Latency (clock cycles)">
<section name = "" level="1">
<item name = "Summary"><table name="" hasTotal="0">
<keys size="6">, min, max, min, max, Type</keys>
<column name="">508, 508, 509, 509, none</column>
</table>
</item>
<item name = "Detail">
<section name = "" level="1">
<item name = "Instance"><table name="" hasTotal="0">
<keys size="7">Instance, Module, min, max, min, max, Type</keys>
<column name="grp_dct_2d_fu_164">dct_2d, 373, 373, 373, 373, none</column>
<column name="grp_read_data_fu_193">read_data, 66, 66, 66, 66, none</column>
</table>
</item>
<item name = "Loop"><table name="" hasTotal="0">
<keys size="8">Loop Name, min, max, Latency, achieved, target, Count, Pipelined</keys>
<column name="- WR_Loop_Row_WR_Loop_Col">64, 64, 2, 1, 1, 64, yes</column>
</table>
</item>
</section>
</item>
</section>
</item>
</section>

<section name = "Utilization Estimates" level="0">
<item name = "Summary"><table name="" hasTotal="1">
<keys size="5">Name, BRAM_18K, DSP48E, FF, LUT</keys>
<column name="Expression">-, -, 0, 48</column>
<column name="FIFO">-, -, -, -</column>
<column name="Instance">18, 8, 484, 501</column>
<column name="Memory">9, -, 0, 0</column>
<column name="Multiplexer">-, -, -, 49</column>
<column name="Register">-, -, 33, -</column>
<column name="ShiftMemory">-, -, -, -</column>
<specialColumn name="Available">270, 240, 126800, 63400</specialColumn>
<specialColumn name="Utilization (%)">10, 3, ~0, ~0</specialColumn>
</table>
</item>
<item name = "Detail">
<section name = "" level="1">
<item name = "Instance"><table name="" hasTotal="1">
<keys size="6">Instance, Module, BRAM_18K, DSP48E, FF, LUT</keys>
<column name="grp_dct_2d_fu_164">dct_2d, 18, 8, 457, 442</column>
<column name="grp_read_data_fu_193">read_data, 0, 0, 27, 59</column>
</table>
</item>
<item name = "Memory"><table name="" hasTotal="1">
<keys size="7">Memory, Module, BRAM_18K, Words, Bits, Banks, W*Bits*Banks</keys>
<column name="buf_2d_in_0_U">dct_2d_col_inbuf_0, 1, 8, 16, 1, 128</column>
<column name="buf_2d_in_1_U">dct_2d_col_inbuf_0, 1, 8, 16, 1, 128</column>
<column name="buf_2d_in_2_U">dct_2d_col_inbuf_0, 1, 8, 16, 1, 128</column>
<column name="buf_2d_in_3_U">dct_2d_col_inbuf_0, 1, 8, 16, 1, 128</column>
<column name="buf_2d_in_4_U">dct_2d_col_inbuf_0, 1, 8, 16, 1, 128</column>
<column name="buf_2d_in_5_U">dct_2d_col_inbuf_0, 1, 8, 16, 1, 128</column>
<column name="buf_2d_in_6_U">dct_2d_col_inbuf_0, 1, 8, 16, 1, 128</column>
<column name="buf_2d_in_7_U">dct_2d_col_inbuf_0, 1, 8, 16, 1, 128</column>
<column name="buf_2d_out_U">dct_2d_row_outbuf, 1, 64, 16, 1, 1024</column>
</table>
</item>
<item name = "FIFO"><table name="" hasTotal="1">
<keys size="7">Name, BRAM_18K, FF, LUT, Depth, Bits, Size:D*B</keys>
</table>
</item>
<item name = "Shift register"><table name="" hasTotal="1">
<keys size="5">Name, FF, LUT, Bits, Const Bits</keys>
</table>
</item>
<item name = "Expression"><table name="" hasTotal="1">
<keys size="7">Variable Name, Operation, DSP48E, FF, LUT, Bitwidth P0, Bitwidth P1</keys>
<column name="c_fu_304_p2">+, 0, 0, 4, 4, 1</column>
<column name="indvar_flatten_next_fu_221_p2">+, 0, 0, 7, 7, 1</column>
<column name="p_addr2_fu_287_p2">+, 0, 0, 8, 8, 8</column>
<column name="r3_fu_241_p2">+, 0, 0, 4, 4, 1</column>
<column name="sum3_i_fu_298_p2">+, 0, 0, 6, 6, 6</column>
<column name="c_i_mid2_fu_233_p3">Select, 0, 0, 4, 1, 1</column>
<column name="r_i_mid2_fu_247_p3">Select, 0, 0, 4, 1, 4</column>
<column name="exitcond_flatten_fu_215_p2">icmp, 0, 0, 7, 7, 8</column>
<column name="exitcond_i5_fu_227_p2">icmp, 0, 0, 4, 4, 5</column>
</table>
</item>
<item name = "Multiplexer"><table name="" hasTotal="1">
<keys size="5">Name, LUT, Input Size, Bits, Total Bits</keys>
<column name="buf_2d_in_0_address0">3, 3, 3, 9</column>
<column name="buf_2d_in_1_address0">3, 3, 3, 9</column>
<column name="buf_2d_in_2_address0">3, 3, 3, 9</column>
<column name="buf_2d_in_3_address0">3, 3, 3, 9</column>
<column name="buf_2d_in_4_address0">3, 3, 3, 9</column>
<column name="buf_2d_in_5_address0">3, 3, 3, 9</column>
<column name="buf_2d_in_6_address0">3, 3, 3, 9</column>
<column name="buf_2d_in_7_address0">3, 3, 3, 9</column>
<column name="buf_2d_out_address0">6, 3, 6, 18</column>
<column name="c_i_reg_152">4, 2, 4, 8</column>
<column name="indvar_flatten_reg_130">7, 2, 7, 14</column>
<column name="r_i_phi_fu_145_p4">4, 2, 4, 8</column>
<column name="r_i_reg_141">4, 2, 4, 8</column>
</table>
</item>
<item name = "Register"><table name="" hasTotal="1">
<keys size="4">Name, FF, Bits, Const Bits</keys>
<column name="ap_CS_fsm">3, 3, 0</column>
<column name="ap_reg_ppiten_pp0_it0">1, 1, 0</column>
<column name="ap_reg_ppiten_pp0_it1">1, 1, 0</column>
<column name="c_i_reg_152">4, 4, 0</column>
<column name="exitcond_flatten_reg_314">1, 1, 0</column>
<column name="grp_dct_2d_fu_164_ap_start_ap_start_reg">1, 1, 0</column>
<column name="grp_read_data_fu_193_ap_start_ap_start_reg">1, 1, 0</column>
<column name="indvar_flatten_reg_130">7, 7, 0</column>
<column name="r_i_mid2_reg_323">4, 4, 0</column>
<column name="r_i_reg_141">4, 4, 0</column>
<column name="sum3_i_reg_333">6, 6, 0</column>
</table>
</item>
</section>
</item>
</section>

<section name = "Interface" level="0">
<item name = "Summary"><table name="" hasTotal="0">
<keys size="6">RTL Ports, Dir, Bits, Protocol, Source Object, C Type</keys>
<column name="ap_clk">in, 1, ap_ctrl_hs, dct, return value</column>
<column name="ap_rst">in, 1, ap_ctrl_hs, dct, return value</column>
<column name="ap_start">in, 1, ap_ctrl_hs, dct, return value</column>
<column name="ap_done">out, 1, ap_ctrl_hs, dct, return value</column>
<column name="ap_idle">out, 1, ap_ctrl_hs, dct, return value</column>
<column name="ap_ready">out, 1, ap_ctrl_hs, dct, return value</column>
<column name="input_r_address0">out, 6, ap_memory, input_r, array</column>
<column name="input_r_ce0">out, 1, ap_memory, input_r, array</column>
<column name="input_r_q0">in, 16, ap_memory, input_r, array</column>
<column name="output_r_address0">out, 6, ap_memory, output_r, array</column>
<column name="output_r_ce0">out, 1, ap_memory, output_r, array</column>
<column name="output_r_we0">out, 1, ap_memory, output_r, array</column>
<column name="output_r_d0">out, 16, ap_memory, output_r, array</column>
</table>
</item>
</section>
</profile>
