<stg><name>dct_2d</name>


<trans_list>

<trans id="127" from="1" to="2">
<condition id="95">
<or_exp><and_exp></and_exp></or_exp>
</condition>
</trans>

<trans id="128" from="2" to="3">
<condition id="98">
<or_exp><and_exp><literal name="exitcond7" val="0"/>
</and_exp></or_exp>
</condition>
</trans>

<trans id="129" from="2" to="4">
<condition id="97">
<or_exp><and_exp><literal name="exitcond7" val="1"/>
</and_exp></or_exp>
</condition>
</trans>

<trans id="131" from="3" to="2">
<condition id="101">
<or_exp><and_exp></and_exp></or_exp>
</condition>
</trans>

<trans id="147" from="4" to="6">
<condition id="121">
<or_exp><and_exp><literal name="exitcond_flatten" val="1"/>
</and_exp></or_exp>
</condition>
</trans>

<trans id="148" from="4" to="5">
<condition id="123">
<or_exp><and_exp><literal name="exitcond_flatten" val="0"/>
</and_exp></or_exp>
</condition>
</trans>

<trans id="146" from="5" to="4">
<condition id="122">
<or_exp><and_exp></and_exp></or_exp>
</condition>
</trans>

<trans id="137" from="6" to="7">
<condition id="111">
<or_exp><and_exp><literal name="exitcond4" val="0"/>
</and_exp></or_exp>
</condition>
</trans>

<trans id="138" from="6" to="8">
<condition id="110">
<or_exp><and_exp><literal name="exitcond4" val="1"/>
</and_exp></or_exp>
</condition>
</trans>

<trans id="140" from="7" to="6">
<condition id="114">
<or_exp><and_exp></and_exp></or_exp>
</condition>
</trans>

<trans id="151" from="8" to="10">
<condition id="124">
<or_exp><and_exp><literal name="exitcond_flatten1" val="1"/>
</and_exp></or_exp>
</condition>
</trans>

<trans id="152" from="8" to="9">
<condition id="126">
<or_exp><and_exp><literal name="exitcond_flatten1" val="0"/>
</and_exp></or_exp>
</condition>
</trans>

<trans id="150" from="9" to="8">
<condition id="125">
<or_exp><and_exp></and_exp></or_exp>
</condition>
</trans>
</trans_list>



<state_list>

<state id="1" st_id="1">

<operation id="11" st_id="1" stage="1" lat="1">
<core>RAM</core>
<MemPortIdVec></MemPortIdVec>
<condition id="75">
<or_exp><and_exp></and_exp></or_exp>
</condition>

<node id="18" bw="16" op_0_bw="32">
<![CDATA[
:0  %row_outbuf = alloca [64 x i16], align 2

]]></node>
<StgValue><ssdm name="row_outbuf"/></StgValue>
</operation>

<operation id="12" st_id="1" stage="1" lat="1">
<core>RAM</core>
<MemPortIdVec></MemPortIdVec>
<condition id="75">
<or_exp><and_exp></and_exp></or_exp>
</condition>

<node id="19" bw="16" op_0_bw="32">
<![CDATA[
:1  %col_outbuf = alloca [64 x i16], align 2

]]></node>
<StgValue><ssdm name="col_outbuf"/></StgValue>
</operation>

<operation id="13" st_id="1" stage="1" lat="1">
<core>RAM</core>
<MemPortIdVec></MemPortIdVec>
<condition id="75">
<or_exp><and_exp></and_exp></or_exp>
</condition>

<node id="20" bw="16" op_0_bw="32">
<![CDATA[
:2  %col_inbuf_0 = alloca [8 x i16], align 2

]]></node>
<StgValue><ssdm name="col_inbuf_0"/></StgValue>
</operation>

<operation id="14" st_id="1" stage="1" lat="1">
<core>RAM</core>
<MemPortIdVec></MemPortIdVec>
<condition id="75">
<or_exp><and_exp></and_exp></or_exp>
</condition>

<node id="21" bw="16" op_0_bw="32">
<![CDATA[
:3  %col_inbuf_1 = alloca [8 x i16], align 2

]]></node>
<StgValue><ssdm name="col_inbuf_1"/></StgValue>
</operation>

<operation id="15" st_id="1" stage="1" lat="1">
<core>RAM</core>
<MemPortIdVec></MemPortIdVec>
<condition id="75">
<or_exp><and_exp></and_exp></or_exp>
</condition>

<node id="22" bw="16" op_0_bw="32">
<![CDATA[
:4  %col_inbuf_2 = alloca [8 x i16], align 2

]]></node>
<StgValue><ssdm name="col_inbuf_2"/></StgValue>
</operation>

<operation id="16" st_id="1" stage="1" lat="1">
<core>RAM</core>
<MemPortIdVec></MemPortIdVec>
<condition id="75">
<or_exp><and_exp></and_exp></or_exp>
</condition>

<node id="23" bw="16" op_0_bw="32">
<![CDATA[
:5  %col_inbuf_3 = alloca [8 x i16], align 2

]]></node>
<StgValue><ssdm name="col_inbuf_3"/></StgValue>
</operation>

<operation id="17" st_id="1" stage="1" lat="1">
<core>RAM</core>
<MemPortIdVec></MemPortIdVec>
<condition id="75">
<or_exp><and_exp></and_exp></or_exp>
</condition>

<node id="24" bw="16" op_0_bw="32">
<![CDATA[
:6  %col_inbuf_4 = alloca [8 x i16], align 2

]]></node>
<StgValue><ssdm name="col_inbuf_4"/></StgValue>
</operation>

<operation id="18" st_id="1" stage="1" lat="1">
<core>RAM</core>
<MemPortIdVec></MemPortIdVec>
<condition id="75">
<or_exp><and_exp></and_exp></or_exp>
</condition>

<node id="25" bw="16" op_0_bw="32">
<![CDATA[
:7  %col_inbuf_5 = alloca [8 x i16], align 2

]]></node>
<StgValue><ssdm name="col_inbuf_5"/></StgValue>
</operation>

<operation id="19" st_id="1" stage="1" lat="1">
<core>RAM</core>
<MemPortIdVec></MemPortIdVec>
<condition id="75">
<or_exp><and_exp></and_exp></or_exp>
</condition>

<node id="26" bw="16" op_0_bw="32">
<![CDATA[
:8  %col_inbuf_6 = alloca [8 x i16], align 2

]]></node>
<StgValue><ssdm name="col_inbuf_6"/></StgValue>
</operation>

<operation id="20" st_id="1" stage="1" lat="1">
<core>RAM</core>
<MemPortIdVec></MemPortIdVec>
<condition id="75">
<or_exp><and_exp></and_exp></or_exp>
</condition>

<node id="27" bw="16" op_0_bw="32">
<![CDATA[
:9  %col_inbuf_7 = alloca [8 x i16], align 2

]]></node>
<StgValue><ssdm name="col_inbuf_7"/></StgValue>
</operation>

<operation id="21" st_id="1" stage="1" lat="1">
<core>NULL</core>
<MemPortIdVec></MemPortIdVec>
<condition id="75">
<or_exp><and_exp></and_exp></or_exp>
</condition>

<node id="28" bw="0" op_0_bw="0">
<![CDATA[
:10  br label %1

]]></node>
<StgValue><ssdm name=""/></StgValue>
</operation>
</state>

<state id="2" st_id="2">

<operation id="22" st_id="2" stage="1" lat="1">
<core>NULL</core>
<MemPortIdVec></MemPortIdVec>
<condition id="76">
<or_exp><and_exp></and_exp></or_exp>
</condition>

<node id="30" bw="4" op_0_bw="4" op_1_bw="0">
<![CDATA[
:0  %i = phi i4 [ 0, %0 ], [ %i_4, %2 ]

]]></node>
<StgValue><ssdm name="i"/></StgValue>
</operation>

<operation id="23" st_id="2" stage="1" lat="1">
<core>Cmp</core>
<MemPortIdVec></MemPortIdVec>
<condition id="76">
<or_exp><and_exp></and_exp></or_exp>
</condition>

<node id="31" bw="1" op_0_bw="4" op_1_bw="4">
<![CDATA[
:1  %exitcond7 = icmp eq i4 %i, -8

]]></node>
<StgValue><ssdm name="exitcond7"/></StgValue>
</operation>

<operation id="24" st_id="2" stage="1" lat="1">
<core>NULL</core>
<MemPortIdVec></MemPortIdVec>
<condition id="76">
<or_exp><and_exp></and_exp></or_exp>
</condition>

<node id="32" bw="32" op_0_bw="32" op_1_bw="64" op_2_bw="64" op_3_bw="64">
<![CDATA[
:2  %empty = call i32 (...)* @_ssdm_op_SpecLoopTripCount(i64 8, i64 8, i64 8)

]]></node>
<StgValue><ssdm name="empty"/></StgValue>
</operation>

<operation id="25" st_id="2" stage="1" lat="1">
<core>AddSub</core>
<MemPortIdVec></MemPortIdVec>
<condition id="76">
<or_exp><and_exp></and_exp></or_exp>
</condition>

<node id="33" bw="4" op_0_bw="4" op_1_bw="4">
<![CDATA[
:3  %i_4 = add i4 %i, 1

]]></node>
<StgValue><ssdm name="i_4"/></StgValue>
</operation>

<operation id="26" st_id="2" stage="1" lat="1">
<core>NULL</core>
<MemPortIdVec></MemPortIdVec>
<condition id="76">
<or_exp><and_exp></and_exp></or_exp>
</condition>

<node id="34" bw="0" op_0_bw="1" op_1_bw="0" op_2_bw="0">
<![CDATA[
:4  br i1 %exitcond7, label %.preheader2.preheader, label %2

]]></node>
<StgValue><ssdm name=""/></StgValue>
</operation>

<operation id="27" st_id="2" stage="2" lat="2">
<core></core>
<MemPortIdVec></MemPortIdVec>
<condition id="78">
<or_exp><and_exp><literal name="exitcond7" val="0"/>
</and_exp></or_exp>
</condition>

<node id="37" bw="0" op_0_bw="0" op_1_bw="16" op_2_bw="16" op_3_bw="16" op_4_bw="16" op_5_bw="16" op_6_bw="16" op_7_bw="16" op_8_bw="16" op_9_bw="4" op_10_bw="16" op_11_bw="4">
<![CDATA[
:1  call fastcc void @dct_1d([8 x i16]* nocapture %in_block_0, [8 x i16]* nocapture %in_block_1, [8 x i16]* nocapture %in_block_2, [8 x i16]* nocapture %in_block_3, [8 x i16]* nocapture %in_block_4, [8 x i16]* nocapture %in_block_5, [8 x i16]* nocapture %in_block_6, [8 x i16]* nocapture %in_block_7, i4 %i, [64 x i16]* nocapture %row_outbuf, i4 %i)

]]></node>
<StgValue><ssdm name=""/></StgValue>
</operation>
</state>

<state id="3" st_id="3">

<operation id="28" st_id="3" stage="1" lat="1">
<core>NULL</core>
<MemPortIdVec></MemPortIdVec>
<condition id="79">
<or_exp><and_exp></and_exp></or_exp>
</condition>

<node id="36" bw="0" op_0_bw="0" op_1_bw="8">
<![CDATA[
:0  call void (...)* @_ssdm_op_SpecLoopName([13 x i8]* @p_str4) nounwind

]]></node>
<StgValue><ssdm name=""/></StgValue>
</operation>

<operation id="29" st_id="3" stage="1" lat="2">
<core></core>
<MemPortIdVec></MemPortIdVec>
<condition id="79">
<or_exp><and_exp></and_exp></or_exp>
</condition>

<node id="37" bw="0" op_0_bw="0" op_1_bw="16" op_2_bw="16" op_3_bw="16" op_4_bw="16" op_5_bw="16" op_6_bw="16" op_7_bw="16" op_8_bw="16" op_9_bw="4" op_10_bw="16" op_11_bw="4">
<![CDATA[
:1  call fastcc void @dct_1d([8 x i16]* nocapture %in_block_0, [8 x i16]* nocapture %in_block_1, [8 x i16]* nocapture %in_block_2, [8 x i16]* nocapture %in_block_3, [8 x i16]* nocapture %in_block_4, [8 x i16]* nocapture %in_block_5, [8 x i16]* nocapture %in_block_6, [8 x i16]* nocapture %in_block_7, i4 %i, [64 x i16]* nocapture %row_outbuf, i4 %i)

]]></node>
<StgValue><ssdm name=""/></StgValue>
</operation>

<operation id="30" st_id="3" stage="1" lat="1">
<core>NULL</core>
<MemPortIdVec></MemPortIdVec>
<condition id="79">
<or_exp><and_exp></and_exp></or_exp>
</condition>

<node id="38" bw="0" op_0_bw="0">
<![CDATA[
:2  br label %1

]]></node>
<StgValue><ssdm name=""/></StgValue>
</operation>
</state>

<state id="4" st_id="4">

<operation id="31" st_id="4" stage="1" lat="1">
<core>NULL</core>
<MemPortIdVec></MemPortIdVec>
<condition id="-1">
<or_exp><and_exp></and_exp></or_exp>
</condition>

<node id="40" bw="7" op_0_bw="7" op_1_bw="0">
<![CDATA[
.preheader2.preheader:0  %indvar_flatten = phi i7 [ %indvar_flatten_next, %ifBlock ], [ 0, %1 ]

]]></node>
<StgValue><ssdm name="indvar_flatten"/></StgValue>
</operation>

<operation id="32" st_id="4" stage="1" lat="1">
<core>NULL</core>
<MemPortIdVec></MemPortIdVec>
<condition id="-1">
<or_exp><and_exp></and_exp></or_exp>
</condition>

<node id="41" bw="4" op_0_bw="4" op_1_bw="0">
<![CDATA[
.preheader2.preheader:1  %j = phi i4 [ %j_mid2, %ifBlock ], [ 0, %1 ]

]]></node>
<StgValue><ssdm name="j"/></StgValue>
</operation>

<operation id="33" st_id="4" stage="1" lat="1">
<core>NULL</core>
<MemPortIdVec></MemPortIdVec>
<condition id="-1">
<or_exp><and_exp></and_exp></or_exp>
</condition>

<node id="42" bw="4" op_0_bw="4" op_1_bw="0">
<![CDATA[
.preheader2.preheader:2  %i_1 = phi i4 [ %i_6, %ifBlock ], [ 0, %1 ]

]]></node>
<StgValue><ssdm name="i_1"/></StgValue>
</operation>

<operation id="34" st_id="4" stage="1" lat="1">
<core>Cmp</core>
<MemPortIdVec></MemPortIdVec>
<condition id="-1">
<or_exp><and_exp></and_exp></or_exp>
</condition>

<node id="43" bw="1" op_0_bw="7" op_1_bw="7">
<![CDATA[
.preheader2.preheader:3  %exitcond_flatten = icmp eq i7 %indvar_flatten, -64

]]></node>
<StgValue><ssdm name="exitcond_flatten"/></StgValue>
</operation>

<operation id="35" st_id="4" stage="1" lat="1">
<core>AddSub</core>
<MemPortIdVec></MemPortIdVec>
<condition id="-1">
<or_exp><and_exp></and_exp></or_exp>
</condition>

<node id="44" bw="7" op_0_bw="7" op_1_bw="7">
<![CDATA[
.preheader2.preheader:4  %indvar_flatten_next = add i7 %indvar_flatten, 1

]]></node>
<StgValue><ssdm name="indvar_flatten_next"/></StgValue>
</operation>

<operation id="36" st_id="4" stage="1" lat="1">
<core>NULL</core>
<MemPortIdVec></MemPortIdVec>
<condition id="-1">
<or_exp><and_exp></and_exp></or_exp>
</condition>

<node id="45" bw="0" op_0_bw="1" op_1_bw="0" op_2_bw="0">
<![CDATA[
.preheader2.preheader:5  br i1 %exitcond_flatten, label %.preheader1, label %.preheader2

]]></node>
<StgValue><ssdm name=""/></StgValue>
</operation>

<operation id="37" st_id="4" stage="1" lat="1">
<core>Cmp</core>
<MemPortIdVec></MemPortIdVec>
<condition id="0">
<or_exp><and_exp><literal name="exitcond_flatten" val="0"/>
</and_exp></or_exp>
</condition>

<node id="49" bw="1" op_0_bw="4" op_1_bw="4">
<![CDATA[
.preheader2:2  %exitcond = icmp eq i4 %i_1, -8

]]></node>
<StgValue><ssdm name="exitcond"/></StgValue>
</operation>

<operation id="38" st_id="4" stage="1" lat="1">
<core>Sel</core>
<MemPortIdVec></MemPortIdVec>
<condition id="0">
<or_exp><and_exp><literal name="exitcond_flatten" val="0"/>
</and_exp></or_exp>
</condition>

<node id="50" bw="4" op_0_bw="1" op_1_bw="4" op_2_bw="4">
<![CDATA[
.preheader2:3  %i_1_mid2 = select i1 %exitcond, i4 0, i4 %i_1

]]></node>
<StgValue><ssdm name="i_1_mid2"/></StgValue>
</operation>

<operation id="39" st_id="4" stage="1" lat="1">
<core>AddSub</core>
<MemPortIdVec></MemPortIdVec>
<condition id="0">
<or_exp><and_exp><literal name="exitcond_flatten" val="0"/>
</and_exp></or_exp>
</condition>

<node id="51" bw="4" op_0_bw="4" op_1_bw="4">
<![CDATA[
.preheader2:4  %j_s = add i4 %j, 1

]]></node>
<StgValue><ssdm name="j_s"/></StgValue>
</operation>

<operation id="40" st_id="4" stage="1" lat="1">
<core>Sel</core>
<MemPortIdVec></MemPortIdVec>
<condition id="0">
<or_exp><and_exp><literal name="exitcond_flatten" val="0"/>
</and_exp></or_exp>
</condition>

<node id="52" bw="4" op_0_bw="1" op_1_bw="4" op_2_bw="4">
<![CDATA[
.preheader2:5  %j_mid2 = select i1 %exitcond, i4 %j_s, i4 %j

]]></node>
<StgValue><ssdm name="j_mid2"/></StgValue>
</operation>

<operation id="41" st_id="4" stage="1" lat="1">
<core>NULL</core>
<MemPortIdVec></MemPortIdVec>
<condition id="0">
<or_exp><and_exp><literal name="exitcond_flatten" val="0"/>
</and_exp></or_exp>
</condition>

<node id="54" bw="8" op_0_bw="4">
<![CDATA[
.preheader2:7  %j_cast5_cast = zext i4 %j_mid2 to i8

]]></node>
<StgValue><ssdm name="j_cast5_cast"/></StgValue>
</operation>

<operation id="42" st_id="4" stage="1" lat="1">
<core>NULL</core>
<MemPortIdVec></MemPortIdVec>
<condition id="0">
<or_exp><and_exp><literal name="exitcond_flatten" val="0"/>
</and_exp></or_exp>
</condition>

<node id="58" bw="7" op_0_bw="7" op_1_bw="4" op_2_bw="3">
<![CDATA[
.preheader2:11  %tmp = call i7 @_ssdm_op_BitConcatenate.i7.i4.i3(i4 %i_1_mid2, i3 0)

]]></node>
<StgValue><ssdm name="tmp"/></StgValue>
</operation>

<operation id="43" st_id="4" stage="1" lat="1">
<core>NULL</core>
<MemPortIdVec></MemPortIdVec>
<condition id="0">
<or_exp><and_exp><literal name="exitcond_flatten" val="0"/>
</and_exp></or_exp>
</condition>

<node id="59" bw="8" op_0_bw="7">
<![CDATA[
.preheader2:12  %p_addr_cast = zext i7 %tmp to i8

]]></node>
<StgValue><ssdm name="p_addr_cast"/></StgValue>
</operation>

<operation id="44" st_id="4" stage="1" lat="1">
<core>AddSub</core>
<MemPortIdVec></MemPortIdVec>
<condition id="0">
<or_exp><and_exp><literal name="exitcond_flatten" val="0"/>
</and_exp></or_exp>
</condition>

<node id="60" bw="8" op_0_bw="8" op_1_bw="8">
<![CDATA[
.preheader2:13  %p_addr3 = add i8 %p_addr_cast, %j_cast5_cast

]]></node>
<StgValue><ssdm name="p_addr3"/></StgValue>
</operation>

<operation id="45" st_id="4" stage="1" lat="1">
<core>NULL</core>
<MemPortIdVec></MemPortIdVec>
<condition id="0">
<or_exp><and_exp><literal name="exitcond_flatten" val="0"/>
</and_exp></or_exp>
</condition>

<node id="61" bw="32" op_0_bw="8">
<![CDATA[
.preheader2:14  %p_addr3_cast = zext i8 %p_addr3 to i32

]]></node>
<StgValue><ssdm name="p_addr3_cast"/></StgValue>
</operation>

<operation id="46" st_id="4" stage="1" lat="1">
<core>NULL</core>
<MemPortIdVec></MemPortIdVec>
<condition id="0">
<or_exp><and_exp><literal name="exitcond_flatten" val="0"/>
</and_exp></or_exp>
</condition>

<node id="62" bw="6" op_0_bw="16" op_1_bw="32" op_2_bw="32">
<![CDATA[
.preheader2:15  %row_outbuf_addr = getelementptr [64 x i16]* %row_outbuf, i32 0, i32 %p_addr3_cast

]]></node>
<StgValue><ssdm name="row_outbuf_addr"/></StgValue>
</operation>

<operation id="47" st_id="4" stage="2" lat="2">
<core>RAM</core>
<MemPortIdVec></MemPortIdVec>
<condition id="0">
<or_exp><and_exp><literal name="exitcond_flatten" val="0"/>
</and_exp></or_exp>
</condition>

<node id="63" bw="16" op_0_bw="6">
<![CDATA[
.preheader2:16  %row_outbuf_load = load i16* %row_outbuf_addr, align 2

]]></node>
<StgValue><ssdm name="row_outbuf_load"/></StgValue>
</operation>

<operation id="48" st_id="4" stage="1" lat="1">
<core>NULL</core>
<MemPortIdVec></MemPortIdVec>
<condition id="0">
<or_exp><and_exp><literal name="exitcond_flatten" val="0"/>
</and_exp></or_exp>
</condition>

<node id="64" bw="3" op_0_bw="4">
<![CDATA[
.preheader2:17  %tmp_1 = trunc i4 %i_1_mid2 to i3

]]></node>
<StgValue><ssdm name="tmp_1"/></StgValue>
</operation>

<operation id="49" st_id="4" stage="1" lat="1">
<core>NULL</core>
<MemPortIdVec></MemPortIdVec>
<condition id="0">
<or_exp><and_exp><literal name="exitcond_flatten" val="0"/>
</and_exp></or_exp>
</condition>

<node id="65" bw="0" op_0_bw="3" op_1_bw="0" op_2_bw="3" op_3_bw="0" op_4_bw="3" op_5_bw="0" op_6_bw="3" op_7_bw="0" op_8_bw="3" op_9_bw="0" op_10_bw="3" op_11_bw="0" op_12_bw="3" op_13_bw="0" op_14_bw="3" op_15_bw="0">
<![CDATA[
.preheader2:18  switch i3 %tmp_1, label %branch7 [
    i3 0, label %branch0
    i3 1, label %branch1
    i3 2, label %branch2
    i3 3, label %branch3
    i3 -4, label %branch4
    i3 -3, label %branch5
    i3 -2, label %branch6
  ]

]]></node>
<StgValue><ssdm name=""/></StgValue>
</operation>

<operation id="50" st_id="4" stage="1" lat="1">
<core>AddSub</core>
<MemPortIdVec></MemPortIdVec>
<condition id="80">
<or_exp><and_exp><literal name="exitcond_flatten" val="0"/>
</and_exp></or_exp>
</condition>

<node id="100" bw="4" op_0_bw="4" op_1_bw="4">
<![CDATA[
ifBlock:1  %i_6 = add i4 %i_1_mid2, 1

]]></node>
<StgValue><ssdm name="i_6"/></StgValue>
</operation>
</state>

<state id="5" st_id="5">

<operation id="51" st_id="5" stage="1" lat="1">
<core>NULL</core>
<MemPortIdVec></MemPortIdVec>
<condition id="0">
<or_exp><and_exp><literal name="exitcond_flatten" val="0"/>
</and_exp></or_exp>
</condition>

<node id="47" bw="0" op_0_bw="0" op_1_bw="8">
<![CDATA[
.preheader2:0  call void (...)* @_ssdm_op_SpecLoopName([42 x i8]* @str2)

]]></node>
<StgValue><ssdm name=""/></StgValue>
</operation>

<operation id="52" st_id="5" stage="1" lat="1">
<core>NULL</core>
<MemPortIdVec></MemPortIdVec>
<condition id="0">
<or_exp><and_exp><literal name="exitcond_flatten" val="0"/>
</and_exp></or_exp>
</condition>

<node id="48" bw="32" op_0_bw="32" op_1_bw="64" op_2_bw="64" op_3_bw="64">
<![CDATA[
.preheader2:1  %empty_17 = call i32 (...)* @_ssdm_op_SpecLoopTripCount(i64 64, i64 64, i64 64)

]]></node>
<StgValue><ssdm name="empty_17"/></StgValue>
</operation>

<operation id="53" st_id="5" stage="1" lat="1">
<core>NULL</core>
<MemPortIdVec></MemPortIdVec>
<condition id="0">
<or_exp><and_exp><literal name="exitcond_flatten" val="0"/>
</and_exp></or_exp>
</condition>

<node id="53" bw="32" op_0_bw="4">
<![CDATA[
.preheader2:6  %j_cast5 = zext i4 %j_mid2 to i32

]]></node>
<StgValue><ssdm name="j_cast5"/></StgValue>
</operation>

<operation id="54" st_id="5" stage="1" lat="1">
<core>NULL</core>
<MemPortIdVec></MemPortIdVec>
<condition id="0">
<or_exp><and_exp><literal name="exitcond_flatten" val="0"/>
</and_exp></or_exp>
</condition>

<node id="55" bw="0" op_0_bw="0" op_1_bw="8">
<![CDATA[
.preheader2:8  call void (...)* @_ssdm_op_SpecLoopName([21 x i8]* @p_str6) nounwind

]]></node>
<StgValue><ssdm name=""/></StgValue>
</operation>

<operation id="55" st_id="5" stage="1" lat="1">
<core>NULL</core>
<MemPortIdVec></MemPortIdVec>
<condition id="0">
<or_exp><and_exp><literal name="exitcond_flatten" val="0"/>
</and_exp></or_exp>
</condition>

<node id="56" bw="32" op_0_bw="32" op_1_bw="8">
<![CDATA[
.preheader2:9  %tmp_6 = call i32 (...)* @_ssdm_op_SpecRegionBegin([21 x i8]* @p_str6)

]]></node>
<StgValue><ssdm name="tmp_6"/></StgValue>
</operation>

<operation id="56" st_id="5" stage="1" lat="1">
<core>NULL</core>
<MemPortIdVec></MemPortIdVec>
<condition id="0">
<or_exp><and_exp><literal name="exitcond_flatten" val="0"/>
</and_exp></or_exp>
</condition>

<node id="57" bw="0" op_0_bw="0" op_1_bw="32" op_2_bw="32" op_3_bw="32" op_4_bw="8">
<![CDATA[
.preheader2:10  call void (...)* @_ssdm_op_SpecPipeline(i32 1, i32 1, i32 1, [1 x i8]* @p_str1) nounwind

]]></node>
<StgValue><ssdm name=""/></StgValue>
</operation>

<operation id="57" st_id="5" stage="1" lat="2">
<core>RAM</core>
<MemPortIdVec></MemPortIdVec>
<condition id="0">
<or_exp><and_exp><literal name="exitcond_flatten" val="0"/>
</and_exp></or_exp>
</condition>

<node id="63" bw="16" op_0_bw="6">
<![CDATA[
.preheader2:16  %row_outbuf_load = load i16* %row_outbuf_addr, align 2

]]></node>
<StgValue><ssdm name="row_outbuf_load"/></StgValue>
</operation>

<operation id="58" st_id="5" stage="1" lat="1">
<core>NULL</core>
<MemPortIdVec></MemPortIdVec>
<condition id="81">
<or_exp><and_exp><literal name="exitcond_flatten" val="0"/>
<literal name="tmp_1" val="6"/>
</and_exp></or_exp>
</condition>

<node id="67" bw="3" op_0_bw="16" op_1_bw="32" op_2_bw="32">
<![CDATA[
branch6:0  %col_inbuf_6_addr = getelementptr [8 x i16]* %col_inbuf_6, i32 0, i32 %j_cast5

]]></node>
<StgValue><ssdm name="col_inbuf_6_addr"/></StgValue>
</operation>

<operation id="59" st_id="5" stage="1" lat="1">
<core>RAM</core>
<MemPortIdVec></MemPortIdVec>
<condition id="81">
<or_exp><and_exp><literal name="exitcond_flatten" val="0"/>
<literal name="tmp_1" val="6"/>
</and_exp></or_exp>
</condition>

<node id="68" bw="0" op_0_bw="16" op_1_bw="3">
<![CDATA[
branch6:1  store i16 %row_outbuf_load, i16* %col_inbuf_6_addr, align 2

]]></node>
<StgValue><ssdm name=""/></StgValue>
</operation>

<operation id="60" st_id="5" stage="1" lat="1">
<core>NULL</core>
<MemPortIdVec></MemPortIdVec>
<condition id="81">
<or_exp><and_exp><literal name="exitcond_flatten" val="0"/>
<literal name="tmp_1" val="6"/>
</and_exp></or_exp>
</condition>

<node id="69" bw="0" op_0_bw="0">
<![CDATA[
branch6:2  br label %ifBlock

]]></node>
<StgValue><ssdm name=""/></StgValue>
</operation>

<operation id="61" st_id="5" stage="1" lat="1">
<core>NULL</core>
<MemPortIdVec></MemPortIdVec>
<condition id="82">
<or_exp><and_exp><literal name="exitcond_flatten" val="0"/>
<literal name="tmp_1" val="5"/>
</and_exp></or_exp>
</condition>

<node id="71" bw="3" op_0_bw="16" op_1_bw="32" op_2_bw="32">
<![CDATA[
branch5:0  %col_inbuf_5_addr = getelementptr [8 x i16]* %col_inbuf_5, i32 0, i32 %j_cast5

]]></node>
<StgValue><ssdm name="col_inbuf_5_addr"/></StgValue>
</operation>

<operation id="62" st_id="5" stage="1" lat="1">
<core>RAM</core>
<MemPortIdVec></MemPortIdVec>
<condition id="82">
<or_exp><and_exp><literal name="exitcond_flatten" val="0"/>
<literal name="tmp_1" val="5"/>
</and_exp></or_exp>
</condition>

<node id="72" bw="0" op_0_bw="16" op_1_bw="3">
<![CDATA[
branch5:1  store i16 %row_outbuf_load, i16* %col_inbuf_5_addr, align 2

]]></node>
<StgValue><ssdm name=""/></StgValue>
</operation>

<operation id="63" st_id="5" stage="1" lat="1">
<core>NULL</core>
<MemPortIdVec></MemPortIdVec>
<condition id="82">
<or_exp><and_exp><literal name="exitcond_flatten" val="0"/>
<literal name="tmp_1" val="5"/>
</and_exp></or_exp>
</condition>

<node id="73" bw="0" op_0_bw="0">
<![CDATA[
branch5:2  br label %ifBlock

]]></node>
<StgValue><ssdm name=""/></StgValue>
</operation>

<operation id="64" st_id="5" stage="1" lat="1">
<core>NULL</core>
<MemPortIdVec></MemPortIdVec>
<condition id="83">
<or_exp><and_exp><literal name="exitcond_flatten" val="0"/>
<literal name="tmp_1" val="4"/>
</and_exp></or_exp>
</condition>

<node id="75" bw="3" op_0_bw="16" op_1_bw="32" op_2_bw="32">
<![CDATA[
branch4:0  %col_inbuf_4_addr = getelementptr [8 x i16]* %col_inbuf_4, i32 0, i32 %j_cast5

]]></node>
<StgValue><ssdm name="col_inbuf_4_addr"/></StgValue>
</operation>

<operation id="65" st_id="5" stage="1" lat="1">
<core>RAM</core>
<MemPortIdVec></MemPortIdVec>
<condition id="83">
<or_exp><and_exp><literal name="exitcond_flatten" val="0"/>
<literal name="tmp_1" val="4"/>
</and_exp></or_exp>
</condition>

<node id="76" bw="0" op_0_bw="16" op_1_bw="3">
<![CDATA[
branch4:1  store i16 %row_outbuf_load, i16* %col_inbuf_4_addr, align 2

]]></node>
<StgValue><ssdm name=""/></StgValue>
</operation>

<operation id="66" st_id="5" stage="1" lat="1">
<core>NULL</core>
<MemPortIdVec></MemPortIdVec>
<condition id="83">
<or_exp><and_exp><literal name="exitcond_flatten" val="0"/>
<literal name="tmp_1" val="4"/>
</and_exp></or_exp>
</condition>

<node id="77" bw="0" op_0_bw="0">
<![CDATA[
branch4:2  br label %ifBlock

]]></node>
<StgValue><ssdm name=""/></StgValue>
</operation>

<operation id="67" st_id="5" stage="1" lat="1">
<core>NULL</core>
<MemPortIdVec></MemPortIdVec>
<condition id="84">
<or_exp><and_exp><literal name="exitcond_flatten" val="0"/>
<literal name="tmp_1" val="3"/>
</and_exp></or_exp>
</condition>

<node id="79" bw="3" op_0_bw="16" op_1_bw="32" op_2_bw="32">
<![CDATA[
branch3:0  %col_inbuf_3_addr = getelementptr [8 x i16]* %col_inbuf_3, i32 0, i32 %j_cast5

]]></node>
<StgValue><ssdm name="col_inbuf_3_addr"/></StgValue>
</operation>

<operation id="68" st_id="5" stage="1" lat="1">
<core>RAM</core>
<MemPortIdVec></MemPortIdVec>
<condition id="84">
<or_exp><and_exp><literal name="exitcond_flatten" val="0"/>
<literal name="tmp_1" val="3"/>
</and_exp></or_exp>
</condition>

<node id="80" bw="0" op_0_bw="16" op_1_bw="3">
<![CDATA[
branch3:1  store i16 %row_outbuf_load, i16* %col_inbuf_3_addr, align 2

]]></node>
<StgValue><ssdm name=""/></StgValue>
</operation>

<operation id="69" st_id="5" stage="1" lat="1">
<core>NULL</core>
<MemPortIdVec></MemPortIdVec>
<condition id="84">
<or_exp><and_exp><literal name="exitcond_flatten" val="0"/>
<literal name="tmp_1" val="3"/>
</and_exp></or_exp>
</condition>

<node id="81" bw="0" op_0_bw="0">
<![CDATA[
branch3:2  br label %ifBlock

]]></node>
<StgValue><ssdm name=""/></StgValue>
</operation>

<operation id="70" st_id="5" stage="1" lat="1">
<core>NULL</core>
<MemPortIdVec></MemPortIdVec>
<condition id="85">
<or_exp><and_exp><literal name="exitcond_flatten" val="0"/>
<literal name="tmp_1" val="2"/>
</and_exp></or_exp>
</condition>

<node id="83" bw="3" op_0_bw="16" op_1_bw="32" op_2_bw="32">
<![CDATA[
branch2:0  %col_inbuf_2_addr = getelementptr [8 x i16]* %col_inbuf_2, i32 0, i32 %j_cast5

]]></node>
<StgValue><ssdm name="col_inbuf_2_addr"/></StgValue>
</operation>

<operation id="71" st_id="5" stage="1" lat="1">
<core>RAM</core>
<MemPortIdVec></MemPortIdVec>
<condition id="85">
<or_exp><and_exp><literal name="exitcond_flatten" val="0"/>
<literal name="tmp_1" val="2"/>
</and_exp></or_exp>
</condition>

<node id="84" bw="0" op_0_bw="16" op_1_bw="3">
<![CDATA[
branch2:1  store i16 %row_outbuf_load, i16* %col_inbuf_2_addr, align 2

]]></node>
<StgValue><ssdm name=""/></StgValue>
</operation>

<operation id="72" st_id="5" stage="1" lat="1">
<core>NULL</core>
<MemPortIdVec></MemPortIdVec>
<condition id="85">
<or_exp><and_exp><literal name="exitcond_flatten" val="0"/>
<literal name="tmp_1" val="2"/>
</and_exp></or_exp>
</condition>

<node id="85" bw="0" op_0_bw="0">
<![CDATA[
branch2:2  br label %ifBlock

]]></node>
<StgValue><ssdm name=""/></StgValue>
</operation>

<operation id="73" st_id="5" stage="1" lat="1">
<core>NULL</core>
<MemPortIdVec></MemPortIdVec>
<condition id="86">
<or_exp><and_exp><literal name="exitcond_flatten" val="0"/>
<literal name="tmp_1" val="1"/>
</and_exp></or_exp>
</condition>

<node id="87" bw="3" op_0_bw="16" op_1_bw="32" op_2_bw="32">
<![CDATA[
branch1:0  %col_inbuf_1_addr = getelementptr [8 x i16]* %col_inbuf_1, i32 0, i32 %j_cast5

]]></node>
<StgValue><ssdm name="col_inbuf_1_addr"/></StgValue>
</operation>

<operation id="74" st_id="5" stage="1" lat="1">
<core>RAM</core>
<MemPortIdVec></MemPortIdVec>
<condition id="86">
<or_exp><and_exp><literal name="exitcond_flatten" val="0"/>
<literal name="tmp_1" val="1"/>
</and_exp></or_exp>
</condition>

<node id="88" bw="0" op_0_bw="16" op_1_bw="3">
<![CDATA[
branch1:1  store i16 %row_outbuf_load, i16* %col_inbuf_1_addr, align 2

]]></node>
<StgValue><ssdm name=""/></StgValue>
</operation>

<operation id="75" st_id="5" stage="1" lat="1">
<core>NULL</core>
<MemPortIdVec></MemPortIdVec>
<condition id="86">
<or_exp><and_exp><literal name="exitcond_flatten" val="0"/>
<literal name="tmp_1" val="1"/>
</and_exp></or_exp>
</condition>

<node id="89" bw="0" op_0_bw="0">
<![CDATA[
branch1:2  br label %ifBlock

]]></node>
<StgValue><ssdm name=""/></StgValue>
</operation>

<operation id="76" st_id="5" stage="1" lat="1">
<core>NULL</core>
<MemPortIdVec></MemPortIdVec>
<condition id="87">
<or_exp><and_exp><literal name="exitcond_flatten" val="0"/>
<literal name="tmp_1" val="0"/>
</and_exp></or_exp>
</condition>

<node id="91" bw="3" op_0_bw="16" op_1_bw="32" op_2_bw="32">
<![CDATA[
branch0:0  %col_inbuf_0_addr = getelementptr [8 x i16]* %col_inbuf_0, i32 0, i32 %j_cast5

]]></node>
<StgValue><ssdm name="col_inbuf_0_addr"/></StgValue>
</operation>

<operation id="77" st_id="5" stage="1" lat="1">
<core>RAM</core>
<MemPortIdVec></MemPortIdVec>
<condition id="87">
<or_exp><and_exp><literal name="exitcond_flatten" val="0"/>
<literal name="tmp_1" val="0"/>
</and_exp></or_exp>
</condition>

<node id="92" bw="0" op_0_bw="16" op_1_bw="3">
<![CDATA[
branch0:1  store i16 %row_outbuf_load, i16* %col_inbuf_0_addr, align 2

]]></node>
<StgValue><ssdm name=""/></StgValue>
</operation>

<operation id="78" st_id="5" stage="1" lat="1">
<core>NULL</core>
<MemPortIdVec></MemPortIdVec>
<condition id="87">
<or_exp><and_exp><literal name="exitcond_flatten" val="0"/>
<literal name="tmp_1" val="0"/>
</and_exp></or_exp>
</condition>

<node id="93" bw="0" op_0_bw="0">
<![CDATA[
branch0:2  br label %ifBlock

]]></node>
<StgValue><ssdm name=""/></StgValue>
</operation>

<operation id="79" st_id="5" stage="1" lat="1">
<core>NULL</core>
<MemPortIdVec></MemPortIdVec>
<condition id="88">
<or_exp><and_exp><literal name="exitcond_flatten" val="0"/>
<literal name="tmp_1" val="!6"/>
<literal name="tmp_1" val="!5"/>
<literal name="tmp_1" val="!4"/>
<literal name="tmp_1" val="!3"/>
<literal name="tmp_1" val="!2"/>
<literal name="tmp_1" val="!1"/>
<literal name="tmp_1" val="!0"/>
</and_exp></or_exp>
</condition>

<node id="95" bw="3" op_0_bw="16" op_1_bw="32" op_2_bw="32">
<![CDATA[
branch7:0  %col_inbuf_7_addr = getelementptr [8 x i16]* %col_inbuf_7, i32 0, i32 %j_cast5

]]></node>
<StgValue><ssdm name="col_inbuf_7_addr"/></StgValue>
</operation>

<operation id="80" st_id="5" stage="1" lat="1">
<core>RAM</core>
<MemPortIdVec></MemPortIdVec>
<condition id="88">
<or_exp><and_exp><literal name="exitcond_flatten" val="0"/>
<literal name="tmp_1" val="!6"/>
<literal name="tmp_1" val="!5"/>
<literal name="tmp_1" val="!4"/>
<literal name="tmp_1" val="!3"/>
<literal name="tmp_1" val="!2"/>
<literal name="tmp_1" val="!1"/>
<literal name="tmp_1" val="!0"/>
</and_exp></or_exp>
</condition>

<node id="96" bw="0" op_0_bw="16" op_1_bw="3">
<![CDATA[
branch7:1  store i16 %row_outbuf_load, i16* %col_inbuf_7_addr, align 2

]]></node>
<StgValue><ssdm name=""/></StgValue>
</operation>

<operation id="81" st_id="5" stage="1" lat="1">
<core>NULL</core>
<MemPortIdVec></MemPortIdVec>
<condition id="88">
<or_exp><and_exp><literal name="exitcond_flatten" val="0"/>
<literal name="tmp_1" val="!6"/>
<literal name="tmp_1" val="!5"/>
<literal name="tmp_1" val="!4"/>
<literal name="tmp_1" val="!3"/>
<literal name="tmp_1" val="!2"/>
<literal name="tmp_1" val="!1"/>
<literal name="tmp_1" val="!0"/>
</and_exp></or_exp>
</condition>

<node id="97" bw="0" op_0_bw="0">
<![CDATA[
branch7:2  br label %ifBlock

]]></node>
<StgValue><ssdm name=""/></StgValue>
</operation>

<operation id="82" st_id="5" stage="1" lat="1">
<core>NULL</core>
<MemPortIdVec></MemPortIdVec>
<condition id="80">
<or_exp><and_exp><literal name="exitcond_flatten" val="0"/>
</and_exp></or_exp>
</condition>

<node id="99" bw="32" op_0_bw="32" op_1_bw="8" op_2_bw="32">
<![CDATA[
ifBlock:0  %empty_16 = call i32 (...)* @_ssdm_op_SpecRegionEnd([21 x i8]* @p_str6, i32 %tmp_6)

]]></node>
<StgValue><ssdm name="empty_16"/></StgValue>
</operation>

<operation id="83" st_id="5" stage="1" lat="1">
<core>NULL</core>
<MemPortIdVec></MemPortIdVec>
<condition id="80">
<or_exp><and_exp><literal name="exitcond_flatten" val="0"/>
</and_exp></or_exp>
</condition>

<node id="101" bw="0" op_0_bw="0">
<![CDATA[
ifBlock:2  br label %.preheader2.preheader

]]></node>
<StgValue><ssdm name=""/></StgValue>
</operation>
</state>

<state id="6" st_id="6">

<operation id="84" st_id="6" stage="1" lat="1">
<core>NULL</core>
<MemPortIdVec></MemPortIdVec>
<condition id="89">
<or_exp><and_exp></and_exp></or_exp>
</condition>

<node id="103" bw="4" op_0_bw="4" op_1_bw="0">
<![CDATA[
.preheader1:0  %i_2 = phi i4 [ %i_5, %3 ], [ 0, %.preheader2.preheader ]

]]></node>
<StgValue><ssdm name="i_2"/></StgValue>
</operation>

<operation id="85" st_id="6" stage="1" lat="1">
<core>Cmp</core>
<MemPortIdVec></MemPortIdVec>
<condition id="89">
<or_exp><and_exp></and_exp></or_exp>
</condition>

<node id="104" bw="1" op_0_bw="4" op_1_bw="4">
<![CDATA[
.preheader1:1  %exitcond4 = icmp eq i4 %i_2, -8

]]></node>
<StgValue><ssdm name="exitcond4"/></StgValue>
</operation>

<operation id="86" st_id="6" stage="1" lat="1">
<core>NULL</core>
<MemPortIdVec></MemPortIdVec>
<condition id="89">
<or_exp><and_exp></and_exp></or_exp>
</condition>

<node id="105" bw="32" op_0_bw="32" op_1_bw="64" op_2_bw="64" op_3_bw="64">
<![CDATA[
.preheader1:2  %empty_18 = call i32 (...)* @_ssdm_op_SpecLoopTripCount(i64 8, i64 8, i64 8)

]]></node>
<StgValue><ssdm name="empty_18"/></StgValue>
</operation>

<operation id="87" st_id="6" stage="1" lat="1">
<core>AddSub</core>
<MemPortIdVec></MemPortIdVec>
<condition id="89">
<or_exp><and_exp></and_exp></or_exp>
</condition>

<node id="106" bw="4" op_0_bw="4" op_1_bw="4">
<![CDATA[
.preheader1:3  %i_5 = add i4 %i_2, 1

]]></node>
<StgValue><ssdm name="i_5"/></StgValue>
</operation>

<operation id="88" st_id="6" stage="1" lat="1">
<core>NULL</core>
<MemPortIdVec></MemPortIdVec>
<condition id="89">
<or_exp><and_exp></and_exp></or_exp>
</condition>

<node id="107" bw="0" op_0_bw="1" op_1_bw="0" op_2_bw="0">
<![CDATA[
.preheader1:4  br i1 %exitcond4, label %.preheader.preheader, label %3

]]></node>
<StgValue><ssdm name=""/></StgValue>
</operation>

<operation id="89" st_id="6" stage="2" lat="2">
<core></core>
<MemPortIdVec></MemPortIdVec>
<condition id="91">
<or_exp><and_exp><literal name="exitcond4" val="0"/>
</and_exp></or_exp>
</condition>

<node id="110" bw="0" op_0_bw="0" op_1_bw="16" op_2_bw="16" op_3_bw="16" op_4_bw="16" op_5_bw="16" op_6_bw="16" op_7_bw="16" op_8_bw="16" op_9_bw="4" op_10_bw="16" op_11_bw="4">
<![CDATA[
:1  call fastcc void @dct_1d([8 x i16]* nocapture %col_inbuf_0, [8 x i16]* nocapture %col_inbuf_1, [8 x i16]* nocapture %col_inbuf_2, [8 x i16]* nocapture %col_inbuf_3, [8 x i16]* nocapture %col_inbuf_4, [8 x i16]* nocapture %col_inbuf_5, [8 x i16]* nocapture %col_inbuf_6, [8 x i16]* nocapture %col_inbuf_7, i4 %i_2, [64 x i16]* nocapture %col_outbuf, i4 %i_2)

]]></node>
<StgValue><ssdm name=""/></StgValue>
</operation>
</state>

<state id="7" st_id="7">

<operation id="90" st_id="7" stage="1" lat="1">
<core>NULL</core>
<MemPortIdVec></MemPortIdVec>
<condition id="92">
<or_exp><and_exp></and_exp></or_exp>
</condition>

<node id="109" bw="0" op_0_bw="0" op_1_bw="8">
<![CDATA[
:0  call void (...)* @_ssdm_op_SpecLoopName([13 x i8]* @p_str7) nounwind

]]></node>
<StgValue><ssdm name=""/></StgValue>
</operation>

<operation id="91" st_id="7" stage="1" lat="2">
<core></core>
<MemPortIdVec></MemPortIdVec>
<condition id="92">
<or_exp><and_exp></and_exp></or_exp>
</condition>

<node id="110" bw="0" op_0_bw="0" op_1_bw="16" op_2_bw="16" op_3_bw="16" op_4_bw="16" op_5_bw="16" op_6_bw="16" op_7_bw="16" op_8_bw="16" op_9_bw="4" op_10_bw="16" op_11_bw="4">
<![CDATA[
:1  call fastcc void @dct_1d([8 x i16]* nocapture %col_inbuf_0, [8 x i16]* nocapture %col_inbuf_1, [8 x i16]* nocapture %col_inbuf_2, [8 x i16]* nocapture %col_inbuf_3, [8 x i16]* nocapture %col_inbuf_4, [8 x i16]* nocapture %col_inbuf_5, [8 x i16]* nocapture %col_inbuf_6, [8 x i16]* nocapture %col_inbuf_7, i4 %i_2, [64 x i16]* nocapture %col_outbuf, i4 %i_2)

]]></node>
<StgValue><ssdm name=""/></StgValue>
</operation>

<operation id="92" st_id="7" stage="1" lat="1">
<core>NULL</core>
<MemPortIdVec></MemPortIdVec>
<condition id="92">
<or_exp><and_exp></and_exp></or_exp>
</condition>

<node id="111" bw="0" op_0_bw="0">
<![CDATA[
:2  br label %.preheader1

]]></node>
<StgValue><ssdm name=""/></StgValue>
</operation>
</state>

<state id="8" st_id="8">

<operation id="93" st_id="8" stage="1" lat="1">
<core>NULL</core>
<MemPortIdVec></MemPortIdVec>
<condition id="-1">
<or_exp><and_exp></and_exp></or_exp>
</condition>

<node id="113" bw="7" op_0_bw="7" op_1_bw="0">
<![CDATA[
.preheader.preheader:0  %indvar_flatten1 = phi i7 [ %indvar_flatten_next1, %.preheader ], [ 0, %.preheader1 ]

]]></node>
<StgValue><ssdm name="indvar_flatten1"/></StgValue>
</operation>

<operation id="94" st_id="8" stage="1" lat="1">
<core>NULL</core>
<MemPortIdVec></MemPortIdVec>
<condition id="-1">
<or_exp><and_exp></and_exp></or_exp>
</condition>

<node id="114" bw="4" op_0_bw="4" op_1_bw="0">
<![CDATA[
.preheader.preheader:1  %j_1 = phi i4 [ %j_1_mid2, %.preheader ], [ 0, %.preheader1 ]

]]></node>
<StgValue><ssdm name="j_1"/></StgValue>
</operation>

<operation id="95" st_id="8" stage="1" lat="1">
<core>NULL</core>
<MemPortIdVec></MemPortIdVec>
<condition id="-1">
<or_exp><and_exp></and_exp></or_exp>
</condition>

<node id="115" bw="4" op_0_bw="4" op_1_bw="0">
<![CDATA[
.preheader.preheader:2  %i_3 = phi i4 [ %i_7, %.preheader ], [ 0, %.preheader1 ]

]]></node>
<StgValue><ssdm name="i_3"/></StgValue>
</operation>

<operation id="96" st_id="8" stage="1" lat="1">
<core>Cmp</core>
<MemPortIdVec></MemPortIdVec>
<condition id="-1">
<or_exp><and_exp></and_exp></or_exp>
</condition>

<node id="116" bw="1" op_0_bw="7" op_1_bw="7">
<![CDATA[
.preheader.preheader:3  %exitcond_flatten1 = icmp eq i7 %indvar_flatten1, -64

]]></node>
<StgValue><ssdm name="exitcond_flatten1"/></StgValue>
</operation>

<operation id="97" st_id="8" stage="1" lat="1">
<core>AddSub</core>
<MemPortIdVec></MemPortIdVec>
<condition id="-1">
<or_exp><and_exp></and_exp></or_exp>
</condition>

<node id="117" bw="7" op_0_bw="7" op_1_bw="7">
<![CDATA[
.preheader.preheader:4  %indvar_flatten_next1 = add i7 %indvar_flatten1, 1

]]></node>
<StgValue><ssdm name="indvar_flatten_next1"/></StgValue>
</operation>

<operation id="98" st_id="8" stage="1" lat="1">
<core>NULL</core>
<MemPortIdVec></MemPortIdVec>
<condition id="-1">
<or_exp><and_exp></and_exp></or_exp>
</condition>

<node id="118" bw="0" op_0_bw="1" op_1_bw="0" op_2_bw="0">
<![CDATA[
.preheader.preheader:5  br i1 %exitcond_flatten1, label %4, label %.preheader

]]></node>
<StgValue><ssdm name=""/></StgValue>
</operation>

<operation id="99" st_id="8" stage="1" lat="1">
<core>Cmp</core>
<MemPortIdVec></MemPortIdVec>
<condition id="29">
<or_exp><and_exp><literal name="exitcond_flatten1" val="0"/>
</and_exp></or_exp>
</condition>

<node id="122" bw="1" op_0_bw="4" op_1_bw="4">
<![CDATA[
.preheader:2  %exitcond9 = icmp eq i4 %i_3, -8

]]></node>
<StgValue><ssdm name="exitcond9"/></StgValue>
</operation>

<operation id="100" st_id="8" stage="1" lat="1">
<core>Sel</core>
<MemPortIdVec></MemPortIdVec>
<condition id="29">
<or_exp><and_exp><literal name="exitcond_flatten1" val="0"/>
</and_exp></or_exp>
</condition>

<node id="123" bw="4" op_0_bw="1" op_1_bw="4" op_2_bw="4">
<![CDATA[
.preheader:3  %i_3_mid2 = select i1 %exitcond9, i4 0, i4 %i_3

]]></node>
<StgValue><ssdm name="i_3_mid2"/></StgValue>
</operation>

<operation id="101" st_id="8" stage="1" lat="1">
<core>AddSub</core>
<MemPortIdVec></MemPortIdVec>
<condition id="29">
<or_exp><and_exp><literal name="exitcond_flatten1" val="0"/>
</and_exp></or_exp>
</condition>

<node id="124" bw="4" op_0_bw="4" op_1_bw="4">
<![CDATA[
.preheader:4  %j_2 = add i4 %j_1, 1

]]></node>
<StgValue><ssdm name="j_2"/></StgValue>
</operation>

<operation id="102" st_id="8" stage="1" lat="1">
<core>Sel</core>
<MemPortIdVec></MemPortIdVec>
<condition id="29">
<or_exp><and_exp><literal name="exitcond_flatten1" val="0"/>
</and_exp></or_exp>
</condition>

<node id="125" bw="4" op_0_bw="1" op_1_bw="4" op_2_bw="4">
<![CDATA[
.preheader:5  %j_1_mid2 = select i1 %exitcond9, i4 %j_2, i4 %j_1

]]></node>
<StgValue><ssdm name="j_1_mid2"/></StgValue>
</operation>

<operation id="103" st_id="8" stage="1" lat="1">
<core>NULL</core>
<MemPortIdVec></MemPortIdVec>
<condition id="29">
<or_exp><and_exp><literal name="exitcond_flatten1" val="0"/>
</and_exp></or_exp>
</condition>

<node id="126" bw="8" op_0_bw="4">
<![CDATA[
.preheader:6  %j_1_cast2_cast = zext i4 %j_1_mid2 to i8

]]></node>
<StgValue><ssdm name="j_1_cast2_cast"/></StgValue>
</operation>

<operation id="104" st_id="8" stage="1" lat="1">
<core>NULL</core>
<MemPortIdVec></MemPortIdVec>
<condition id="29">
<or_exp><and_exp><literal name="exitcond_flatten1" val="0"/>
</and_exp></or_exp>
</condition>

<node id="131" bw="7" op_0_bw="7" op_1_bw="4" op_2_bw="3">
<![CDATA[
.preheader:11  %tmp_2 = call i7 @_ssdm_op_BitConcatenate.i7.i4.i3(i4 %i_3_mid2, i3 0)

]]></node>
<StgValue><ssdm name="tmp_2"/></StgValue>
</operation>

<operation id="105" st_id="8" stage="1" lat="1">
<core>NULL</core>
<MemPortIdVec></MemPortIdVec>
<condition id="29">
<or_exp><and_exp><literal name="exitcond_flatten1" val="0"/>
</and_exp></or_exp>
</condition>

<node id="132" bw="8" op_0_bw="7">
<![CDATA[
.preheader:12  %p_addr4_cast = zext i7 %tmp_2 to i8

]]></node>
<StgValue><ssdm name="p_addr4_cast"/></StgValue>
</operation>

<operation id="106" st_id="8" stage="1" lat="1">
<core>AddSub</core>
<MemPortIdVec></MemPortIdVec>
<condition id="29">
<or_exp><and_exp><literal name="exitcond_flatten1" val="0"/>
</and_exp></or_exp>
</condition>

<node id="133" bw="8" op_0_bw="8" op_1_bw="8">
<![CDATA[
.preheader:13  %p_addr5 = add i8 %p_addr4_cast, %j_1_cast2_cast

]]></node>
<StgValue><ssdm name="p_addr5"/></StgValue>
</operation>

<operation id="107" st_id="8" stage="1" lat="1">
<core>NULL</core>
<MemPortIdVec></MemPortIdVec>
<condition id="29">
<or_exp><and_exp><literal name="exitcond_flatten1" val="0"/>
</and_exp></or_exp>
</condition>

<node id="134" bw="32" op_0_bw="8">
<![CDATA[
.preheader:14  %p_addr5_cast = zext i8 %p_addr5 to i32

]]></node>
<StgValue><ssdm name="p_addr5_cast"/></StgValue>
</operation>

<operation id="108" st_id="8" stage="1" lat="1">
<core>NULL</core>
<MemPortIdVec></MemPortIdVec>
<condition id="29">
<or_exp><and_exp><literal name="exitcond_flatten1" val="0"/>
</and_exp></or_exp>
</condition>

<node id="135" bw="6" op_0_bw="16" op_1_bw="32" op_2_bw="32">
<![CDATA[
.preheader:15  %col_outbuf_addr = getelementptr [64 x i16]* %col_outbuf, i32 0, i32 %p_addr5_cast

]]></node>
<StgValue><ssdm name="col_outbuf_addr"/></StgValue>
</operation>

<operation id="109" st_id="8" stage="2" lat="2">
<core>RAM</core>
<MemPortIdVec></MemPortIdVec>
<condition id="29">
<or_exp><and_exp><literal name="exitcond_flatten1" val="0"/>
</and_exp></or_exp>
</condition>

<node id="136" bw="16" op_0_bw="6">
<![CDATA[
.preheader:16  %col_outbuf_load = load i16* %col_outbuf_addr, align 2

]]></node>
<StgValue><ssdm name="col_outbuf_load"/></StgValue>
</operation>

<operation id="110" st_id="8" stage="1" lat="1">
<core>AddSub</core>
<MemPortIdVec></MemPortIdVec>
<condition id="29">
<or_exp><and_exp><literal name="exitcond_flatten1" val="0"/>
</and_exp></or_exp>
</condition>

<node id="144" bw="4" op_0_bw="4" op_1_bw="4">
<![CDATA[
.preheader:24  %i_7 = add i4 %i_3_mid2, 1

]]></node>
<StgValue><ssdm name="i_7"/></StgValue>
</operation>
</state>

<state id="9" st_id="9">

<operation id="111" st_id="9" stage="1" lat="1">
<core>NULL</core>
<MemPortIdVec></MemPortIdVec>
<condition id="29">
<or_exp><and_exp><literal name="exitcond_flatten1" val="0"/>
</and_exp></or_exp>
</condition>

<node id="120" bw="0" op_0_bw="0" op_1_bw="8">
<![CDATA[
.preheader:0  call void (...)* @_ssdm_op_SpecLoopName([42 x i8]* @str3)

]]></node>
<StgValue><ssdm name=""/></StgValue>
</operation>

<operation id="112" st_id="9" stage="1" lat="1">
<core>NULL</core>
<MemPortIdVec></MemPortIdVec>
<condition id="29">
<or_exp><and_exp><literal name="exitcond_flatten1" val="0"/>
</and_exp></or_exp>
</condition>

<node id="121" bw="32" op_0_bw="32" op_1_bw="64" op_2_bw="64" op_3_bw="64">
<![CDATA[
.preheader:1  %empty_19 = call i32 (...)* @_ssdm_op_SpecLoopTripCount(i64 64, i64 64, i64 64)

]]></node>
<StgValue><ssdm name="empty_19"/></StgValue>
</operation>

<operation id="113" st_id="9" stage="1" lat="1">
<core>NULL</core>
<MemPortIdVec></MemPortIdVec>
<condition id="29">
<or_exp><and_exp><literal name="exitcond_flatten1" val="0"/>
</and_exp></or_exp>
</condition>

<node id="127" bw="8" op_0_bw="4">
<![CDATA[
.preheader:7  %i_3_cast1_cast = zext i4 %i_3_mid2 to i8

]]></node>
<StgValue><ssdm name="i_3_cast1_cast"/></StgValue>
</operation>

<operation id="114" st_id="9" stage="1" lat="1">
<core>NULL</core>
<MemPortIdVec></MemPortIdVec>
<condition id="29">
<or_exp><and_exp><literal name="exitcond_flatten1" val="0"/>
</and_exp></or_exp>
</condition>

<node id="128" bw="0" op_0_bw="0" op_1_bw="8">
<![CDATA[
.preheader:8  call void (...)* @_ssdm_op_SpecLoopName([21 x i8]* @p_str9) nounwind

]]></node>
<StgValue><ssdm name=""/></StgValue>
</operation>

<operation id="115" st_id="9" stage="1" lat="1">
<core>NULL</core>
<MemPortIdVec></MemPortIdVec>
<condition id="29">
<or_exp><and_exp><literal name="exitcond_flatten1" val="0"/>
</and_exp></or_exp>
</condition>

<node id="129" bw="32" op_0_bw="32" op_1_bw="8">
<![CDATA[
.preheader:9  %tmp_7 = call i32 (...)* @_ssdm_op_SpecRegionBegin([21 x i8]* @p_str9)

]]></node>
<StgValue><ssdm name="tmp_7"/></StgValue>
</operation>

<operation id="116" st_id="9" stage="1" lat="1">
<core>NULL</core>
<MemPortIdVec></MemPortIdVec>
<condition id="29">
<or_exp><and_exp><literal name="exitcond_flatten1" val="0"/>
</and_exp></or_exp>
</condition>

<node id="130" bw="0" op_0_bw="0" op_1_bw="32" op_2_bw="32" op_3_bw="32" op_4_bw="8">
<![CDATA[
.preheader:10  call void (...)* @_ssdm_op_SpecPipeline(i32 1, i32 1, i32 1, [1 x i8]* @p_str1) nounwind

]]></node>
<StgValue><ssdm name=""/></StgValue>
</operation>

<operation id="117" st_id="9" stage="1" lat="2">
<core>RAM</core>
<MemPortIdVec></MemPortIdVec>
<condition id="29">
<or_exp><and_exp><literal name="exitcond_flatten1" val="0"/>
</and_exp></or_exp>
</condition>

<node id="136" bw="16" op_0_bw="6">
<![CDATA[
.preheader:16  %col_outbuf_load = load i16* %col_outbuf_addr, align 2

]]></node>
<StgValue><ssdm name="col_outbuf_load"/></StgValue>
</operation>

<operation id="118" st_id="9" stage="1" lat="1">
<core>NULL</core>
<MemPortIdVec></MemPortIdVec>
<condition id="29">
<or_exp><and_exp><literal name="exitcond_flatten1" val="0"/>
</and_exp></or_exp>
</condition>

<node id="137" bw="7" op_0_bw="7" op_1_bw="4" op_2_bw="3">
<![CDATA[
.preheader:17  %tmp_3 = call i7 @_ssdm_op_BitConcatenate.i7.i4.i3(i4 %j_1_mid2, i3 0)

]]></node>
<StgValue><ssdm name="tmp_3"/></StgValue>
</operation>

<operation id="119" st_id="9" stage="1" lat="1">
<core>NULL</core>
<MemPortIdVec></MemPortIdVec>
<condition id="29">
<or_exp><and_exp><literal name="exitcond_flatten1" val="0"/>
</and_exp></or_exp>
</condition>

<node id="138" bw="8" op_0_bw="7">
<![CDATA[
.preheader:18  %p_addr1_cast = zext i7 %tmp_3 to i8

]]></node>
<StgValue><ssdm name="p_addr1_cast"/></StgValue>
</operation>

<operation id="120" st_id="9" stage="1" lat="1">
<core>AddSub</core>
<MemPortIdVec></MemPortIdVec>
<condition id="29">
<or_exp><and_exp><literal name="exitcond_flatten1" val="0"/>
</and_exp></or_exp>
</condition>

<node id="139" bw="8" op_0_bw="8" op_1_bw="8">
<![CDATA[
.preheader:19  %p_addr2 = add i8 %p_addr1_cast, %i_3_cast1_cast

]]></node>
<StgValue><ssdm name="p_addr2"/></StgValue>
</operation>

<operation id="121" st_id="9" stage="1" lat="1">
<core>NULL</core>
<MemPortIdVec></MemPortIdVec>
<condition id="29">
<or_exp><and_exp><literal name="exitcond_flatten1" val="0"/>
</and_exp></or_exp>
</condition>

<node id="140" bw="32" op_0_bw="8">
<![CDATA[
.preheader:20  %p_addr2_cast = zext i8 %p_addr2 to i32

]]></node>
<StgValue><ssdm name="p_addr2_cast"/></StgValue>
</operation>

<operation id="122" st_id="9" stage="1" lat="1">
<core>NULL</core>
<MemPortIdVec></MemPortIdVec>
<condition id="29">
<or_exp><and_exp><literal name="exitcond_flatten1" val="0"/>
</and_exp></or_exp>
</condition>

<node id="141" bw="6" op_0_bw="16" op_1_bw="32" op_2_bw="32">
<![CDATA[
.preheader:21  %out_block_addr = getelementptr [64 x i16]* %out_block, i32 0, i32 %p_addr2_cast

]]></node>
<StgValue><ssdm name="out_block_addr"/></StgValue>
</operation>

<operation id="123" st_id="9" stage="1" lat="1">
<core>RAM</core>
<MemPortIdVec></MemPortIdVec>
<condition id="29">
<or_exp><and_exp><literal name="exitcond_flatten1" val="0"/>
</and_exp></or_exp>
</condition>

<node id="142" bw="0" op_0_bw="16" op_1_bw="6">
<![CDATA[
.preheader:22  store i16 %col_outbuf_load, i16* %out_block_addr, align 2

]]></node>
<StgValue><ssdm name=""/></StgValue>
</operation>

<operation id="124" st_id="9" stage="1" lat="1">
<core>NULL</core>
<MemPortIdVec></MemPortIdVec>
<condition id="29">
<or_exp><and_exp><literal name="exitcond_flatten1" val="0"/>
</and_exp></or_exp>
</condition>

<node id="143" bw="32" op_0_bw="32" op_1_bw="8" op_2_bw="32">
<![CDATA[
.preheader:23  %empty_20 = call i32 (...)* @_ssdm_op_SpecRegionEnd([21 x i8]* @p_str9, i32 %tmp_7)

]]></node>
<StgValue><ssdm name="empty_20"/></StgValue>
</operation>

<operation id="125" st_id="9" stage="1" lat="1">
<core>NULL</core>
<MemPortIdVec></MemPortIdVec>
<condition id="29">
<or_exp><and_exp><literal name="exitcond_flatten1" val="0"/>
</and_exp></or_exp>
</condition>

<node id="145" bw="0" op_0_bw="0">
<![CDATA[
.preheader:25  br label %.preheader.preheader

]]></node>
<StgValue><ssdm name=""/></StgValue>
</operation>
</state>

<state id="10" st_id="10">

<operation id="126" st_id="10" stage="1" lat="1">
<core>NULL</core>
<MemPortIdVec></MemPortIdVec>
<condition id="93">
<or_exp><and_exp></and_exp></or_exp>
</condition>

<node id="147" bw="0">
<![CDATA[
:0  ret void

]]></node>
<StgValue><ssdm name=""/></StgValue>
</operation>
</state>
</state_list>


<ports>
</ports>


<dataflows>
</dataflows>


</stg>
