<profile>

<section name = "Vivado HLS Report for 'dct_2d'" level="0">
<item name = "Date">Sat Jan 04 13:45:57 2014
</item>
<item name = "Version">2013.3 (build date: Wed Oct 16 18:12:55 PM 2013)</item>
<item name = "Project">dct_prj</item>
<item name = "Solution">solution4</item>
<item name = "Product family">artix7 artix7_fpv6 </item>
<item name = "Target device">xc7a100tcsg324-1</item>
</section>

<section name = "Performance Estimates" level="0">
<item name = "Timing (ns)">
<section name = "" level="1">
<item name = "Summary"><table name="" hasTotal="0">
<keys size="4">Clock, Target, Estimated, Uncertainty</keys>
<column name="default">10.00, 7.76, 1.25</column>
</table>
</item>
</section>
</item>
<item name = "Latency (clock cycles)">
<section name = "" level="1">
<item name = "Summary"><table name="" hasTotal="0">
<keys size="6">, min, max, min, max, Type</keys>
<column name="">373, 373, 373, 373, none</column>
</table>
</item>
<item name = "Detail">
<section name = "" level="1">
<item name = "Instance"><table name="" hasTotal="0">
<keys size="7">Instance, Module, min, max, min, max, Type</keys>
<column name="grp_dct_1d_fu_358">dct_1d, 13, 13, 13, 13, none</column>
</table>
</item>
<item name = "Loop"><table name="" hasTotal="0">
<keys size="8">Loop Name, min, max, Latency, achieved, target, Count, Pipelined</keys>
<column name="- Row_DCT_Loop">120, 120, 15, -, -, 8, no</column>
<column name="- Xpose_Row_Outer_Loop_Xpose_Row_Inner_Loop">64, 64, 2, 1, 1, 64, yes</column>
<column name="- Col_DCT_Loop">120, 120, 15, -, -, 8, no</column>
<column name="- Xpose_Col_Outer_Loop_Xpose_Col_Inner_Loop">64, 64, 2, 1, 1, 64, yes</column>
</table>
</item>
</section>
</item>
</section>
</item>
</section>

<section name = "Utilization Estimates" level="0">
<item name = "Summary"><table name="" hasTotal="1">
<keys size="5">Name, BRAM_18K, DSP48E, FF, LUT</keys>
<column name="Expression">-, -, 0, 108</column>
<column name="FIFO">-, -, -, -</column>
<column name="Instance">8, 8, 386, 116</column>
<column name="Memory">10, -, 0, 0</column>
<column name="Multiplexer">-, -, -, 218</column>
<column name="Register">-, -, 71, -</column>
<column name="ShiftMemory">-, -, -, -</column>
<specialColumn name="Available">270, 240, 126800, 63400</specialColumn>
<specialColumn name="Utilization (%)">6, 3, ~0, ~0</specialColumn>
</table>
</item>
<item name = "Detail">
<section name = "" level="1">
<item name = "Instance"><table name="" hasTotal="1">
<keys size="6">Instance, Module, BRAM_18K, DSP48E, FF, LUT</keys>
<column name="grp_dct_1d_fu_358">dct_1d, 8, 8, 386, 116</column>
</table>
</item>
<item name = "Memory"><table name="" hasTotal="1">
<keys size="7">Memory, Module, BRAM_18K, Words, Bits, Banks, W*Bits*Banks</keys>
<column name="col_inbuf_0_U">dct_2d_col_inbuf_0, 1, 8, 16, 1, 128</column>
<column name="col_inbuf_1_U">dct_2d_col_inbuf_0, 1, 8, 16, 1, 128</column>
<column name="col_inbuf_2_U">dct_2d_col_inbuf_0, 1, 8, 16, 1, 128</column>
<column name="col_inbuf_3_U">dct_2d_col_inbuf_0, 1, 8, 16, 1, 128</column>
<column name="col_inbuf_4_U">dct_2d_col_inbuf_0, 1, 8, 16, 1, 128</column>
<column name="col_inbuf_5_U">dct_2d_col_inbuf_0, 1, 8, 16, 1, 128</column>
<column name="col_inbuf_6_U">dct_2d_col_inbuf_0, 1, 8, 16, 1, 128</column>
<column name="col_inbuf_7_U">dct_2d_col_inbuf_0, 1, 8, 16, 1, 128</column>
<column name="row_outbuf_U">dct_2d_row_outbuf, 1, 64, 16, 1, 1024</column>
<column name="col_outbuf_U">dct_2d_row_outbuf, 1, 64, 16, 1, 1024</column>
</table>
</item>
<item name = "FIFO"><table name="" hasTotal="1">
<keys size="7">Name, BRAM_18K, FF, LUT, Depth, Bits, Size:D*B</keys>
</table>
</item>
<item name = "Shift register"><table name="" hasTotal="1">
<keys size="5">Name, FF, LUT, Bits, Const Bits</keys>
</table>
</item>
<item name = "Expression"><table name="" hasTotal="1">
<keys size="7">Variable Name, Operation, DSP48E, FF, LUT, Bitwidth P0, Bitwidth P1</keys>
<column name="i_4_fu_407_p2">+, 0, 0, 4, 4, 1</column>
<column name="i_5_fu_507_p2">+, 0, 0, 4, 4, 1</column>
<column name="i_6_fu_484_p2">+, 0, 0, 4, 4, 1</column>
<column name="i_7_fu_580_p2">+, 0, 0, 4, 4, 1</column>
<column name="indvar_flatten_next1_fu_519_p2">+, 0, 0, 7, 7, 1</column>
<column name="indvar_flatten_next_fu_419_p2">+, 0, 0, 7, 7, 1</column>
<column name="j_2_fu_539_p2">+, 0, 0, 4, 4, 1</column>
<column name="j_s_fu_439_p2">+, 0, 0, 4, 4, 1</column>
<column name="p_addr2_fu_600_p2">+, 0, 0, 8, 8, 8</column>
<column name="p_addr3_fu_469_p2">+, 0, 0, 8, 8, 8</column>
<column name="p_addr5_fu_569_p2">+, 0, 0, 8, 8, 8</column>
<column name="i_1_mid2_fu_431_p3">Select, 0, 0, 4, 1, 1</column>
<column name="i_3_mid2_fu_531_p3">Select, 0, 0, 4, 1, 1</column>
<column name="j_1_mid2_fu_545_p3">Select, 0, 0, 4, 1, 4</column>
<column name="j_mid2_fu_445_p3">Select, 0, 0, 4, 1, 4</column>
<column name="exitcond4_fu_501_p2">icmp, 0, 0, 4, 4, 5</column>
<column name="exitcond7_fu_401_p2">icmp, 0, 0, 4, 4, 5</column>
<column name="exitcond9_fu_525_p2">icmp, 0, 0, 4, 4, 5</column>
<column name="exitcond_flatten1_fu_513_p2">icmp, 0, 0, 7, 7, 8</column>
<column name="exitcond_flatten_fu_413_p2">icmp, 0, 0, 7, 7, 8</column>
<column name="exitcond_fu_425_p2">icmp, 0, 0, 4, 4, 5</column>
</table>
</item>
<item name = "Multiplexer"><table name="" hasTotal="1">
<keys size="5">Name, LUT, Input Size, Bits, Total Bits</keys>
<column name="col_inbuf_0_address0">3, 3, 3, 9</column>
<column name="col_inbuf_1_address0">3, 3, 3, 9</column>
<column name="col_inbuf_2_address0">3, 3, 3, 9</column>
<column name="col_inbuf_3_address0">3, 3, 3, 9</column>
<column name="col_inbuf_4_address0">3, 3, 3, 9</column>
<column name="col_inbuf_5_address0">3, 3, 3, 9</column>
<column name="col_inbuf_6_address0">3, 3, 3, 9</column>
<column name="col_inbuf_7_address0">3, 3, 3, 9</column>
<column name="col_outbuf_address0">6, 3, 6, 18</column>
<column name="grp_dct_1d_fu_358_i_2">4, 3, 4, 12</column>
<column name="grp_dct_1d_fu_358_i_21">4, 3, 4, 12</column>
<column name="grp_dct_1d_fu_358_src1_q0">16, 3, 16, 48</column>
<column name="grp_dct_1d_fu_358_src2_q0">16, 3, 16, 48</column>
<column name="grp_dct_1d_fu_358_src3_q0">16, 3, 16, 48</column>
<column name="grp_dct_1d_fu_358_src4_q0">16, 3, 16, 48</column>
<column name="grp_dct_1d_fu_358_src5_q0">16, 3, 16, 48</column>
<column name="grp_dct_1d_fu_358_src6_q0">16, 3, 16, 48</column>
<column name="grp_dct_1d_fu_358_src7_q0">16, 3, 16, 48</column>
<column name="grp_dct_1d_fu_358_src_q0">16, 3, 16, 48</column>
<column name="i_1_reg_301">4, 2, 4, 8</column>
<column name="i_2_reg_312">4, 2, 4, 8</column>
<column name="i_3_reg_346">4, 2, 4, 8</column>
<column name="i_reg_267">4, 2, 4, 8</column>
<column name="indvar_flatten1_reg_324">7, 2, 7, 14</column>
<column name="indvar_flatten_reg_279">7, 2, 7, 14</column>
<column name="j_1_phi_fu_339_p4">4, 2, 4, 8</column>
<column name="j_1_reg_335">4, 2, 4, 8</column>
<column name="j_phi_fu_294_p4">4, 2, 4, 8</column>
<column name="j_reg_290">4, 2, 4, 8</column>
<column name="row_outbuf_address0">6, 3, 6, 18</column>
</table>
</item>
<item name = "Register"><table name="" hasTotal="1">
<keys size="4">Name, FF, Bits, Const Bits</keys>
<column name="ap_CS_fsm">3, 3, 0</column>
<column name="ap_reg_ppiten_pp0_it0">1, 1, 0</column>
<column name="ap_reg_ppiten_pp0_it1">1, 1, 0</column>
<column name="ap_reg_ppiten_pp1_it0">1, 1, 0</column>
<column name="ap_reg_ppiten_pp1_it1">1, 1, 0</column>
<column name="exitcond_flatten1_reg_656">1, 1, 0</column>
<column name="exitcond_flatten_reg_619">1, 1, 0</column>
<column name="grp_dct_1d_fu_358_ap_start_ap_start_reg">1, 1, 0</column>
<column name="i_1_reg_301">4, 4, 0</column>
<column name="i_2_reg_312">4, 4, 0</column>
<column name="i_3_mid2_reg_665">4, 4, 0</column>
<column name="i_3_reg_346">4, 4, 0</column>
<column name="i_4_reg_614">4, 4, 0</column>
<column name="i_5_reg_651">4, 4, 0</column>
<column name="i_reg_267">4, 4, 0</column>
<column name="indvar_flatten1_reg_324">7, 7, 0</column>
<column name="indvar_flatten_reg_279">7, 7, 0</column>
<column name="j_1_mid2_reg_670">4, 4, 0</column>
<column name="j_1_reg_335">4, 4, 0</column>
<column name="j_mid2_reg_628">4, 4, 0</column>
<column name="j_reg_290">4, 4, 0</column>
<column name="tmp_1_reg_639">3, 3, 0</column>
</table>
</item>
</section>
</item>
</section>

<section name = "Interface" level="0">
<item name = "Summary"><table name="" hasTotal="0">
<keys size="6">RTL Ports, Dir, Bits, Protocol, Source Object, C Type</keys>
<column name="ap_clk">in, 1, ap_ctrl_hs, dct_2d, return value</column>
<column name="ap_rst">in, 1, ap_ctrl_hs, dct_2d, return value</column>
<column name="ap_start">in, 1, ap_ctrl_hs, dct_2d, return value</column>
<column name="ap_done">out, 1, ap_ctrl_hs, dct_2d, return value</column>
<column name="ap_idle">out, 1, ap_ctrl_hs, dct_2d, return value</column>
<column name="ap_ready">out, 1, ap_ctrl_hs, dct_2d, return value</column>
<column name="in_block_0_address0">out, 3, ap_memory, in_block_0, array</column>
<column name="in_block_0_ce0">out, 1, ap_memory, in_block_0, array</column>
<column name="in_block_0_q0">in, 16, ap_memory, in_block_0, array</column>
<column name="in_block_1_address0">out, 3, ap_memory, in_block_1, array</column>
<column name="in_block_1_ce0">out, 1, ap_memory, in_block_1, array</column>
<column name="in_block_1_q0">in, 16, ap_memory, in_block_1, array</column>
<column name="in_block_2_address0">out, 3, ap_memory, in_block_2, array</column>
<column name="in_block_2_ce0">out, 1, ap_memory, in_block_2, array</column>
<column name="in_block_2_q0">in, 16, ap_memory, in_block_2, array</column>
<column name="in_block_3_address0">out, 3, ap_memory, in_block_3, array</column>
<column name="in_block_3_ce0">out, 1, ap_memory, in_block_3, array</column>
<column name="in_block_3_q0">in, 16, ap_memory, in_block_3, array</column>
<column name="in_block_4_address0">out, 3, ap_memory, in_block_4, array</column>
<column name="in_block_4_ce0">out, 1, ap_memory, in_block_4, array</column>
<column name="in_block_4_q0">in, 16, ap_memory, in_block_4, array</column>
<column name="in_block_5_address0">out, 3, ap_memory, in_block_5, array</column>
<column name="in_block_5_ce0">out, 1, ap_memory, in_block_5, array</column>
<column name="in_block_5_q0">in, 16, ap_memory, in_block_5, array</column>
<column name="in_block_6_address0">out, 3, ap_memory, in_block_6, array</column>
<column name="in_block_6_ce0">out, 1, ap_memory, in_block_6, array</column>
<column name="in_block_6_q0">in, 16, ap_memory, in_block_6, array</column>
<column name="in_block_7_address0">out, 3, ap_memory, in_block_7, array</column>
<column name="in_block_7_ce0">out, 1, ap_memory, in_block_7, array</column>
<column name="in_block_7_q0">in, 16, ap_memory, in_block_7, array</column>
<column name="out_block_address0">out, 6, ap_memory, out_block, array</column>
<column name="out_block_ce0">out, 1, ap_memory, out_block, array</column>
<column name="out_block_we0">out, 1, ap_memory, out_block, array</column>
<column name="out_block_d0">out, 16, ap_memory, out_block, array</column>
</table>
</item>
</section>
</profile>
