<stg><name>dct_1d</name>


<trans_list>

<trans id="118" from="1" to="2">
<condition id="12">
<or_exp><and_exp></and_exp></or_exp>
</condition>
</trans>

<trans id="131" from="2" to="7">
<condition id="22">
<or_exp><and_exp><literal name="exitcond1" val="1"/>
</and_exp></or_exp>
</condition>
</trans>

<trans id="132" from="2" to="3">
<condition id="27">
<or_exp><and_exp><literal name="exitcond1" val="0"/>
</and_exp></or_exp>
</condition>
</trans>

<trans id="127" from="3" to="4">
<condition id="23">
<or_exp><and_exp></and_exp></or_exp>
</condition>
</trans>

<trans id="128" from="4" to="5">
<condition id="24">
<or_exp><and_exp></and_exp></or_exp>
</condition>
</trans>

<trans id="129" from="5" to="6">
<condition id="25">
<or_exp><and_exp></and_exp></or_exp>
</condition>
</trans>

<trans id="130" from="6" to="2">
<condition id="26">
<or_exp><and_exp></and_exp></or_exp>
</condition>
</trans>
</trans_list>



<state_list>

<state id="1" st_id="1">

<operation id="8" st_id="1" stage="1" lat="1">
<core>NULL</core>
<MemPortIdVec></MemPortIdVec>
<condition id="9">
<or_exp><and_exp></and_exp></or_exp>
</condition>

<node id="20" bw="4" op_0_bw="4" op_1_bw="4">
<![CDATA[
:0  %i_21_read = call i4 @_ssdm_op_Read.ap_auto.i4(i4 %i_21)

]]></node>
<StgValue><ssdm name="i_21_read"/></StgValue>
</operation>

<operation id="9" st_id="1" stage="1" lat="1">
<core>NULL</core>
<MemPortIdVec></MemPortIdVec>
<condition id="9">
<or_exp><and_exp></and_exp></or_exp>
</condition>

<node id="21" bw="4" op_0_bw="4" op_1_bw="4">
<![CDATA[
:1  %i_2_read = call i4 @_ssdm_op_Read.ap_auto.i4(i4 %i_2)

]]></node>
<StgValue><ssdm name="i_2_read"/></StgValue>
</operation>

<operation id="10" st_id="1" stage="1" lat="1">
<core>NULL</core>
<MemPortIdVec></MemPortIdVec>
<condition id="9">
<or_exp><and_exp></and_exp></or_exp>
</condition>

<node id="22" bw="32" op_0_bw="4">
<![CDATA[
:2  %i_2_cast = zext i4 %i_2_read to i32

]]></node>
<StgValue><ssdm name="i_2_cast"/></StgValue>
</operation>

<operation id="11" st_id="1" stage="1" lat="1">
<core>NULL</core>
<MemPortIdVec></MemPortIdVec>
<condition id="9">
<or_exp><and_exp></and_exp></or_exp>
</condition>

<node id="23" bw="3" op_0_bw="16" op_1_bw="32" op_2_bw="32">
<![CDATA[
:3  %src_addr = getelementptr [8 x i16]* %src, i32 0, i32 %i_2_cast

]]></node>
<StgValue><ssdm name="src_addr"/></StgValue>
</operation>

<operation id="12" st_id="1" stage="1" lat="1">
<core>NULL</core>
<MemPortIdVec></MemPortIdVec>
<condition id="9">
<or_exp><and_exp></and_exp></or_exp>
</condition>

<node id="24" bw="3" op_0_bw="16" op_1_bw="32" op_2_bw="32">
<![CDATA[
:4  %src1_addr = getelementptr [8 x i16]* %src1, i32 0, i32 %i_2_cast

]]></node>
<StgValue><ssdm name="src1_addr"/></StgValue>
</operation>

<operation id="13" st_id="1" stage="1" lat="1">
<core>NULL</core>
<MemPortIdVec></MemPortIdVec>
<condition id="9">
<or_exp><and_exp></and_exp></or_exp>
</condition>

<node id="25" bw="3" op_0_bw="16" op_1_bw="32" op_2_bw="32">
<![CDATA[
:5  %src2_addr = getelementptr [8 x i16]* %src2, i32 0, i32 %i_2_cast

]]></node>
<StgValue><ssdm name="src2_addr"/></StgValue>
</operation>

<operation id="14" st_id="1" stage="1" lat="1">
<core>NULL</core>
<MemPortIdVec></MemPortIdVec>
<condition id="9">
<or_exp><and_exp></and_exp></or_exp>
</condition>

<node id="26" bw="3" op_0_bw="16" op_1_bw="32" op_2_bw="32">
<![CDATA[
:6  %src3_addr = getelementptr [8 x i16]* %src3, i32 0, i32 %i_2_cast

]]></node>
<StgValue><ssdm name="src3_addr"/></StgValue>
</operation>

<operation id="15" st_id="1" stage="1" lat="1">
<core>NULL</core>
<MemPortIdVec></MemPortIdVec>
<condition id="9">
<or_exp><and_exp></and_exp></or_exp>
</condition>

<node id="27" bw="3" op_0_bw="16" op_1_bw="32" op_2_bw="32">
<![CDATA[
:7  %src4_addr = getelementptr [8 x i16]* %src4, i32 0, i32 %i_2_cast

]]></node>
<StgValue><ssdm name="src4_addr"/></StgValue>
</operation>

<operation id="16" st_id="1" stage="1" lat="1">
<core>NULL</core>
<MemPortIdVec></MemPortIdVec>
<condition id="9">
<or_exp><and_exp></and_exp></or_exp>
</condition>

<node id="28" bw="3" op_0_bw="16" op_1_bw="32" op_2_bw="32">
<![CDATA[
:8  %src5_addr = getelementptr [8 x i16]* %src5, i32 0, i32 %i_2_cast

]]></node>
<StgValue><ssdm name="src5_addr"/></StgValue>
</operation>

<operation id="17" st_id="1" stage="1" lat="1">
<core>NULL</core>
<MemPortIdVec></MemPortIdVec>
<condition id="9">
<or_exp><and_exp></and_exp></or_exp>
</condition>

<node id="29" bw="3" op_0_bw="16" op_1_bw="32" op_2_bw="32">
<![CDATA[
:9  %src6_addr = getelementptr [8 x i16]* %src6, i32 0, i32 %i_2_cast

]]></node>
<StgValue><ssdm name="src6_addr"/></StgValue>
</operation>

<operation id="18" st_id="1" stage="1" lat="1">
<core>NULL</core>
<MemPortIdVec></MemPortIdVec>
<condition id="9">
<or_exp><and_exp></and_exp></or_exp>
</condition>

<node id="30" bw="3" op_0_bw="16" op_1_bw="32" op_2_bw="32">
<![CDATA[
:10  %src7_addr = getelementptr [8 x i16]* %src7, i32 0, i32 %i_2_cast

]]></node>
<StgValue><ssdm name="src7_addr"/></StgValue>
</operation>

<operation id="19" st_id="1" stage="1" lat="1">
<core>NULL</core>
<MemPortIdVec></MemPortIdVec>
<condition id="9">
<or_exp><and_exp></and_exp></or_exp>
</condition>

<node id="31" bw="0" op_0_bw="0">
<![CDATA[
:11  br label %1

]]></node>
<StgValue><ssdm name=""/></StgValue>
</operation>
</state>

<state id="2" st_id="2">

<operation id="20" st_id="2" stage="1" lat="1">
<core>NULL</core>
<MemPortIdVec></MemPortIdVec>
<condition id="-1">
<or_exp><and_exp></and_exp></or_exp>
</condition>

<node id="33" bw="4" op_0_bw="4" op_1_bw="0">
<![CDATA[
:0  %k = phi i4 [ 0, %0 ], [ %k_1, %2 ]

]]></node>
<StgValue><ssdm name="k"/></StgValue>
</operation>

<operation id="21" st_id="2" stage="1" lat="1">
<core>Cmp</core>
<MemPortIdVec></MemPortIdVec>
<condition id="-1">
<or_exp><and_exp></and_exp></or_exp>
</condition>

<node id="34" bw="1" op_0_bw="4" op_1_bw="4">
<![CDATA[
:1  %exitcond1 = icmp eq i4 %k, -8

]]></node>
<StgValue><ssdm name="exitcond1"/></StgValue>
</operation>

<operation id="22" st_id="2" stage="1" lat="1">
<core>AddSub</core>
<MemPortIdVec></MemPortIdVec>
<condition id="-1">
<or_exp><and_exp></and_exp></or_exp>
</condition>

<node id="35" bw="4" op_0_bw="4" op_1_bw="4">
<![CDATA[
:2  %k_1 = add i4 %k, 1

]]></node>
<StgValue><ssdm name="k_1"/></StgValue>
</operation>

<operation id="23" st_id="2" stage="1" lat="1">
<core>NULL</core>
<MemPortIdVec></MemPortIdVec>
<condition id="-1">
<or_exp><and_exp></and_exp></or_exp>
</condition>

<node id="36" bw="0" op_0_bw="1" op_1_bw="0" op_2_bw="0">
<![CDATA[
:3  br i1 %exitcond1, label %3, label %2

]]></node>
<StgValue><ssdm name=""/></StgValue>
</operation>

<operation id="24" st_id="2" stage="1" lat="1">
<core>NULL</core>
<MemPortIdVec></MemPortIdVec>
<condition id="0">
<or_exp><and_exp><literal name="exitcond1" val="0"/>
</and_exp></or_exp>
</condition>

<node id="38" bw="32" op_0_bw="4">
<![CDATA[
:0  %k_cast8 = zext i4 %k to i32

]]></node>
<StgValue><ssdm name="k_cast8"/></StgValue>
</operation>

<operation id="25" st_id="2" stage="1" lat="1">
<core>NULL</core>
<MemPortIdVec></MemPortIdVec>
<condition id="0">
<or_exp><and_exp><literal name="exitcond1" val="0"/>
</and_exp></or_exp>
</condition>

<node id="39" bw="8" op_0_bw="4">
<![CDATA[
:1  %k_cast8_cast = zext i4 %k to i8

]]></node>
<StgValue><ssdm name="k_cast8_cast"/></StgValue>
</operation>

<operation id="26" st_id="2" stage="1" lat="1">
<core>NULL</core>
<MemPortIdVec></MemPortIdVec>
<condition id="0">
<or_exp><and_exp><literal name="exitcond1" val="0"/>
</and_exp></or_exp>
</condition>

<node id="44" bw="3" op_0_bw="14" op_1_bw="32" op_2_bw="32">
<![CDATA[
:6  %dct_coeff_table_0_addr = getelementptr [8 x i14]* @dct_coeff_table_0, i32 0, i32 %k_cast8

]]></node>
<StgValue><ssdm name="dct_coeff_table_0_addr"/></StgValue>
</operation>

<operation id="27" st_id="2" stage="2" lat="2">
<core>ROM_nP</core>
<MemPortIdVec>0 </MemPortIdVec>
<condition id="0">
<or_exp><and_exp><literal name="exitcond1" val="0"/>
</and_exp></or_exp>
</condition>

<node id="45" bw="14" op_0_bw="3">
<![CDATA[
:7  %dct_coeff_table_0_load = load i14* %dct_coeff_table_0_addr, align 2

]]></node>
<StgValue><ssdm name="dct_coeff_table_0_load"/></StgValue>
</operation>

<operation id="28" st_id="2" stage="2" lat="2">
<core>RAM</core>
<MemPortIdVec>0 </MemPortIdVec>
<condition id="0">
<or_exp><and_exp><literal name="exitcond1" val="0"/>
</and_exp></or_exp>
</condition>

<node id="47" bw="16" op_0_bw="3">
<![CDATA[
:9  %src_load = load i16* %src_addr, align 2

]]></node>
<StgValue><ssdm name="src_load"/></StgValue>
</operation>

<operation id="29" st_id="2" stage="1" lat="1">
<core>NULL</core>
<MemPortIdVec></MemPortIdVec>
<condition id="0">
<or_exp><and_exp><literal name="exitcond1" val="0"/>
</and_exp></or_exp>
</condition>

<node id="50" bw="3" op_0_bw="15" op_1_bw="32" op_2_bw="32">
<![CDATA[
:12  %dct_coeff_table_1_addr = getelementptr [8 x i15]* @dct_coeff_table_1, i32 0, i32 %k_cast8

]]></node>
<StgValue><ssdm name="dct_coeff_table_1_addr"/></StgValue>
</operation>

<operation id="30" st_id="2" stage="2" lat="2">
<core>ROM_nP</core>
<MemPortIdVec>0 </MemPortIdVec>
<condition id="0">
<or_exp><and_exp><literal name="exitcond1" val="0"/>
</and_exp></or_exp>
</condition>

<node id="51" bw="15" op_0_bw="3">
<![CDATA[
:13  %dct_coeff_table_1_load = load i15* %dct_coeff_table_1_addr, align 2

]]></node>
<StgValue><ssdm name="dct_coeff_table_1_load"/></StgValue>
</operation>

<operation id="31" st_id="2" stage="2" lat="2">
<core>RAM</core>
<MemPortIdVec>0 </MemPortIdVec>
<condition id="0">
<or_exp><and_exp><literal name="exitcond1" val="0"/>
</and_exp></or_exp>
</condition>

<node id="53" bw="16" op_0_bw="3">
<![CDATA[
:15  %src1_load = load i16* %src1_addr, align 2

]]></node>
<StgValue><ssdm name="src1_load"/></StgValue>
</operation>

<operation id="32" st_id="2" stage="1" lat="1">
<core>NULL</core>
<MemPortIdVec></MemPortIdVec>
<condition id="0">
<or_exp><and_exp><literal name="exitcond1" val="0"/>
</and_exp></or_exp>
</condition>

<node id="56" bw="3" op_0_bw="15" op_1_bw="32" op_2_bw="32">
<![CDATA[
:18  %dct_coeff_table_2_addr = getelementptr [8 x i15]* @dct_coeff_table_2, i32 0, i32 %k_cast8

]]></node>
<StgValue><ssdm name="dct_coeff_table_2_addr"/></StgValue>
</operation>

<operation id="33" st_id="2" stage="2" lat="2">
<core>ROM_nP</core>
<MemPortIdVec>0 </MemPortIdVec>
<condition id="0">
<or_exp><and_exp><literal name="exitcond1" val="0"/>
</and_exp></or_exp>
</condition>

<node id="57" bw="15" op_0_bw="3">
<![CDATA[
:19  %dct_coeff_table_2_load = load i15* %dct_coeff_table_2_addr, align 2

]]></node>
<StgValue><ssdm name="dct_coeff_table_2_load"/></StgValue>
</operation>

<operation id="34" st_id="2" stage="2" lat="2">
<core>RAM</core>
<MemPortIdVec>0 </MemPortIdVec>
<condition id="0">
<or_exp><and_exp><literal name="exitcond1" val="0"/>
</and_exp></or_exp>
</condition>

<node id="59" bw="16" op_0_bw="3">
<![CDATA[
:21  %src2_load = load i16* %src2_addr, align 2

]]></node>
<StgValue><ssdm name="src2_load"/></StgValue>
</operation>

<operation id="35" st_id="2" stage="1" lat="1">
<core>NULL</core>
<MemPortIdVec></MemPortIdVec>
<condition id="0">
<or_exp><and_exp><literal name="exitcond1" val="0"/>
</and_exp></or_exp>
</condition>

<node id="62" bw="3" op_0_bw="15" op_1_bw="32" op_2_bw="32">
<![CDATA[
:24  %dct_coeff_table_3_addr = getelementptr [8 x i15]* @dct_coeff_table_3, i32 0, i32 %k_cast8

]]></node>
<StgValue><ssdm name="dct_coeff_table_3_addr"/></StgValue>
</operation>

<operation id="36" st_id="2" stage="2" lat="2">
<core>ROM_nP</core>
<MemPortIdVec>0 </MemPortIdVec>
<condition id="0">
<or_exp><and_exp><literal name="exitcond1" val="0"/>
</and_exp></or_exp>
</condition>

<node id="63" bw="15" op_0_bw="3">
<![CDATA[
:25  %dct_coeff_table_3_load = load i15* %dct_coeff_table_3_addr, align 2

]]></node>
<StgValue><ssdm name="dct_coeff_table_3_load"/></StgValue>
</operation>

<operation id="37" st_id="2" stage="2" lat="2">
<core>RAM</core>
<MemPortIdVec>0 </MemPortIdVec>
<condition id="0">
<or_exp><and_exp><literal name="exitcond1" val="0"/>
</and_exp></or_exp>
</condition>

<node id="65" bw="16" op_0_bw="3">
<![CDATA[
:27  %src3_load = load i16* %src3_addr, align 2

]]></node>
<StgValue><ssdm name="src3_load"/></StgValue>
</operation>

<operation id="38" st_id="2" stage="1" lat="1">
<core>NULL</core>
<MemPortIdVec></MemPortIdVec>
<condition id="0">
<or_exp><and_exp><literal name="exitcond1" val="0"/>
</and_exp></or_exp>
</condition>

<node id="68" bw="3" op_0_bw="15" op_1_bw="32" op_2_bw="32">
<![CDATA[
:30  %dct_coeff_table_4_addr = getelementptr [8 x i15]* @dct_coeff_table_4, i32 0, i32 %k_cast8

]]></node>
<StgValue><ssdm name="dct_coeff_table_4_addr"/></StgValue>
</operation>

<operation id="39" st_id="2" stage="2" lat="2">
<core>ROM_nP</core>
<MemPortIdVec>0 </MemPortIdVec>
<condition id="0">
<or_exp><and_exp><literal name="exitcond1" val="0"/>
</and_exp></or_exp>
</condition>

<node id="69" bw="15" op_0_bw="3">
<![CDATA[
:31  %dct_coeff_table_4_load = load i15* %dct_coeff_table_4_addr, align 2

]]></node>
<StgValue><ssdm name="dct_coeff_table_4_load"/></StgValue>
</operation>

<operation id="40" st_id="2" stage="2" lat="2">
<core>RAM</core>
<MemPortIdVec>0 </MemPortIdVec>
<condition id="0">
<or_exp><and_exp><literal name="exitcond1" val="0"/>
</and_exp></or_exp>
</condition>

<node id="71" bw="16" op_0_bw="3">
<![CDATA[
:33  %src4_load = load i16* %src4_addr, align 2

]]></node>
<StgValue><ssdm name="src4_load"/></StgValue>
</operation>

<operation id="41" st_id="2" stage="1" lat="1">
<core>NULL</core>
<MemPortIdVec></MemPortIdVec>
<condition id="0">
<or_exp><and_exp><literal name="exitcond1" val="0"/>
</and_exp></or_exp>
</condition>

<node id="74" bw="3" op_0_bw="15" op_1_bw="32" op_2_bw="32">
<![CDATA[
:36  %dct_coeff_table_5_addr = getelementptr [8 x i15]* @dct_coeff_table_5, i32 0, i32 %k_cast8

]]></node>
<StgValue><ssdm name="dct_coeff_table_5_addr"/></StgValue>
</operation>

<operation id="42" st_id="2" stage="2" lat="2">
<core>ROM_nP</core>
<MemPortIdVec>0 </MemPortIdVec>
<condition id="0">
<or_exp><and_exp><literal name="exitcond1" val="0"/>
</and_exp></or_exp>
</condition>

<node id="75" bw="15" op_0_bw="3">
<![CDATA[
:37  %dct_coeff_table_5_load = load i15* %dct_coeff_table_5_addr, align 2

]]></node>
<StgValue><ssdm name="dct_coeff_table_5_load"/></StgValue>
</operation>

<operation id="43" st_id="2" stage="2" lat="2">
<core>RAM</core>
<MemPortIdVec>0 </MemPortIdVec>
<condition id="0">
<or_exp><and_exp><literal name="exitcond1" val="0"/>
</and_exp></or_exp>
</condition>

<node id="77" bw="16" op_0_bw="3">
<![CDATA[
:39  %src5_load = load i16* %src5_addr, align 2

]]></node>
<StgValue><ssdm name="src5_load"/></StgValue>
</operation>

<operation id="44" st_id="2" stage="1" lat="1">
<core>NULL</core>
<MemPortIdVec></MemPortIdVec>
<condition id="0">
<or_exp><and_exp><literal name="exitcond1" val="0"/>
</and_exp></or_exp>
</condition>

<node id="80" bw="3" op_0_bw="15" op_1_bw="32" op_2_bw="32">
<![CDATA[
:42  %dct_coeff_table_6_addr = getelementptr [8 x i15]* @dct_coeff_table_6, i32 0, i32 %k_cast8

]]></node>
<StgValue><ssdm name="dct_coeff_table_6_addr"/></StgValue>
</operation>

<operation id="45" st_id="2" stage="2" lat="2">
<core>ROM_nP</core>
<MemPortIdVec>0 </MemPortIdVec>
<condition id="0">
<or_exp><and_exp><literal name="exitcond1" val="0"/>
</and_exp></or_exp>
</condition>

<node id="81" bw="15" op_0_bw="3">
<![CDATA[
:43  %dct_coeff_table_6_load = load i15* %dct_coeff_table_6_addr, align 2

]]></node>
<StgValue><ssdm name="dct_coeff_table_6_load"/></StgValue>
</operation>

<operation id="46" st_id="2" stage="1" lat="1">
<core>NULL</core>
<MemPortIdVec></MemPortIdVec>
<condition id="0">
<or_exp><and_exp><literal name="exitcond1" val="0"/>
</and_exp></or_exp>
</condition>

<node id="86" bw="3" op_0_bw="15" op_1_bw="32" op_2_bw="32">
<![CDATA[
:48  %dct_coeff_table_7_addr = getelementptr [8 x i15]* @dct_coeff_table_7, i32 0, i32 %k_cast8

]]></node>
<StgValue><ssdm name="dct_coeff_table_7_addr"/></StgValue>
</operation>

<operation id="47" st_id="2" stage="2" lat="2">
<core>ROM_nP</core>
<MemPortIdVec>0 </MemPortIdVec>
<condition id="0">
<or_exp><and_exp><literal name="exitcond1" val="0"/>
</and_exp></or_exp>
</condition>

<node id="87" bw="15" op_0_bw="3">
<![CDATA[
:49  %dct_coeff_table_7_load = load i15* %dct_coeff_table_7_addr, align 2

]]></node>
<StgValue><ssdm name="dct_coeff_table_7_load"/></StgValue>
</operation>

<operation id="48" st_id="2" stage="2" lat="2">
<core>RAM</core>
<MemPortIdVec>0 </MemPortIdVec>
<condition id="0">
<or_exp><and_exp><literal name="exitcond1" val="0"/>
</and_exp></or_exp>
</condition>

<node id="89" bw="16" op_0_bw="3">
<![CDATA[
:51  %src7_load = load i16* %src7_addr, align 2

]]></node>
<StgValue><ssdm name="src7_load"/></StgValue>
</operation>

<operation id="49" st_id="2" stage="1" lat="1">
<core>NULL</core>
<MemPortIdVec></MemPortIdVec>
<condition id="0">
<or_exp><and_exp><literal name="exitcond1" val="0"/>
</and_exp></or_exp>
</condition>

<node id="101" bw="7" op_0_bw="7" op_1_bw="4" op_2_bw="3">
<![CDATA[
:63  %tmp_5 = call i7 @_ssdm_op_BitConcatenate.i7.i4.i3(i4 %i_21_read, i3 0)

]]></node>
<StgValue><ssdm name="tmp_5"/></StgValue>
</operation>

<operation id="50" st_id="2" stage="1" lat="1">
<core>NULL</core>
<MemPortIdVec></MemPortIdVec>
<condition id="0">
<or_exp><and_exp><literal name="exitcond1" val="0"/>
</and_exp></or_exp>
</condition>

<node id="102" bw="8" op_0_bw="7">
<![CDATA[
:64  %p_addr_cast = zext i7 %tmp_5 to i8

]]></node>
<StgValue><ssdm name="p_addr_cast"/></StgValue>
</operation>

<operation id="51" st_id="2" stage="1" lat="1">
<core>AddSub</core>
<MemPortIdVec></MemPortIdVec>
<condition id="0">
<or_exp><and_exp><literal name="exitcond1" val="0"/>
</and_exp></or_exp>
</condition>

<node id="103" bw="8" op_0_bw="8" op_1_bw="8">
<![CDATA[
:65  %p_addr1 = add i8 %p_addr_cast, %k_cast8_cast

]]></node>
<StgValue><ssdm name="p_addr1"/></StgValue>
</operation>
</state>

<state id="3" st_id="3">

<operation id="52" st_id="3" stage="1" lat="2">
<core>ROM_nP</core>
<MemPortIdVec>0 </MemPortIdVec>
<condition id="0">
<or_exp><and_exp><literal name="exitcond1" val="0"/>
</and_exp></or_exp>
</condition>

<node id="45" bw="14" op_0_bw="3">
<![CDATA[
:7  %dct_coeff_table_0_load = load i14* %dct_coeff_table_0_addr, align 2

]]></node>
<StgValue><ssdm name="dct_coeff_table_0_load"/></StgValue>
</operation>

<operation id="53" st_id="3" stage="1" lat="1">
<core>NULL</core>
<MemPortIdVec></MemPortIdVec>
<condition id="0">
<or_exp><and_exp><literal name="exitcond1" val="0"/>
</and_exp></or_exp>
</condition>

<node id="46" bw="29" op_0_bw="14">
<![CDATA[
:8  %coeff_cast = zext i14 %dct_coeff_table_0_load to i29

]]></node>
<StgValue><ssdm name="coeff_cast"/></StgValue>
</operation>

<operation id="54" st_id="3" stage="1" lat="2">
<core>RAM</core>
<MemPortIdVec>0 </MemPortIdVec>
<condition id="0">
<or_exp><and_exp><literal name="exitcond1" val="0"/>
</and_exp></or_exp>
</condition>

<node id="47" bw="16" op_0_bw="3">
<![CDATA[
:9  %src_load = load i16* %src_addr, align 2

]]></node>
<StgValue><ssdm name="src_load"/></StgValue>
</operation>

<operation id="55" st_id="3" stage="1" lat="1">
<core>NULL</core>
<MemPortIdVec></MemPortIdVec>
<condition id="0">
<or_exp><and_exp><literal name="exitcond1" val="0"/>
</and_exp></or_exp>
</condition>

<node id="48" bw="29" op_0_bw="16">
<![CDATA[
:10  %tmp_5_cast = sext i16 %src_load to i29

]]></node>
<StgValue><ssdm name="tmp_5_cast"/></StgValue>
</operation>

<operation id="56" st_id="3" stage="3" lat="3">
<core>MAC3S</core>
<MemPortIdVec></MemPortIdVec>
<condition id="0">
<or_exp><and_exp><literal name="exitcond1" val="0"/>
</and_exp></or_exp>
</condition>

<node id="49" bw="29" op_0_bw="29" op_1_bw="29">
<![CDATA[
:11  %tmp_6 = mul i29 %tmp_5_cast, %coeff_cast

]]></node>
<StgValue><ssdm name="tmp_6"/></StgValue>
</operation>

<operation id="57" st_id="3" stage="1" lat="2">
<core>ROM_nP</core>
<MemPortIdVec>0 </MemPortIdVec>
<condition id="0">
<or_exp><and_exp><literal name="exitcond1" val="0"/>
</and_exp></or_exp>
</condition>

<node id="51" bw="15" op_0_bw="3">
<![CDATA[
:13  %dct_coeff_table_1_load = load i15* %dct_coeff_table_1_addr, align 2

]]></node>
<StgValue><ssdm name="dct_coeff_table_1_load"/></StgValue>
</operation>

<operation id="58" st_id="3" stage="1" lat="2">
<core>RAM</core>
<MemPortIdVec>0 </MemPortIdVec>
<condition id="0">
<or_exp><and_exp><literal name="exitcond1" val="0"/>
</and_exp></or_exp>
</condition>

<node id="53" bw="16" op_0_bw="3">
<![CDATA[
:15  %src1_load = load i16* %src1_addr, align 2

]]></node>
<StgValue><ssdm name="src1_load"/></StgValue>
</operation>

<operation id="59" st_id="3" stage="1" lat="2">
<core>ROM_nP</core>
<MemPortIdVec>0 </MemPortIdVec>
<condition id="0">
<or_exp><and_exp><literal name="exitcond1" val="0"/>
</and_exp></or_exp>
</condition>

<node id="57" bw="15" op_0_bw="3">
<![CDATA[
:19  %dct_coeff_table_2_load = load i15* %dct_coeff_table_2_addr, align 2

]]></node>
<StgValue><ssdm name="dct_coeff_table_2_load"/></StgValue>
</operation>

<operation id="60" st_id="3" stage="1" lat="2">
<core>RAM</core>
<MemPortIdVec>0 </MemPortIdVec>
<condition id="0">
<or_exp><and_exp><literal name="exitcond1" val="0"/>
</and_exp></or_exp>
</condition>

<node id="59" bw="16" op_0_bw="3">
<![CDATA[
:21  %src2_load = load i16* %src2_addr, align 2

]]></node>
<StgValue><ssdm name="src2_load"/></StgValue>
</operation>

<operation id="61" st_id="3" stage="1" lat="2">
<core>ROM_nP</core>
<MemPortIdVec>0 </MemPortIdVec>
<condition id="0">
<or_exp><and_exp><literal name="exitcond1" val="0"/>
</and_exp></or_exp>
</condition>

<node id="63" bw="15" op_0_bw="3">
<![CDATA[
:25  %dct_coeff_table_3_load = load i15* %dct_coeff_table_3_addr, align 2

]]></node>
<StgValue><ssdm name="dct_coeff_table_3_load"/></StgValue>
</operation>

<operation id="62" st_id="3" stage="1" lat="1">
<core>NULL</core>
<MemPortIdVec></MemPortIdVec>
<condition id="0">
<or_exp><and_exp><literal name="exitcond1" val="0"/>
</and_exp></or_exp>
</condition>

<node id="64" bw="29" op_0_bw="15">
<![CDATA[
:26  %coeff_3_cast = sext i15 %dct_coeff_table_3_load to i29

]]></node>
<StgValue><ssdm name="coeff_3_cast"/></StgValue>
</operation>

<operation id="63" st_id="3" stage="1" lat="2">
<core>RAM</core>
<MemPortIdVec>0 </MemPortIdVec>
<condition id="0">
<or_exp><and_exp><literal name="exitcond1" val="0"/>
</and_exp></or_exp>
</condition>

<node id="65" bw="16" op_0_bw="3">
<![CDATA[
:27  %src3_load = load i16* %src3_addr, align 2

]]></node>
<StgValue><ssdm name="src3_load"/></StgValue>
</operation>

<operation id="64" st_id="3" stage="1" lat="1">
<core>NULL</core>
<MemPortIdVec></MemPortIdVec>
<condition id="0">
<or_exp><and_exp><literal name="exitcond1" val="0"/>
</and_exp></or_exp>
</condition>

<node id="66" bw="29" op_0_bw="16">
<![CDATA[
:28  %tmp_5_3_cast = sext i16 %src3_load to i29

]]></node>
<StgValue><ssdm name="tmp_5_3_cast"/></StgValue>
</operation>

<operation id="65" st_id="3" stage="3" lat="3">
<core>MAC3S</core>
<MemPortIdVec></MemPortIdVec>
<condition id="0">
<or_exp><and_exp><literal name="exitcond1" val="0"/>
</and_exp></or_exp>
</condition>

<node id="67" bw="29" op_0_bw="29" op_1_bw="29">
<![CDATA[
:29  %tmp_6_3 = mul i29 %tmp_5_3_cast, %coeff_3_cast

]]></node>
<StgValue><ssdm name="tmp_6_3"/></StgValue>
</operation>

<operation id="66" st_id="3" stage="1" lat="2">
<core>ROM_nP</core>
<MemPortIdVec>0 </MemPortIdVec>
<condition id="0">
<or_exp><and_exp><literal name="exitcond1" val="0"/>
</and_exp></or_exp>
</condition>

<node id="69" bw="15" op_0_bw="3">
<![CDATA[
:31  %dct_coeff_table_4_load = load i15* %dct_coeff_table_4_addr, align 2

]]></node>
<StgValue><ssdm name="dct_coeff_table_4_load"/></StgValue>
</operation>

<operation id="67" st_id="3" stage="1" lat="2">
<core>RAM</core>
<MemPortIdVec>0 </MemPortIdVec>
<condition id="0">
<or_exp><and_exp><literal name="exitcond1" val="0"/>
</and_exp></or_exp>
</condition>

<node id="71" bw="16" op_0_bw="3">
<![CDATA[
:33  %src4_load = load i16* %src4_addr, align 2

]]></node>
<StgValue><ssdm name="src4_load"/></StgValue>
</operation>

<operation id="68" st_id="3" stage="1" lat="2">
<core>ROM_nP</core>
<MemPortIdVec>0 </MemPortIdVec>
<condition id="0">
<or_exp><and_exp><literal name="exitcond1" val="0"/>
</and_exp></or_exp>
</condition>

<node id="75" bw="15" op_0_bw="3">
<![CDATA[
:37  %dct_coeff_table_5_load = load i15* %dct_coeff_table_5_addr, align 2

]]></node>
<StgValue><ssdm name="dct_coeff_table_5_load"/></StgValue>
</operation>

<operation id="69" st_id="3" stage="1" lat="1">
<core>NULL</core>
<MemPortIdVec></MemPortIdVec>
<condition id="0">
<or_exp><and_exp><literal name="exitcond1" val="0"/>
</and_exp></or_exp>
</condition>

<node id="76" bw="29" op_0_bw="15">
<![CDATA[
:38  %coeff_5_cast = sext i15 %dct_coeff_table_5_load to i29

]]></node>
<StgValue><ssdm name="coeff_5_cast"/></StgValue>
</operation>

<operation id="70" st_id="3" stage="1" lat="2">
<core>RAM</core>
<MemPortIdVec>0 </MemPortIdVec>
<condition id="0">
<or_exp><and_exp><literal name="exitcond1" val="0"/>
</and_exp></or_exp>
</condition>

<node id="77" bw="16" op_0_bw="3">
<![CDATA[
:39  %src5_load = load i16* %src5_addr, align 2

]]></node>
<StgValue><ssdm name="src5_load"/></StgValue>
</operation>

<operation id="71" st_id="3" stage="1" lat="1">
<core>NULL</core>
<MemPortIdVec></MemPortIdVec>
<condition id="0">
<or_exp><and_exp><literal name="exitcond1" val="0"/>
</and_exp></or_exp>
</condition>

<node id="78" bw="29" op_0_bw="16">
<![CDATA[
:40  %tmp_5_5_cast = sext i16 %src5_load to i29

]]></node>
<StgValue><ssdm name="tmp_5_5_cast"/></StgValue>
</operation>

<operation id="72" st_id="3" stage="3" lat="3">
<core>MAC3S</core>
<MemPortIdVec></MemPortIdVec>
<condition id="0">
<or_exp><and_exp><literal name="exitcond1" val="0"/>
</and_exp></or_exp>
</condition>

<node id="79" bw="29" op_0_bw="29" op_1_bw="29">
<![CDATA[
:41  %tmp_6_5 = mul i29 %tmp_5_5_cast, %coeff_5_cast

]]></node>
<StgValue><ssdm name="tmp_6_5"/></StgValue>
</operation>

<operation id="73" st_id="3" stage="1" lat="2">
<core>ROM_nP</core>
<MemPortIdVec>0 </MemPortIdVec>
<condition id="0">
<or_exp><and_exp><literal name="exitcond1" val="0"/>
</and_exp></or_exp>
</condition>

<node id="81" bw="15" op_0_bw="3">
<![CDATA[
:43  %dct_coeff_table_6_load = load i15* %dct_coeff_table_6_addr, align 2

]]></node>
<StgValue><ssdm name="dct_coeff_table_6_load"/></StgValue>
</operation>

<operation id="74" st_id="3" stage="2" lat="2">
<core>RAM</core>
<MemPortIdVec>0 </MemPortIdVec>
<condition id="0">
<or_exp><and_exp><literal name="exitcond1" val="0"/>
</and_exp></or_exp>
</condition>

<node id="83" bw="16" op_0_bw="3">
<![CDATA[
:45  %src6_load = load i16* %src6_addr, align 2

]]></node>
<StgValue><ssdm name="src6_load"/></StgValue>
</operation>

<operation id="75" st_id="3" stage="1" lat="2">
<core>ROM_nP</core>
<MemPortIdVec>0 </MemPortIdVec>
<condition id="0">
<or_exp><and_exp><literal name="exitcond1" val="0"/>
</and_exp></or_exp>
</condition>

<node id="87" bw="15" op_0_bw="3">
<![CDATA[
:49  %dct_coeff_table_7_load = load i15* %dct_coeff_table_7_addr, align 2

]]></node>
<StgValue><ssdm name="dct_coeff_table_7_load"/></StgValue>
</operation>

<operation id="76" st_id="3" stage="1" lat="2">
<core>RAM</core>
<MemPortIdVec>0 </MemPortIdVec>
<condition id="0">
<or_exp><and_exp><literal name="exitcond1" val="0"/>
</and_exp></or_exp>
</condition>

<node id="89" bw="16" op_0_bw="3">
<![CDATA[
:51  %src7_load = load i16* %src7_addr, align 2

]]></node>
<StgValue><ssdm name="src7_load"/></StgValue>
</operation>
</state>

<state id="4" st_id="4">

<operation id="77" st_id="4" stage="2" lat="3">
<core>MAC3S</core>
<MemPortIdVec></MemPortIdVec>
<condition id="0">
<or_exp><and_exp><literal name="exitcond1" val="0"/>
</and_exp></or_exp>
</condition>

<node id="49" bw="29" op_0_bw="29" op_1_bw="29">
<![CDATA[
:11  %tmp_6 = mul i29 %tmp_5_cast, %coeff_cast

]]></node>
<StgValue><ssdm name="tmp_6"/></StgValue>
</operation>

<operation id="78" st_id="4" stage="1" lat="1">
<core>NULL</core>
<MemPortIdVec></MemPortIdVec>
<condition id="0">
<or_exp><and_exp><literal name="exitcond1" val="0"/>
</and_exp></or_exp>
</condition>

<node id="52" bw="29" op_0_bw="15">
<![CDATA[
:14  %coeff_1_cast = sext i15 %dct_coeff_table_1_load to i29

]]></node>
<StgValue><ssdm name="coeff_1_cast"/></StgValue>
</operation>

<operation id="79" st_id="4" stage="1" lat="1">
<core>NULL</core>
<MemPortIdVec></MemPortIdVec>
<condition id="0">
<or_exp><and_exp><literal name="exitcond1" val="0"/>
</and_exp></or_exp>
</condition>

<node id="54" bw="29" op_0_bw="16">
<![CDATA[
:16  %tmp_5_1_cast = sext i16 %src1_load to i29

]]></node>
<StgValue><ssdm name="tmp_5_1_cast"/></StgValue>
</operation>

<operation id="80" st_id="4" stage="1" lat="1">
<core>Mul</core>
<MemPortIdVec></MemPortIdVec>
<condition id="0">
<or_exp><and_exp><literal name="exitcond1" val="0"/>
</and_exp></or_exp>
</condition>

<node id="55" bw="29" op_0_bw="29" op_1_bw="29">
<![CDATA[
:17  %tmp_6_1 = mul i29 %tmp_5_1_cast, %coeff_1_cast

]]></node>
<StgValue><ssdm name="tmp_6_1"/></StgValue>
</operation>

<operation id="81" st_id="4" stage="1" lat="1">
<core>NULL</core>
<MemPortIdVec></MemPortIdVec>
<condition id="0">
<or_exp><and_exp><literal name="exitcond1" val="0"/>
</and_exp></or_exp>
</condition>

<node id="58" bw="29" op_0_bw="15">
<![CDATA[
:20  %coeff_2_cast = sext i15 %dct_coeff_table_2_load to i29

]]></node>
<StgValue><ssdm name="coeff_2_cast"/></StgValue>
</operation>

<operation id="82" st_id="4" stage="1" lat="1">
<core>NULL</core>
<MemPortIdVec></MemPortIdVec>
<condition id="0">
<or_exp><and_exp><literal name="exitcond1" val="0"/>
</and_exp></or_exp>
</condition>

<node id="60" bw="29" op_0_bw="16">
<![CDATA[
:22  %tmp_5_2_cast = sext i16 %src2_load to i29

]]></node>
<StgValue><ssdm name="tmp_5_2_cast"/></StgValue>
</operation>

<operation id="83" st_id="4" stage="1" lat="1">
<core>Mul</core>
<MemPortIdVec></MemPortIdVec>
<condition id="0">
<or_exp><and_exp><literal name="exitcond1" val="0"/>
</and_exp></or_exp>
</condition>

<node id="61" bw="29" op_0_bw="29" op_1_bw="29">
<![CDATA[
:23  %tmp_6_2 = mul i29 %tmp_5_2_cast, %coeff_2_cast

]]></node>
<StgValue><ssdm name="tmp_6_2"/></StgValue>
</operation>

<operation id="84" st_id="4" stage="2" lat="3">
<core>MAC3S</core>
<MemPortIdVec></MemPortIdVec>
<condition id="0">
<or_exp><and_exp><literal name="exitcond1" val="0"/>
</and_exp></or_exp>
</condition>

<node id="67" bw="29" op_0_bw="29" op_1_bw="29">
<![CDATA[
:29  %tmp_6_3 = mul i29 %tmp_5_3_cast, %coeff_3_cast

]]></node>
<StgValue><ssdm name="tmp_6_3"/></StgValue>
</operation>

<operation id="85" st_id="4" stage="1" lat="1">
<core>NULL</core>
<MemPortIdVec></MemPortIdVec>
<condition id="0">
<or_exp><and_exp><literal name="exitcond1" val="0"/>
</and_exp></or_exp>
</condition>

<node id="70" bw="29" op_0_bw="15">
<![CDATA[
:32  %coeff_4_cast = sext i15 %dct_coeff_table_4_load to i29

]]></node>
<StgValue><ssdm name="coeff_4_cast"/></StgValue>
</operation>

<operation id="86" st_id="4" stage="1" lat="1">
<core>NULL</core>
<MemPortIdVec></MemPortIdVec>
<condition id="0">
<or_exp><and_exp><literal name="exitcond1" val="0"/>
</and_exp></or_exp>
</condition>

<node id="72" bw="29" op_0_bw="16">
<![CDATA[
:34  %tmp_5_4_cast = sext i16 %src4_load to i29

]]></node>
<StgValue><ssdm name="tmp_5_4_cast"/></StgValue>
</operation>

<operation id="87" st_id="4" stage="1" lat="1">
<core>Mul</core>
<MemPortIdVec></MemPortIdVec>
<condition id="0">
<or_exp><and_exp><literal name="exitcond1" val="0"/>
</and_exp></or_exp>
</condition>

<node id="73" bw="29" op_0_bw="29" op_1_bw="29">
<![CDATA[
:35  %tmp_6_4 = mul i29 %tmp_5_4_cast, %coeff_4_cast

]]></node>
<StgValue><ssdm name="tmp_6_4"/></StgValue>
</operation>

<operation id="88" st_id="4" stage="2" lat="3">
<core>MAC3S</core>
<MemPortIdVec></MemPortIdVec>
<condition id="0">
<or_exp><and_exp><literal name="exitcond1" val="0"/>
</and_exp></or_exp>
</condition>

<node id="79" bw="29" op_0_bw="29" op_1_bw="29">
<![CDATA[
:41  %tmp_6_5 = mul i29 %tmp_5_5_cast, %coeff_5_cast

]]></node>
<StgValue><ssdm name="tmp_6_5"/></StgValue>
</operation>

<operation id="89" st_id="4" stage="1" lat="1">
<core>NULL</core>
<MemPortIdVec></MemPortIdVec>
<condition id="0">
<or_exp><and_exp><literal name="exitcond1" val="0"/>
</and_exp></or_exp>
</condition>

<node id="82" bw="29" op_0_bw="15">
<![CDATA[
:44  %coeff_6_cast = sext i15 %dct_coeff_table_6_load to i29

]]></node>
<StgValue><ssdm name="coeff_6_cast"/></StgValue>
</operation>

<operation id="90" st_id="4" stage="1" lat="2">
<core>RAM</core>
<MemPortIdVec>0 </MemPortIdVec>
<condition id="0">
<or_exp><and_exp><literal name="exitcond1" val="0"/>
</and_exp></or_exp>
</condition>

<node id="83" bw="16" op_0_bw="3">
<![CDATA[
:45  %src6_load = load i16* %src6_addr, align 2

]]></node>
<StgValue><ssdm name="src6_load"/></StgValue>
</operation>

<operation id="91" st_id="4" stage="1" lat="1">
<core>NULL</core>
<MemPortIdVec></MemPortIdVec>
<condition id="0">
<or_exp><and_exp><literal name="exitcond1" val="0"/>
</and_exp></or_exp>
</condition>

<node id="84" bw="29" op_0_bw="16">
<![CDATA[
:46  %tmp_5_6_cast = sext i16 %src6_load to i29

]]></node>
<StgValue><ssdm name="tmp_5_6_cast"/></StgValue>
</operation>

<operation id="92" st_id="4" stage="1" lat="1">
<core>Mul</core>
<MemPortIdVec></MemPortIdVec>
<condition id="0">
<or_exp><and_exp><literal name="exitcond1" val="0"/>
</and_exp></or_exp>
</condition>

<node id="85" bw="29" op_0_bw="29" op_1_bw="29">
<![CDATA[
:47  %tmp_6_6 = mul i29 %tmp_5_6_cast, %coeff_6_cast

]]></node>
<StgValue><ssdm name="tmp_6_6"/></StgValue>
</operation>

<operation id="93" st_id="4" stage="1" lat="1">
<core>NULL</core>
<MemPortIdVec></MemPortIdVec>
<condition id="0">
<or_exp><and_exp><literal name="exitcond1" val="0"/>
</and_exp></or_exp>
</condition>

<node id="88" bw="29" op_0_bw="15">
<![CDATA[
:50  %coeff_7_cast = sext i15 %dct_coeff_table_7_load to i29

]]></node>
<StgValue><ssdm name="coeff_7_cast"/></StgValue>
</operation>

<operation id="94" st_id="4" stage="1" lat="1">
<core>NULL</core>
<MemPortIdVec></MemPortIdVec>
<condition id="0">
<or_exp><and_exp><literal name="exitcond1" val="0"/>
</and_exp></or_exp>
</condition>

<node id="90" bw="29" op_0_bw="16">
<![CDATA[
:52  %tmp_5_7_cast = sext i16 %src7_load to i29

]]></node>
<StgValue><ssdm name="tmp_5_7_cast"/></StgValue>
</operation>

<operation id="95" st_id="4" stage="1" lat="1">
<core>Mul</core>
<MemPortIdVec></MemPortIdVec>
<condition id="0">
<or_exp><and_exp><literal name="exitcond1" val="0"/>
</and_exp></or_exp>
</condition>

<node id="91" bw="29" op_0_bw="29" op_1_bw="29">
<![CDATA[
:53  %tmp_6_7 = mul i29 %tmp_5_7_cast, %coeff_7_cast

]]></node>
<StgValue><ssdm name="tmp_6_7"/></StgValue>
</operation>

<operation id="96" st_id="4" stage="1" lat="1">
<core>AddSub</core>
<MemPortIdVec></MemPortIdVec>
<condition id="0">
<or_exp><and_exp><literal name="exitcond1" val="0"/>
</and_exp></or_exp>
</condition>

<node id="96" bw="29" op_0_bw="29" op_1_bw="29">
<![CDATA[
:58  %tmp7 = add i29 %tmp_6_7, 4096

]]></node>
<StgValue><ssdm name="tmp7"/></StgValue>
</operation>
</state>

<state id="5" st_id="5">

<operation id="97" st_id="5" stage="1" lat="3">
<core>MAC3S</core>
<MemPortIdVec></MemPortIdVec>
<condition id="0">
<or_exp><and_exp><literal name="exitcond1" val="0"/>
</and_exp></or_exp>
</condition>

<node id="49" bw="29" op_0_bw="29" op_1_bw="29">
<![CDATA[
:11  %tmp_6 = mul i29 %tmp_5_cast, %coeff_cast

]]></node>
<StgValue><ssdm name="tmp_6"/></StgValue>
</operation>

<operation id="98" st_id="5" stage="1" lat="3">
<core>MAC3S</core>
<MemPortIdVec></MemPortIdVec>
<condition id="0">
<or_exp><and_exp><literal name="exitcond1" val="0"/>
</and_exp></or_exp>
</condition>

<node id="67" bw="29" op_0_bw="29" op_1_bw="29">
<![CDATA[
:29  %tmp_6_3 = mul i29 %tmp_5_3_cast, %coeff_3_cast

]]></node>
<StgValue><ssdm name="tmp_6_3"/></StgValue>
</operation>

<operation id="99" st_id="5" stage="1" lat="3">
<core>MAC3S</core>
<MemPortIdVec></MemPortIdVec>
<condition id="0">
<or_exp><and_exp><literal name="exitcond1" val="0"/>
</and_exp></or_exp>
</condition>

<node id="79" bw="29" op_0_bw="29" op_1_bw="29">
<![CDATA[
:41  %tmp_6_5 = mul i29 %tmp_5_5_cast, %coeff_5_cast

]]></node>
<StgValue><ssdm name="tmp_6_5"/></StgValue>
</operation>

<operation id="100" st_id="5" stage="1" lat="1">
<core>AddSub</core>
<MemPortIdVec></MemPortIdVec>
<condition id="0">
<or_exp><and_exp><literal name="exitcond1" val="0"/>
</and_exp></or_exp>
</condition>

<node id="92" bw="29" op_0_bw="29" op_1_bw="29">
<![CDATA[
:54  %tmp2 = add i29 %tmp_6_1, %tmp_6

]]></node>
<StgValue><ssdm name="tmp2"/></StgValue>
</operation>

<operation id="101" st_id="5" stage="1" lat="1">
<core>AddSub</core>
<MemPortIdVec></MemPortIdVec>
<condition id="0">
<or_exp><and_exp><literal name="exitcond1" val="0"/>
</and_exp></or_exp>
</condition>

<node id="93" bw="29" op_0_bw="29" op_1_bw="29">
<![CDATA[
:55  %tmp3 = add i29 %tmp_6_2, %tmp_6_3

]]></node>
<StgValue><ssdm name="tmp3"/></StgValue>
</operation>

<operation id="102" st_id="5" stage="1" lat="1">
<core>AddSub</core>
<MemPortIdVec></MemPortIdVec>
<condition id="0">
<or_exp><and_exp><literal name="exitcond1" val="0"/>
</and_exp></or_exp>
</condition>

<node id="94" bw="29" op_0_bw="29" op_1_bw="29">
<![CDATA[
:56  %tmp1 = add i29 %tmp3, %tmp2

]]></node>
<StgValue><ssdm name="tmp1"/></StgValue>
</operation>

<operation id="103" st_id="5" stage="1" lat="1">
<core>AddSub</core>
<MemPortIdVec></MemPortIdVec>
<condition id="0">
<or_exp><and_exp><literal name="exitcond1" val="0"/>
</and_exp></or_exp>
</condition>

<node id="95" bw="29" op_0_bw="29" op_1_bw="29">
<![CDATA[
:57  %tmp5 = add i29 %tmp_6_4, %tmp_6_5

]]></node>
<StgValue><ssdm name="tmp5"/></StgValue>
</operation>

<operation id="104" st_id="5" stage="1" lat="1">
<core>AddSub</core>
<MemPortIdVec></MemPortIdVec>
<condition id="0">
<or_exp><and_exp><literal name="exitcond1" val="0"/>
</and_exp></or_exp>
</condition>

<node id="97" bw="29" op_0_bw="29" op_1_bw="29">
<![CDATA[
:59  %tmp6 = add i29 %tmp7, %tmp_6_6

]]></node>
<StgValue><ssdm name="tmp6"/></StgValue>
</operation>

<operation id="105" st_id="5" stage="1" lat="1">
<core>AddSub</core>
<MemPortIdVec></MemPortIdVec>
<condition id="0">
<or_exp><and_exp><literal name="exitcond1" val="0"/>
</and_exp></or_exp>
</condition>

<node id="98" bw="29" op_0_bw="29" op_1_bw="29">
<![CDATA[
:60  %tmp4 = add i29 %tmp6, %tmp5

]]></node>
<StgValue><ssdm name="tmp4"/></StgValue>
</operation>
</state>

<state id="6" st_id="6">

<operation id="106" st_id="6" stage="1" lat="1">
<core>NULL</core>
<MemPortIdVec></MemPortIdVec>
<condition id="0">
<or_exp><and_exp><literal name="exitcond1" val="0"/>
</and_exp></or_exp>
</condition>

<node id="40" bw="32" op_0_bw="32" op_1_bw="64" op_2_bw="64" op_3_bw="64">
<![CDATA[
:2  %empty = call i32 (...)* @_ssdm_op_SpecLoopTripCount(i64 8, i64 8, i64 8)

]]></node>
<StgValue><ssdm name="empty"/></StgValue>
</operation>

<operation id="107" st_id="6" stage="1" lat="1">
<core>NULL</core>
<MemPortIdVec></MemPortIdVec>
<condition id="0">
<or_exp><and_exp><literal name="exitcond1" val="0"/>
</and_exp></or_exp>
</condition>

<node id="41" bw="0" op_0_bw="0" op_1_bw="8">
<![CDATA[
:3  call void (...)* @_ssdm_op_SpecLoopName([15 x i8]* @p_str) nounwind

]]></node>
<StgValue><ssdm name=""/></StgValue>
</operation>

<operation id="108" st_id="6" stage="1" lat="1">
<core>NULL</core>
<MemPortIdVec></MemPortIdVec>
<condition id="0">
<or_exp><and_exp><literal name="exitcond1" val="0"/>
</and_exp></or_exp>
</condition>

<node id="42" bw="32" op_0_bw="32" op_1_bw="8">
<![CDATA[
:4  %tmp = call i32 (...)* @_ssdm_op_SpecRegionBegin([15 x i8]* @p_str) nounwind

]]></node>
<StgValue><ssdm name="tmp"/></StgValue>
</operation>

<operation id="109" st_id="6" stage="1" lat="1">
<core>NULL</core>
<MemPortIdVec></MemPortIdVec>
<condition id="0">
<or_exp><and_exp><literal name="exitcond1" val="0"/>
</and_exp></or_exp>
</condition>

<node id="43" bw="0" op_0_bw="0" op_1_bw="32" op_2_bw="32" op_3_bw="32" op_4_bw="8">
<![CDATA[
:5  call void (...)* @_ssdm_op_SpecPipeline(i32 1, i32 1, i32 1, [1 x i8]* @p_str1) nounwind

]]></node>
<StgValue><ssdm name=""/></StgValue>
</operation>

<operation id="110" st_id="6" stage="1" lat="1">
<core>AddSub</core>
<MemPortIdVec></MemPortIdVec>
<condition id="0">
<or_exp><and_exp><literal name="exitcond1" val="0"/>
</and_exp></or_exp>
</condition>

<node id="99" bw="29" op_0_bw="29" op_1_bw="29">
<![CDATA[
:61  %tmp_1 = add i29 %tmp4, %tmp1

]]></node>
<StgValue><ssdm name="tmp_1"/></StgValue>
</operation>

<operation id="111" st_id="6" stage="1" lat="1">
<core>NULL</core>
<MemPortIdVec></MemPortIdVec>
<condition id="0">
<or_exp><and_exp><literal name="exitcond1" val="0"/>
</and_exp></or_exp>
</condition>

<node id="100" bw="16" op_0_bw="16" op_1_bw="29" op_2_bw="32" op_3_bw="32">
<![CDATA[
:62  %tmp_3 = call i16 @_ssdm_op_PartSelect.i16.i29.i32.i32(i29 %tmp_1, i32 13, i32 28)

]]></node>
<StgValue><ssdm name="tmp_3"/></StgValue>
</operation>

<operation id="112" st_id="6" stage="1" lat="1">
<core>NULL</core>
<MemPortIdVec></MemPortIdVec>
<condition id="0">
<or_exp><and_exp><literal name="exitcond1" val="0"/>
</and_exp></or_exp>
</condition>

<node id="104" bw="32" op_0_bw="8">
<![CDATA[
:66  %p_addr1_cast = zext i8 %p_addr1 to i32

]]></node>
<StgValue><ssdm name="p_addr1_cast"/></StgValue>
</operation>

<operation id="113" st_id="6" stage="1" lat="1">
<core>NULL</core>
<MemPortIdVec></MemPortIdVec>
<condition id="0">
<or_exp><and_exp><literal name="exitcond1" val="0"/>
</and_exp></or_exp>
</condition>

<node id="105" bw="6" op_0_bw="16" op_1_bw="32" op_2_bw="32">
<![CDATA[
:67  %dst_addr = getelementptr [64 x i16]* %dst, i32 0, i32 %p_addr1_cast

]]></node>
<StgValue><ssdm name="dst_addr"/></StgValue>
</operation>

<operation id="114" st_id="6" stage="1" lat="1">
<core>RAM</core>
<MemPortIdVec>0 </MemPortIdVec>
<condition id="0">
<or_exp><and_exp><literal name="exitcond1" val="0"/>
</and_exp></or_exp>
</condition>

<node id="106" bw="0" op_0_bw="16" op_1_bw="6">
<![CDATA[
:68  store i16 %tmp_3, i16* %dst_addr, align 2

]]></node>
<StgValue><ssdm name=""/></StgValue>
</operation>

<operation id="115" st_id="6" stage="1" lat="1">
<core>NULL</core>
<MemPortIdVec></MemPortIdVec>
<condition id="0">
<or_exp><and_exp><literal name="exitcond1" val="0"/>
</and_exp></or_exp>
</condition>

<node id="107" bw="32" op_0_bw="32" op_1_bw="8" op_2_bw="32">
<![CDATA[
:69  %empty_22 = call i32 (...)* @_ssdm_op_SpecRegionEnd([15 x i8]* @p_str, i32 %tmp) nounwind

]]></node>
<StgValue><ssdm name="empty_22"/></StgValue>
</operation>

<operation id="116" st_id="6" stage="1" lat="1">
<core>NULL</core>
<MemPortIdVec></MemPortIdVec>
<condition id="0">
<or_exp><and_exp><literal name="exitcond1" val="0"/>
</and_exp></or_exp>
</condition>

<node id="108" bw="0" op_0_bw="0">
<![CDATA[
:70  br label %1

]]></node>
<StgValue><ssdm name=""/></StgValue>
</operation>
</state>

<state id="7" st_id="7">

<operation id="117" st_id="7" stage="1" lat="1">
<core>NULL</core>
<MemPortIdVec></MemPortIdVec>
<condition id="10">
<or_exp><and_exp></and_exp></or_exp>
</condition>

<node id="110" bw="0">
<![CDATA[
:0  ret void

]]></node>
<StgValue><ssdm name=""/></StgValue>
</operation>
</state>
</state_list>


<ports>
<port id="133" name="src" dir="0" iftype="1">
<core>RAM</core><StgValue><ssdm name="src"/><MemPortTyVec>1 3 </MemPortTyVec>
</StgValue>
</port>
<port id="134" name="src1" dir="0" iftype="1">
<core>RAM</core><StgValue><ssdm name="src1"/><MemPortTyVec>1 3 </MemPortTyVec>
</StgValue>
</port>
<port id="135" name="src2" dir="0" iftype="1">
<core>RAM</core><StgValue><ssdm name="src2"/><MemPortTyVec>1 3 </MemPortTyVec>
</StgValue>
</port>
<port id="136" name="src3" dir="0" iftype="1">
<core>RAM</core><StgValue><ssdm name="src3"/><MemPortTyVec>1 3 </MemPortTyVec>
</StgValue>
</port>
<port id="137" name="src4" dir="0" iftype="1">
<core>RAM</core><StgValue><ssdm name="src4"/><MemPortTyVec>1 3 </MemPortTyVec>
</StgValue>
</port>
<port id="138" name="src5" dir="0" iftype="1">
<core>RAM</core><StgValue><ssdm name="src5"/><MemPortTyVec>1 3 </MemPortTyVec>
</StgValue>
</port>
<port id="139" name="src6" dir="0" iftype="1">
<core>RAM</core><StgValue><ssdm name="src6"/><MemPortTyVec>1 3 </MemPortTyVec>
</StgValue>
</port>
<port id="140" name="src7" dir="0" iftype="1">
<core>RAM</core><StgValue><ssdm name="src7"/><MemPortTyVec>1 3 </MemPortTyVec>
</StgValue>
</port>
<port id="141" name="i_2" dir="0" iftype="0">
<core>NULL</core><StgValue><ssdm name="i_2"/></StgValue>
</port>
<port id="142" name="dst" dir="1" iftype="1">
<core>RAM</core><StgValue><ssdm name="dst"/><MemPortTyVec>0 3 </MemPortTyVec>
</StgValue>
</port>
<port id="143" name="i_21" dir="0" iftype="0">
<core>NULL</core><StgValue><ssdm name="i_21"/></StgValue>
</port>
<port id="144" name="dct_coeff_table_0" dir="0" iftype="1">
<core>ROM_nP</core><StgValue><ssdm name="dct_coeff_table_0"/><MemPortTyVec>1 </MemPortTyVec>
</StgValue>
</port>
<port id="145" name="dct_coeff_table_1" dir="0" iftype="1">
<core>ROM_nP</core><StgValue><ssdm name="dct_coeff_table_1"/><MemPortTyVec>1 </MemPortTyVec>
</StgValue>
</port>
<port id="146" name="dct_coeff_table_2" dir="0" iftype="1">
<core>ROM_nP</core><StgValue><ssdm name="dct_coeff_table_2"/><MemPortTyVec>1 </MemPortTyVec>
</StgValue>
</port>
<port id="147" name="dct_coeff_table_3" dir="0" iftype="1">
<core>ROM_nP</core><StgValue><ssdm name="dct_coeff_table_3"/><MemPortTyVec>1 </MemPortTyVec>
</StgValue>
</port>
<port id="148" name="dct_coeff_table_4" dir="0" iftype="1">
<core>ROM_nP</core><StgValue><ssdm name="dct_coeff_table_4"/><MemPortTyVec>1 </MemPortTyVec>
</StgValue>
</port>
<port id="149" name="dct_coeff_table_5" dir="0" iftype="1">
<core>ROM_nP</core><StgValue><ssdm name="dct_coeff_table_5"/><MemPortTyVec>1 </MemPortTyVec>
</StgValue>
</port>
<port id="150" name="dct_coeff_table_6" dir="0" iftype="1">
<core>ROM_nP</core><StgValue><ssdm name="dct_coeff_table_6"/><MemPortTyVec>1 </MemPortTyVec>
</StgValue>
</port>
<port id="151" name="dct_coeff_table_7" dir="0" iftype="1">
<core>ROM_nP</core><StgValue><ssdm name="dct_coeff_table_7"/><MemPortTyVec>1 </MemPortTyVec>
</StgValue>
</port>
</ports>


<dataflows>
<dataflow id="153" from="_ssdm_op_Read.ap_auto.i4" to="i_21_read" fromId="152" toId="8">
</dataflow>
<dataflow id="154" from="i_21" to="i_21_read" fromId="143" toId="8">
</dataflow>
<dataflow id="155" from="_ssdm_op_Read.ap_auto.i4" to="i_2_read" fromId="152" toId="9">
</dataflow>
<dataflow id="156" from="i_2" to="i_2_read" fromId="141" toId="9">
</dataflow>
<dataflow id="157" from="i_2_read" to="i_2_cast" fromId="9" toId="10">
</dataflow>
<dataflow id="158" from="src" to="src_addr" fromId="133" toId="11">
</dataflow>
<dataflow id="160" from="stg_159" to="src_addr" fromId="159" toId="11">
</dataflow>
<dataflow id="161" from="i_2_cast" to="src_addr" fromId="10" toId="11">
</dataflow>
<dataflow id="162" from="src1" to="src1_addr" fromId="134" toId="12">
</dataflow>
<dataflow id="163" from="stg_159" to="src1_addr" fromId="159" toId="12">
</dataflow>
<dataflow id="164" from="i_2_cast" to="src1_addr" fromId="10" toId="12">
</dataflow>
<dataflow id="165" from="src2" to="src2_addr" fromId="135" toId="13">
</dataflow>
<dataflow id="166" from="stg_159" to="src2_addr" fromId="159" toId="13">
</dataflow>
<dataflow id="167" from="i_2_cast" to="src2_addr" fromId="10" toId="13">
</dataflow>
<dataflow id="168" from="src3" to="src3_addr" fromId="136" toId="14">
</dataflow>
<dataflow id="169" from="stg_159" to="src3_addr" fromId="159" toId="14">
</dataflow>
<dataflow id="170" from="i_2_cast" to="src3_addr" fromId="10" toId="14">
</dataflow>
<dataflow id="171" from="src4" to="src4_addr" fromId="137" toId="15">
</dataflow>
<dataflow id="172" from="stg_159" to="src4_addr" fromId="159" toId="15">
</dataflow>
<dataflow id="173" from="i_2_cast" to="src4_addr" fromId="10" toId="15">
</dataflow>
<dataflow id="174" from="src5" to="src5_addr" fromId="138" toId="16">
</dataflow>
<dataflow id="175" from="stg_159" to="src5_addr" fromId="159" toId="16">
</dataflow>
<dataflow id="176" from="i_2_cast" to="src5_addr" fromId="10" toId="16">
</dataflow>
<dataflow id="177" from="src6" to="src6_addr" fromId="139" toId="17">
</dataflow>
<dataflow id="178" from="stg_159" to="src6_addr" fromId="159" toId="17">
</dataflow>
<dataflow id="179" from="i_2_cast" to="src6_addr" fromId="10" toId="17">
</dataflow>
<dataflow id="180" from="src7" to="src7_addr" fromId="140" toId="18">
</dataflow>
<dataflow id="181" from="stg_159" to="src7_addr" fromId="159" toId="18">
</dataflow>
<dataflow id="182" from="i_2_cast" to="src7_addr" fromId="10" toId="18">
</dataflow>
<dataflow id="184" from="stg_183" to="k" fromId="183" toId="20">
<condition id="35">
<or_exp><and_exp></and_exp></or_exp>
</condition>
</dataflow>
<dataflow id="185" from="stg_19" to="k" fromId="19" toId="20">
</dataflow>
<dataflow id="186" from="k_1" to="k" fromId="22" toId="20">
<BackEdge/>
<condition id="36">
<or_exp><and_exp><literal name="exitcond1" val="0"/>
</and_exp></or_exp>
</condition>
</dataflow>
<dataflow id="187" from="stg_116" to="k" fromId="116" toId="20">
<BackEdge/>
</dataflow>
<dataflow id="188" from="k" to="exitcond1" fromId="20" toId="21">
</dataflow>
<dataflow id="190" from="stg_189" to="exitcond1" fromId="189" toId="21">
</dataflow>
<dataflow id="191" from="k" to="k_1" fromId="20" toId="22">
</dataflow>
<dataflow id="193" from="stg_192" to="k_1" fromId="192" toId="22">
</dataflow>
<dataflow id="194" from="exitcond1" to="stg_23" fromId="21" toId="23">
</dataflow>
<dataflow id="195" from="k" to="k_cast8" fromId="20" toId="24">
</dataflow>
<dataflow id="196" from="k" to="k_cast8_cast" fromId="20" toId="25">
</dataflow>
<dataflow id="197" from="dct_coeff_table_0" to="dct_coeff_table_0_addr" fromId="144" toId="26">
</dataflow>
<dataflow id="198" from="stg_159" to="dct_coeff_table_0_addr" fromId="159" toId="26">
</dataflow>
<dataflow id="199" from="k_cast8" to="dct_coeff_table_0_addr" fromId="24" toId="26">
</dataflow>
<dataflow id="200" from="dct_coeff_table_0_addr" to="dct_coeff_table_0_load" fromId="26" toId="27">
</dataflow>
<dataflow id="201" from="src_addr" to="src_load" fromId="11" toId="28">
</dataflow>
<dataflow id="202" from="dct_coeff_table_1" to="dct_coeff_table_1_addr" fromId="145" toId="29">
</dataflow>
<dataflow id="203" from="stg_159" to="dct_coeff_table_1_addr" fromId="159" toId="29">
</dataflow>
<dataflow id="204" from="k_cast8" to="dct_coeff_table_1_addr" fromId="24" toId="29">
</dataflow>
<dataflow id="205" from="dct_coeff_table_1_addr" to="dct_coeff_table_1_load" fromId="29" toId="30">
</dataflow>
<dataflow id="206" from="src1_addr" to="src1_load" fromId="12" toId="31">
</dataflow>
<dataflow id="207" from="dct_coeff_table_2" to="dct_coeff_table_2_addr" fromId="146" toId="32">
</dataflow>
<dataflow id="208" from="stg_159" to="dct_coeff_table_2_addr" fromId="159" toId="32">
</dataflow>
<dataflow id="209" from="k_cast8" to="dct_coeff_table_2_addr" fromId="24" toId="32">
</dataflow>
<dataflow id="210" from="dct_coeff_table_2_addr" to="dct_coeff_table_2_load" fromId="32" toId="33">
</dataflow>
<dataflow id="211" from="src2_addr" to="src2_load" fromId="13" toId="34">
</dataflow>
<dataflow id="212" from="dct_coeff_table_3" to="dct_coeff_table_3_addr" fromId="147" toId="35">
</dataflow>
<dataflow id="213" from="stg_159" to="dct_coeff_table_3_addr" fromId="159" toId="35">
</dataflow>
<dataflow id="214" from="k_cast8" to="dct_coeff_table_3_addr" fromId="24" toId="35">
</dataflow>
<dataflow id="215" from="dct_coeff_table_3_addr" to="dct_coeff_table_3_load" fromId="35" toId="36">
</dataflow>
<dataflow id="216" from="src3_addr" to="src3_load" fromId="14" toId="37">
</dataflow>
<dataflow id="217" from="dct_coeff_table_4" to="dct_coeff_table_4_addr" fromId="148" toId="38">
</dataflow>
<dataflow id="218" from="stg_159" to="dct_coeff_table_4_addr" fromId="159" toId="38">
</dataflow>
<dataflow id="219" from="k_cast8" to="dct_coeff_table_4_addr" fromId="24" toId="38">
</dataflow>
<dataflow id="220" from="dct_coeff_table_4_addr" to="dct_coeff_table_4_load" fromId="38" toId="39">
</dataflow>
<dataflow id="221" from="src4_addr" to="src4_load" fromId="15" toId="40">
</dataflow>
<dataflow id="222" from="dct_coeff_table_5" to="dct_coeff_table_5_addr" fromId="149" toId="41">
</dataflow>
<dataflow id="223" from="stg_159" to="dct_coeff_table_5_addr" fromId="159" toId="41">
</dataflow>
<dataflow id="224" from="k_cast8" to="dct_coeff_table_5_addr" fromId="24" toId="41">
</dataflow>
<dataflow id="225" from="dct_coeff_table_5_addr" to="dct_coeff_table_5_load" fromId="41" toId="42">
</dataflow>
<dataflow id="226" from="src5_addr" to="src5_load" fromId="16" toId="43">
</dataflow>
<dataflow id="227" from="dct_coeff_table_6" to="dct_coeff_table_6_addr" fromId="150" toId="44">
</dataflow>
<dataflow id="228" from="stg_159" to="dct_coeff_table_6_addr" fromId="159" toId="44">
</dataflow>
<dataflow id="229" from="k_cast8" to="dct_coeff_table_6_addr" fromId="24" toId="44">
</dataflow>
<dataflow id="230" from="dct_coeff_table_6_addr" to="dct_coeff_table_6_load" fromId="44" toId="45">
</dataflow>
<dataflow id="231" from="dct_coeff_table_7" to="dct_coeff_table_7_addr" fromId="151" toId="46">
</dataflow>
<dataflow id="232" from="stg_159" to="dct_coeff_table_7_addr" fromId="159" toId="46">
</dataflow>
<dataflow id="233" from="k_cast8" to="dct_coeff_table_7_addr" fromId="24" toId="46">
</dataflow>
<dataflow id="234" from="dct_coeff_table_7_addr" to="dct_coeff_table_7_load" fromId="46" toId="47">
</dataflow>
<dataflow id="235" from="src7_addr" to="src7_load" fromId="18" toId="48">
</dataflow>
<dataflow id="237" from="_ssdm_op_BitConcatenate.i7.i4.i3" to="tmp_5" fromId="236" toId="49">
</dataflow>
<dataflow id="238" from="i_21_read" to="tmp_5" fromId="8" toId="49">
</dataflow>
<dataflow id="240" from="stg_239" to="tmp_5" fromId="239" toId="49">
</dataflow>
<dataflow id="241" from="tmp_5" to="p_addr_cast" fromId="49" toId="50">
</dataflow>
<dataflow id="242" from="p_addr_cast" to="p_addr1" fromId="50" toId="51">
</dataflow>
<dataflow id="243" from="k_cast8_cast" to="p_addr1" fromId="25" toId="51">
</dataflow>
<dataflow id="244" from="dct_coeff_table_0_addr" to="dct_coeff_table_0_load" fromId="26" toId="52">
</dataflow>
<dataflow id="245" from="dct_coeff_table_0_load" to="coeff_cast" fromId="52" toId="53">
</dataflow>
<dataflow id="246" from="src_addr" to="src_load" fromId="11" toId="54">
</dataflow>
<dataflow id="247" from="src_load" to="tmp_5_cast" fromId="54" toId="55">
</dataflow>
<dataflow id="248" from="tmp_5_cast" to="tmp_6" fromId="55" toId="56">
</dataflow>
<dataflow id="249" from="coeff_cast" to="tmp_6" fromId="53" toId="56">
</dataflow>
<dataflow id="250" from="dct_coeff_table_1_addr" to="dct_coeff_table_1_load" fromId="29" toId="57">
</dataflow>
<dataflow id="251" from="src1_addr" to="src1_load" fromId="12" toId="58">
</dataflow>
<dataflow id="252" from="dct_coeff_table_2_addr" to="dct_coeff_table_2_load" fromId="32" toId="59">
</dataflow>
<dataflow id="253" from="src2_addr" to="src2_load" fromId="13" toId="60">
</dataflow>
<dataflow id="254" from="dct_coeff_table_3_addr" to="dct_coeff_table_3_load" fromId="35" toId="61">
</dataflow>
<dataflow id="255" from="dct_coeff_table_3_load" to="coeff_3_cast" fromId="61" toId="62">
</dataflow>
<dataflow id="256" from="src3_addr" to="src3_load" fromId="14" toId="63">
</dataflow>
<dataflow id="257" from="src3_load" to="tmp_5_3_cast" fromId="63" toId="64">
</dataflow>
<dataflow id="258" from="tmp_5_3_cast" to="tmp_6_3" fromId="64" toId="65">
</dataflow>
<dataflow id="259" from="coeff_3_cast" to="tmp_6_3" fromId="62" toId="65">
</dataflow>
<dataflow id="260" from="dct_coeff_table_4_addr" to="dct_coeff_table_4_load" fromId="38" toId="66">
</dataflow>
<dataflow id="261" from="src4_addr" to="src4_load" fromId="15" toId="67">
</dataflow>
<dataflow id="262" from="dct_coeff_table_5_addr" to="dct_coeff_table_5_load" fromId="41" toId="68">
</dataflow>
<dataflow id="263" from="dct_coeff_table_5_load" to="coeff_5_cast" fromId="68" toId="69">
</dataflow>
<dataflow id="264" from="src5_addr" to="src5_load" fromId="16" toId="70">
</dataflow>
<dataflow id="265" from="src5_load" to="tmp_5_5_cast" fromId="70" toId="71">
</dataflow>
<dataflow id="266" from="tmp_5_5_cast" to="tmp_6_5" fromId="71" toId="72">
</dataflow>
<dataflow id="267" from="coeff_5_cast" to="tmp_6_5" fromId="69" toId="72">
</dataflow>
<dataflow id="268" from="dct_coeff_table_6_addr" to="dct_coeff_table_6_load" fromId="44" toId="73">
</dataflow>
<dataflow id="269" from="src6_addr" to="src6_load" fromId="17" toId="74">
</dataflow>
<dataflow id="270" from="dct_coeff_table_7_addr" to="dct_coeff_table_7_load" fromId="46" toId="75">
</dataflow>
<dataflow id="271" from="src7_addr" to="src7_load" fromId="18" toId="76">
</dataflow>
<dataflow id="272" from="tmp_5_cast" to="tmp_6" fromId="55" toId="77">
</dataflow>
<dataflow id="273" from="coeff_cast" to="tmp_6" fromId="53" toId="77">
</dataflow>
<dataflow id="274" from="dct_coeff_table_1_load" to="coeff_1_cast" fromId="57" toId="78">
</dataflow>
<dataflow id="275" from="src1_load" to="tmp_5_1_cast" fromId="58" toId="79">
</dataflow>
<dataflow id="276" from="tmp_5_1_cast" to="tmp_6_1" fromId="79" toId="80">
</dataflow>
<dataflow id="277" from="coeff_1_cast" to="tmp_6_1" fromId="78" toId="80">
</dataflow>
<dataflow id="278" from="dct_coeff_table_2_load" to="coeff_2_cast" fromId="59" toId="81">
</dataflow>
<dataflow id="279" from="src2_load" to="tmp_5_2_cast" fromId="60" toId="82">
</dataflow>
<dataflow id="280" from="tmp_5_2_cast" to="tmp_6_2" fromId="82" toId="83">
</dataflow>
<dataflow id="281" from="coeff_2_cast" to="tmp_6_2" fromId="81" toId="83">
</dataflow>
<dataflow id="282" from="tmp_5_3_cast" to="tmp_6_3" fromId="64" toId="84">
</dataflow>
<dataflow id="283" from="coeff_3_cast" to="tmp_6_3" fromId="62" toId="84">
</dataflow>
<dataflow id="284" from="dct_coeff_table_4_load" to="coeff_4_cast" fromId="66" toId="85">
</dataflow>
<dataflow id="285" from="src4_load" to="tmp_5_4_cast" fromId="67" toId="86">
</dataflow>
<dataflow id="286" from="tmp_5_4_cast" to="tmp_6_4" fromId="86" toId="87">
</dataflow>
<dataflow id="287" from="coeff_4_cast" to="tmp_6_4" fromId="85" toId="87">
</dataflow>
<dataflow id="288" from="tmp_5_5_cast" to="tmp_6_5" fromId="71" toId="88">
</dataflow>
<dataflow id="289" from="coeff_5_cast" to="tmp_6_5" fromId="69" toId="88">
</dataflow>
<dataflow id="290" from="dct_coeff_table_6_load" to="coeff_6_cast" fromId="73" toId="89">
</dataflow>
<dataflow id="291" from="src6_addr" to="src6_load" fromId="17" toId="90">
</dataflow>
<dataflow id="292" from="src6_load" to="tmp_5_6_cast" fromId="90" toId="91">
</dataflow>
<dataflow id="293" from="tmp_5_6_cast" to="tmp_6_6" fromId="91" toId="92">
</dataflow>
<dataflow id="294" from="coeff_6_cast" to="tmp_6_6" fromId="89" toId="92">
</dataflow>
<dataflow id="295" from="dct_coeff_table_7_load" to="coeff_7_cast" fromId="75" toId="93">
</dataflow>
<dataflow id="296" from="src7_load" to="tmp_5_7_cast" fromId="76" toId="94">
</dataflow>
<dataflow id="297" from="tmp_5_7_cast" to="tmp_6_7" fromId="94" toId="95">
</dataflow>
<dataflow id="298" from="coeff_7_cast" to="tmp_6_7" fromId="93" toId="95">
</dataflow>
<dataflow id="299" from="tmp_6_7" to="tmp7" fromId="95" toId="96">
</dataflow>
<dataflow id="301" from="stg_300" to="tmp7" fromId="300" toId="96">
</dataflow>
<dataflow id="302" from="tmp_5_cast" to="tmp_6" fromId="55" toId="97">
</dataflow>
<dataflow id="303" from="coeff_cast" to="tmp_6" fromId="53" toId="97">
</dataflow>
<dataflow id="304" from="tmp_5_3_cast" to="tmp_6_3" fromId="64" toId="98">
</dataflow>
<dataflow id="305" from="coeff_3_cast" to="tmp_6_3" fromId="62" toId="98">
</dataflow>
<dataflow id="306" from="tmp_5_5_cast" to="tmp_6_5" fromId="71" toId="99">
</dataflow>
<dataflow id="307" from="coeff_5_cast" to="tmp_6_5" fromId="69" toId="99">
</dataflow>
<dataflow id="308" from="tmp_6_1" to="tmp2" fromId="80" toId="100">
</dataflow>
<dataflow id="309" from="tmp_6" to="tmp2" fromId="97" toId="100">
</dataflow>
<dataflow id="310" from="tmp_6_2" to="tmp3" fromId="83" toId="101">
</dataflow>
<dataflow id="311" from="tmp_6_3" to="tmp3" fromId="98" toId="101">
</dataflow>
<dataflow id="312" from="tmp3" to="tmp1" fromId="101" toId="102">
</dataflow>
<dataflow id="313" from="tmp2" to="tmp1" fromId="100" toId="102">
</dataflow>
<dataflow id="314" from="tmp_6_4" to="tmp5" fromId="87" toId="103">
</dataflow>
<dataflow id="315" from="tmp_6_5" to="tmp5" fromId="99" toId="103">
</dataflow>
<dataflow id="316" from="tmp7" to="tmp6" fromId="96" toId="104">
</dataflow>
<dataflow id="317" from="tmp_6_6" to="tmp6" fromId="92" toId="104">
</dataflow>
<dataflow id="318" from="tmp6" to="tmp4" fromId="104" toId="105">
</dataflow>
<dataflow id="319" from="tmp5" to="tmp4" fromId="103" toId="105">
</dataflow>
<dataflow id="321" from="_ssdm_op_SpecLoopTripCount" to="empty" fromId="320" toId="106">
</dataflow>
<dataflow id="323" from="stg_322" to="empty" fromId="322" toId="106">
</dataflow>
<dataflow id="324" from="stg_322" to="empty" fromId="322" toId="106">
</dataflow>
<dataflow id="325" from="stg_322" to="empty" fromId="322" toId="106">
</dataflow>
<dataflow id="327" from="_ssdm_op_SpecLoopName" to="stg_107" fromId="326" toId="107">
</dataflow>
<dataflow id="329" from="p_str" to="stg_107" fromId="328" toId="107">
</dataflow>
<dataflow id="331" from="_ssdm_op_SpecRegionBegin" to="tmp" fromId="330" toId="108">
</dataflow>
<dataflow id="332" from="p_str" to="tmp" fromId="328" toId="108">
</dataflow>
<dataflow id="334" from="_ssdm_op_SpecPipeline" to="stg_109" fromId="333" toId="109">
</dataflow>
<dataflow id="336" from="stg_335" to="stg_109" fromId="335" toId="109">
</dataflow>
<dataflow id="337" from="stg_335" to="stg_109" fromId="335" toId="109">
</dataflow>
<dataflow id="338" from="stg_335" to="stg_109" fromId="335" toId="109">
</dataflow>
<dataflow id="340" from="p_str1" to="stg_109" fromId="339" toId="109">
</dataflow>
<dataflow id="341" from="tmp4" to="tmp_1" fromId="105" toId="110">
</dataflow>
<dataflow id="342" from="tmp1" to="tmp_1" fromId="102" toId="110">
</dataflow>
<dataflow id="344" from="_ssdm_op_PartSelect.i16.i29.i32.i32" to="tmp_3" fromId="343" toId="111">
</dataflow>
<dataflow id="345" from="tmp_1" to="tmp_3" fromId="110" toId="111">
</dataflow>
<dataflow id="347" from="stg_346" to="tmp_3" fromId="346" toId="111">
</dataflow>
<dataflow id="349" from="stg_348" to="tmp_3" fromId="348" toId="111">
</dataflow>
<dataflow id="350" from="p_addr1" to="p_addr1_cast" fromId="51" toId="112">
</dataflow>
<dataflow id="351" from="dst" to="dst_addr" fromId="142" toId="113">
</dataflow>
<dataflow id="352" from="stg_159" to="dst_addr" fromId="159" toId="113">
</dataflow>
<dataflow id="353" from="p_addr1_cast" to="dst_addr" fromId="112" toId="113">
</dataflow>
<dataflow id="354" from="tmp_3" to="stg_114" fromId="111" toId="114">
</dataflow>
<dataflow id="355" from="dst_addr" to="stg_114" fromId="113" toId="114">
</dataflow>
<dataflow id="357" from="_ssdm_op_SpecRegionEnd" to="empty_22" fromId="356" toId="115">
</dataflow>
<dataflow id="358" from="p_str" to="empty_22" fromId="328" toId="115">
</dataflow>
<dataflow id="359" from="tmp" to="empty_22" fromId="108" toId="115">
</dataflow>
<dataflow id="360" from="exitcond1" to="stg_2" fromId="21" toId="2">
</dataflow>
<dataflow id="361" from="exitcond1" to="stg_3" fromId="21" toId="3">
</dataflow>
<dataflow id="362" from="exitcond1" to="stg_4" fromId="21" toId="4">
</dataflow>
<dataflow id="363" from="exitcond1" to="stg_5" fromId="21" toId="5">
</dataflow>
<dataflow id="364" from="exitcond1" to="stg_6" fromId="21" toId="6">
</dataflow>
</dataflows>


</stg>
