<profile>

<section name = "Vivado HLS Report for 'dct_1d'" level="0">
<item name = "Date">Sat Jan 04 13:45:56 2014
</item>
<item name = "Version">2013.3 (build date: Wed Oct 16 18:12:55 PM 2013)</item>
<item name = "Project">dct_prj</item>
<item name = "Solution">solution4</item>
<item name = "Product family">artix7 artix7_fpv6 </item>
<item name = "Target device">xc7a100tcsg324-1</item>
</section>

<section name = "Performance Estimates" level="0">
<item name = "Timing (ns)">
<section name = "" level="1">
<item name = "Summary"><table name="" hasTotal="0">
<keys size="4">Clock, Target, Estimated, Uncertainty</keys>
<column name="default">10.00, 7.64, 1.25</column>
</table>
</item>
</section>
</item>
<item name = "Latency (clock cycles)">
<section name = "" level="1">
<item name = "Summary"><table name="" hasTotal="0">
<keys size="6">, min, max, min, max, Type</keys>
<column name="">13, 13, 13, 13, none</column>
</table>
</item>
<item name = "Detail">
<section name = "" level="1">
<item name = "Instance"><table name="" hasTotal="0">
<keys size="7">Instance, Module, min, max, min, max, Type</keys>
</table>
</item>
<item name = "Loop"><table name="" hasTotal="0">
<keys size="8">Loop Name, min, max, Latency, achieved, target, Count, Pipelined</keys>
<column name="- DCT_Outer_Loop">11, 11, 5, 1, 1, 8, yes</column>
</table>
</item>
</section>
</item>
</section>
</item>
</section>

<section name = "Utilization Estimates" level="0">
<item name = "Summary"><table name="" hasTotal="1">
<keys size="5">Name, BRAM_18K, DSP48E, FF, LUT</keys>
<column name="Expression">-, 5, 0, 103</column>
<column name="FIFO">-, -, -, -</column>
<column name="Instance">-, 3, -, -</column>
<column name="Memory">8, -, -, -</column>
<column name="Multiplexer">-, -, -, 4</column>
<column name="Register">-, -, 386, -</column>
<column name="ShiftMemory">-, -, 0, 9</column>
<specialColumn name="Available">270, 240, 126800, 63400</specialColumn>
<specialColumn name="Utilization (%)">2, 3, ~0, ~0</specialColumn>
</table>
</item>
<item name = "Detail">
<section name = "" level="1">
<item name = "Instance"><table name="" hasTotal="1">
<keys size="6">Instance, Module, BRAM_18K, DSP48E, FF, LUT</keys>
<column name="dct_mul_16s_14ns_29_3_U9">dct_mul_16s_14ns_29_3, 0, 1, 0, 0</column>
<column name="dct_mul_16s_15s_29_3_U10">dct_mul_16s_15s_29_3, 0, 1, 0, 0</column>
<column name="dct_mul_16s_15s_29_3_U11">dct_mul_16s_15s_29_3, 0, 1, 0, 0</column>
</table>
</item>
<item name = "Memory"><table name="" hasTotal="1">
<keys size="7">Memory, Module, BRAM_18K, Words, Bits, Banks, W*Bits*Banks</keys>
<column name="dct_coeff_table_0_U">dct_1d_dct_coeff_table_0, 1, 8, 14, 1, 112</column>
<column name="dct_coeff_table_1_U">dct_1d_dct_coeff_table_1, 1, 8, 15, 1, 120</column>
<column name="dct_coeff_table_2_U">dct_1d_dct_coeff_table_2, 1, 8, 15, 1, 120</column>
<column name="dct_coeff_table_3_U">dct_1d_dct_coeff_table_3, 1, 8, 15, 1, 120</column>
<column name="dct_coeff_table_4_U">dct_1d_dct_coeff_table_4, 1, 8, 15, 1, 120</column>
<column name="dct_coeff_table_5_U">dct_1d_dct_coeff_table_5, 1, 8, 15, 1, 120</column>
<column name="dct_coeff_table_6_U">dct_1d_dct_coeff_table_6, 1, 8, 15, 1, 120</column>
<column name="dct_coeff_table_7_U">dct_1d_dct_coeff_table_7, 1, 8, 15, 1, 120</column>
</table>
</item>
<item name = "FIFO"><table name="" hasTotal="1">
<keys size="7">Name, BRAM_18K, FF, LUT, Depth, Bits, Size:D*B</keys>
</table>
</item>
<item name = "Shift register"><table name="" hasTotal="1">
<keys size="5">Name, FF, LUT, Bits, Const Bits</keys>
<column name="exitcond1_reg_559">0, 1, 1, 0</column>
<column name="p_addr1_reg_608">0, 8, 8, 0</column>
</table>
</item>
<item name = "Expression"><table name="" hasTotal="1">
<keys size="7">Variable Name, Operation, DSP48E, FF, LUT, Bitwidth P0, Bitwidth P1</keys>
<column name="tmp_6_1_fu_403_p2">*, 1, 0, 0, 16, 15</column>
<column name="tmp_6_2_fu_415_p2">*, 1, 0, 0, 16, 15</column>
<column name="tmp_6_4_fu_427_p2">*, 1, 0, 0, 16, 15</column>
<column name="tmp_6_6_fu_440_p2">*, 1, 0, 0, 16, 15</column>
<column name="tmp_6_7_fu_452_p2">*, 1, 0, 0, 16, 15</column>
<column name="k_1_fu_316_p2">+, 0, 0, 4, 4, 1</column>
<column name="p_addr1_fu_349_p2">+, 0, 0, 8, 8, 8</column>
<column name="tmp1_fu_474_p2">+, 0, 0, 29, 29, 29</column>
<column name="tmp4_fu_489_p2">+, 0, 0, 29, 29, 29</column>
<column name="tmp_1_fu_495_p2">+, 0, 0, 29, 29, 29</column>
<column name="exitcond1_fu_310_p2">icmp, 0, 0, 4, 4, 5</column>
</table>
</item>
<item name = "Multiplexer"><table name="" hasTotal="1">
<keys size="5">Name, LUT, Input Size, Bits, Total Bits</keys>
<column name="k_reg_286">4, 2, 4, 8</column>
</table>
</item>
<item name = "Register"><table name="" hasTotal="1">
<keys size="4">Name, FF, Bits, Const Bits</keys>
<column name="ap_CS_fsm">2, 2, 0</column>
<column name="ap_reg_ppiten_pp0_it0">1, 1, 0</column>
<column name="ap_reg_ppiten_pp0_it1">1, 1, 0</column>
<column name="ap_reg_ppiten_pp0_it2">1, 1, 0</column>
<column name="ap_reg_ppiten_pp0_it3">1, 1, 0</column>
<column name="ap_reg_ppiten_pp0_it4">1, 1, 0</column>
<column name="dct_coeff_table_1_load_reg_623">15, 15, 0</column>
<column name="dct_coeff_table_2_load_reg_633">15, 15, 0</column>
<column name="dct_coeff_table_4_load_reg_653">15, 15, 0</column>
<column name="dct_coeff_table_6_load_reg_673">15, 15, 0</column>
<column name="dct_coeff_table_7_load_reg_678">15, 15, 0</column>
<column name="exitcond1_reg_559">1, 1, 0</column>
<column name="k_reg_286">4, 4, 0</column>
<column name="p_addr1_reg_608">8, 8, 0</column>
<column name="src1_addr_reg_524">3, 3, 0</column>
<column name="src1_load_reg_628">16, 16, 0</column>
<column name="src2_addr_reg_529">3, 3, 0</column>
<column name="src2_load_reg_638">16, 16, 0</column>
<column name="src3_addr_reg_534">3, 3, 0</column>
<column name="src4_addr_reg_539">3, 3, 0</column>
<column name="src4_load_reg_658">16, 16, 0</column>
<column name="src5_addr_reg_544">3, 3, 0</column>
<column name="src6_addr_reg_549">3, 3, 0</column>
<column name="src7_addr_reg_554">3, 3, 0</column>
<column name="src7_load_reg_683">16, 16, 0</column>
<column name="src_addr_reg_519">3, 3, 0</column>
<column name="tmp1_reg_713">29, 29, 0</column>
<column name="tmp4_reg_718">29, 29, 0</column>
<column name="tmp7_reg_708">29, 29, 0</column>
<column name="tmp_6_1_reg_688">29, 29, 0</column>
<column name="tmp_6_2_reg_693">29, 29, 0</column>
<column name="tmp_6_4_reg_698">29, 29, 0</column>
<column name="tmp_6_6_reg_703">29, 29, 0</column>
</table>
</item>
</section>
</item>
</section>

<section name = "Interface" level="0">
<item name = "Summary"><table name="" hasTotal="0">
<keys size="6">RTL Ports, Dir, Bits, Protocol, Source Object, C Type</keys>
<column name="ap_clk">in, 1, ap_ctrl_hs, dct_1d, return value</column>
<column name="ap_rst">in, 1, ap_ctrl_hs, dct_1d, return value</column>
<column name="ap_start">in, 1, ap_ctrl_hs, dct_1d, return value</column>
<column name="ap_done">out, 1, ap_ctrl_hs, dct_1d, return value</column>
<column name="ap_idle">out, 1, ap_ctrl_hs, dct_1d, return value</column>
<column name="ap_ready">out, 1, ap_ctrl_hs, dct_1d, return value</column>
<column name="src_address0">out, 3, ap_memory, src, array</column>
<column name="src_ce0">out, 1, ap_memory, src, array</column>
<column name="src_q0">in, 16, ap_memory, src, array</column>
<column name="src1_address0">out, 3, ap_memory, src1, array</column>
<column name="src1_ce0">out, 1, ap_memory, src1, array</column>
<column name="src1_q0">in, 16, ap_memory, src1, array</column>
<column name="src2_address0">out, 3, ap_memory, src2, array</column>
<column name="src2_ce0">out, 1, ap_memory, src2, array</column>
<column name="src2_q0">in, 16, ap_memory, src2, array</column>
<column name="src3_address0">out, 3, ap_memory, src3, array</column>
<column name="src3_ce0">out, 1, ap_memory, src3, array</column>
<column name="src3_q0">in, 16, ap_memory, src3, array</column>
<column name="src4_address0">out, 3, ap_memory, src4, array</column>
<column name="src4_ce0">out, 1, ap_memory, src4, array</column>
<column name="src4_q0">in, 16, ap_memory, src4, array</column>
<column name="src5_address0">out, 3, ap_memory, src5, array</column>
<column name="src5_ce0">out, 1, ap_memory, src5, array</column>
<column name="src5_q0">in, 16, ap_memory, src5, array</column>
<column name="src6_address0">out, 3, ap_memory, src6, array</column>
<column name="src6_ce0">out, 1, ap_memory, src6, array</column>
<column name="src6_q0">in, 16, ap_memory, src6, array</column>
<column name="src7_address0">out, 3, ap_memory, src7, array</column>
<column name="src7_ce0">out, 1, ap_memory, src7, array</column>
<column name="src7_q0">in, 16, ap_memory, src7, array</column>
<column name="i_2">in, 4, ap_none, i_2, scalar</column>
<column name="dst_address0">out, 6, ap_memory, dst, array</column>
<column name="dst_ce0">out, 1, ap_memory, dst, array</column>
<column name="dst_we0">out, 1, ap_memory, dst, array</column>
<column name="dst_d0">out, 16, ap_memory, dst, array</column>
<column name="i_21">in, 4, ap_none, i_21, scalar</column>
</table>
</item>
</section>
</profile>
