<stg><name>dct_2d</name>


<trans_list>

<trans id="127" from="1" to="2">
<condition id="95">
<or_exp><and_exp></and_exp></or_exp>
</condition>
</trans>

<trans id="128" from="2" to="3">
<condition id="98">
<or_exp><and_exp><literal name="exitcond7" val="0"/>
</and_exp></or_exp>
</condition>
</trans>

<trans id="129" from="2" to="4">
<condition id="97">
<or_exp><and_exp><literal name="exitcond7" val="1"/>
</and_exp></or_exp>
</condition>
</trans>

<trans id="131" from="3" to="2">
<condition id="101">
<or_exp><and_exp></and_exp></or_exp>
</condition>
</trans>

<trans id="147" from="4" to="6">
<condition id="121">
<or_exp><and_exp><literal name="exitcond_flatten" val="1"/>
</and_exp></or_exp>
</condition>
</trans>

<trans id="148" from="4" to="5">
<condition id="123">
<or_exp><and_exp><literal name="exitcond_flatten" val="0"/>
</and_exp></or_exp>
</condition>
</trans>

<trans id="146" from="5" to="4">
<condition id="122">
<or_exp><and_exp></and_exp></or_exp>
</condition>
</trans>

<trans id="137" from="6" to="7">
<condition id="111">
<or_exp><and_exp><literal name="exitcond4" val="0"/>
</and_exp></or_exp>
</condition>
</trans>

<trans id="138" from="6" to="8">
<condition id="110">
<or_exp><and_exp><literal name="exitcond4" val="1"/>
</and_exp></or_exp>
</condition>
</trans>

<trans id="140" from="7" to="6">
<condition id="114">
<or_exp><and_exp></and_exp></or_exp>
</condition>
</trans>

<trans id="151" from="8" to="10">
<condition id="124">
<or_exp><and_exp><literal name="exitcond_flatten1" val="1"/>
</and_exp></or_exp>
</condition>
</trans>

<trans id="152" from="8" to="9">
<condition id="126">
<or_exp><and_exp><literal name="exitcond_flatten1" val="0"/>
</and_exp></or_exp>
</condition>
</trans>

<trans id="150" from="9" to="8">
<condition id="125">
<or_exp><and_exp></and_exp></or_exp>
</condition>
</trans>
</trans_list>



<state_list>

<state id="1" st_id="1">

<operation id="11" st_id="1" stage="1" lat="1">
<core>RAM</core>
<MemPortIdVec></MemPortIdVec>
<condition id="75">
<or_exp><and_exp></and_exp></or_exp>
</condition>

<node id="18" bw="16" op_0_bw="32">
<![CDATA[
:0  %row_outbuf = alloca [64 x i16], align 2

]]></node>
<StgValue><ssdm name="row_outbuf"/><MemPortTyVec>2 3 </MemPortTyVec>
</StgValue>
</operation>

<operation id="12" st_id="1" stage="1" lat="1">
<core>RAM</core>
<MemPortIdVec></MemPortIdVec>
<condition id="75">
<or_exp><and_exp></and_exp></or_exp>
</condition>

<node id="19" bw="16" op_0_bw="32">
<![CDATA[
:1  %col_outbuf = alloca [64 x i16], align 2

]]></node>
<StgValue><ssdm name="col_outbuf"/><MemPortTyVec>2 3 </MemPortTyVec>
</StgValue>
</operation>

<operation id="13" st_id="1" stage="1" lat="1">
<core>RAM</core>
<MemPortIdVec></MemPortIdVec>
<condition id="75">
<or_exp><and_exp></and_exp></or_exp>
</condition>

<node id="20" bw="16" op_0_bw="32">
<![CDATA[
:2  %col_inbuf_0 = alloca [8 x i16], align 2

]]></node>
<StgValue><ssdm name="col_inbuf_0"/><MemPortTyVec>2 3 </MemPortTyVec>
</StgValue>
</operation>

<operation id="14" st_id="1" stage="1" lat="1">
<core>RAM</core>
<MemPortIdVec></MemPortIdVec>
<condition id="75">
<or_exp><and_exp></and_exp></or_exp>
</condition>

<node id="21" bw="16" op_0_bw="32">
<![CDATA[
:3  %col_inbuf_1 = alloca [8 x i16], align 2

]]></node>
<StgValue><ssdm name="col_inbuf_1"/><MemPortTyVec>2 3 </MemPortTyVec>
</StgValue>
</operation>

<operation id="15" st_id="1" stage="1" lat="1">
<core>RAM</core>
<MemPortIdVec></MemPortIdVec>
<condition id="75">
<or_exp><and_exp></and_exp></or_exp>
</condition>

<node id="22" bw="16" op_0_bw="32">
<![CDATA[
:4  %col_inbuf_2 = alloca [8 x i16], align 2

]]></node>
<StgValue><ssdm name="col_inbuf_2"/><MemPortTyVec>2 3 </MemPortTyVec>
</StgValue>
</operation>

<operation id="16" st_id="1" stage="1" lat="1">
<core>RAM</core>
<MemPortIdVec></MemPortIdVec>
<condition id="75">
<or_exp><and_exp></and_exp></or_exp>
</condition>

<node id="23" bw="16" op_0_bw="32">
<![CDATA[
:5  %col_inbuf_3 = alloca [8 x i16], align 2

]]></node>
<StgValue><ssdm name="col_inbuf_3"/><MemPortTyVec>2 3 </MemPortTyVec>
</StgValue>
</operation>

<operation id="17" st_id="1" stage="1" lat="1">
<core>RAM</core>
<MemPortIdVec></MemPortIdVec>
<condition id="75">
<or_exp><and_exp></and_exp></or_exp>
</condition>

<node id="24" bw="16" op_0_bw="32">
<![CDATA[
:6  %col_inbuf_4 = alloca [8 x i16], align 2

]]></node>
<StgValue><ssdm name="col_inbuf_4"/><MemPortTyVec>2 3 </MemPortTyVec>
</StgValue>
</operation>

<operation id="18" st_id="1" stage="1" lat="1">
<core>RAM</core>
<MemPortIdVec></MemPortIdVec>
<condition id="75">
<or_exp><and_exp></and_exp></or_exp>
</condition>

<node id="25" bw="16" op_0_bw="32">
<![CDATA[
:7  %col_inbuf_5 = alloca [8 x i16], align 2

]]></node>
<StgValue><ssdm name="col_inbuf_5"/><MemPortTyVec>2 3 </MemPortTyVec>
</StgValue>
</operation>

<operation id="19" st_id="1" stage="1" lat="1">
<core>RAM</core>
<MemPortIdVec></MemPortIdVec>
<condition id="75">
<or_exp><and_exp></and_exp></or_exp>
</condition>

<node id="26" bw="16" op_0_bw="32">
<![CDATA[
:8  %col_inbuf_6 = alloca [8 x i16], align 2

]]></node>
<StgValue><ssdm name="col_inbuf_6"/><MemPortTyVec>2 3 </MemPortTyVec>
</StgValue>
</operation>

<operation id="20" st_id="1" stage="1" lat="1">
<core>RAM</core>
<MemPortIdVec></MemPortIdVec>
<condition id="75">
<or_exp><and_exp></and_exp></or_exp>
</condition>

<node id="27" bw="16" op_0_bw="32">
<![CDATA[
:9  %col_inbuf_7 = alloca [8 x i16], align 2

]]></node>
<StgValue><ssdm name="col_inbuf_7"/><MemPortTyVec>2 3 </MemPortTyVec>
</StgValue>
</operation>

<operation id="21" st_id="1" stage="1" lat="1">
<core>NULL</core>
<MemPortIdVec></MemPortIdVec>
<condition id="75">
<or_exp><and_exp></and_exp></or_exp>
</condition>

<node id="28" bw="0" op_0_bw="0">
<![CDATA[
:10  br label %1

]]></node>
<StgValue><ssdm name=""/></StgValue>
</operation>
</state>

<state id="2" st_id="2">

<operation id="22" st_id="2" stage="1" lat="1">
<core>NULL</core>
<MemPortIdVec></MemPortIdVec>
<condition id="76">
<or_exp><and_exp></and_exp></or_exp>
</condition>

<node id="30" bw="4" op_0_bw="4" op_1_bw="0">
<![CDATA[
:0  %i = phi i4 [ 0, %0 ], [ %i_4, %2 ]

]]></node>
<StgValue><ssdm name="i"/></StgValue>
</operation>

<operation id="23" st_id="2" stage="1" lat="1">
<core>Cmp</core>
<MemPortIdVec></MemPortIdVec>
<condition id="76">
<or_exp><and_exp></and_exp></or_exp>
</condition>

<node id="31" bw="1" op_0_bw="4" op_1_bw="4">
<![CDATA[
:1  %exitcond7 = icmp eq i4 %i, -8

]]></node>
<StgValue><ssdm name="exitcond7"/></StgValue>
</operation>

<operation id="24" st_id="2" stage="1" lat="1">
<core>NULL</core>
<MemPortIdVec></MemPortIdVec>
<condition id="76">
<or_exp><and_exp></and_exp></or_exp>
</condition>

<node id="32" bw="32" op_0_bw="32" op_1_bw="64" op_2_bw="64" op_3_bw="64">
<![CDATA[
:2  %empty = call i32 (...)* @_ssdm_op_SpecLoopTripCount(i64 8, i64 8, i64 8)

]]></node>
<StgValue><ssdm name="empty"/></StgValue>
</operation>

<operation id="25" st_id="2" stage="1" lat="1">
<core>AddSub</core>
<MemPortIdVec></MemPortIdVec>
<condition id="76">
<or_exp><and_exp></and_exp></or_exp>
</condition>

<node id="33" bw="4" op_0_bw="4" op_1_bw="4">
<![CDATA[
:3  %i_4 = add i4 %i, 1

]]></node>
<StgValue><ssdm name="i_4"/></StgValue>
</operation>

<operation id="26" st_id="2" stage="1" lat="1">
<core>NULL</core>
<MemPortIdVec></MemPortIdVec>
<condition id="76">
<or_exp><and_exp></and_exp></or_exp>
</condition>

<node id="34" bw="0" op_0_bw="1" op_1_bw="0" op_2_bw="0">
<![CDATA[
:4  br i1 %exitcond7, label %.preheader2.preheader, label %2

]]></node>
<StgValue><ssdm name=""/></StgValue>
</operation>

<operation id="27" st_id="2" stage="2" lat="2">
<core></core>
<MemPortIdVec></MemPortIdVec>
<condition id="78">
<or_exp><and_exp><literal name="exitcond7" val="0"/>
</and_exp></or_exp>
</condition>

<node id="37" bw="0" op_0_bw="0" op_1_bw="16" op_2_bw="16" op_3_bw="16" op_4_bw="16" op_5_bw="16" op_6_bw="16" op_7_bw="16" op_8_bw="16" op_9_bw="4" op_10_bw="16" op_11_bw="4">
<![CDATA[
:1  call fastcc void @dct_1d([8 x i16]* nocapture %in_block_0, [8 x i16]* nocapture %in_block_1, [8 x i16]* nocapture %in_block_2, [8 x i16]* nocapture %in_block_3, [8 x i16]* nocapture %in_block_4, [8 x i16]* nocapture %in_block_5, [8 x i16]* nocapture %in_block_6, [8 x i16]* nocapture %in_block_7, i4 %i, [64 x i16]* nocapture %row_outbuf, i4 %i)

]]></node>
<StgValue><ssdm name=""/></StgValue>
</operation>
</state>

<state id="3" st_id="3">

<operation id="28" st_id="3" stage="1" lat="1">
<core>NULL</core>
<MemPortIdVec></MemPortIdVec>
<condition id="79">
<or_exp><and_exp></and_exp></or_exp>
</condition>

<node id="36" bw="0" op_0_bw="0" op_1_bw="8">
<![CDATA[
:0  call void (...)* @_ssdm_op_SpecLoopName([13 x i8]* @p_str4) nounwind

]]></node>
<StgValue><ssdm name=""/></StgValue>
</operation>

<operation id="29" st_id="3" stage="1" lat="2">
<core></core>
<MemPortIdVec></MemPortIdVec>
<condition id="79">
<or_exp><and_exp></and_exp></or_exp>
</condition>

<node id="37" bw="0" op_0_bw="0" op_1_bw="16" op_2_bw="16" op_3_bw="16" op_4_bw="16" op_5_bw="16" op_6_bw="16" op_7_bw="16" op_8_bw="16" op_9_bw="4" op_10_bw="16" op_11_bw="4">
<![CDATA[
:1  call fastcc void @dct_1d([8 x i16]* nocapture %in_block_0, [8 x i16]* nocapture %in_block_1, [8 x i16]* nocapture %in_block_2, [8 x i16]* nocapture %in_block_3, [8 x i16]* nocapture %in_block_4, [8 x i16]* nocapture %in_block_5, [8 x i16]* nocapture %in_block_6, [8 x i16]* nocapture %in_block_7, i4 %i, [64 x i16]* nocapture %row_outbuf, i4 %i)

]]></node>
<StgValue><ssdm name=""/></StgValue>
</operation>

<operation id="30" st_id="3" stage="1" lat="1">
<core>NULL</core>
<MemPortIdVec></MemPortIdVec>
<condition id="79">
<or_exp><and_exp></and_exp></or_exp>
</condition>

<node id="38" bw="0" op_0_bw="0">
<![CDATA[
:2  br label %1

]]></node>
<StgValue><ssdm name=""/></StgValue>
</operation>
</state>

<state id="4" st_id="4">

<operation id="31" st_id="4" stage="1" lat="1">
<core>NULL</core>
<MemPortIdVec></MemPortIdVec>
<condition id="-1">
<or_exp><and_exp></and_exp></or_exp>
</condition>

<node id="40" bw="7" op_0_bw="7" op_1_bw="0">
<![CDATA[
.preheader2.preheader:0  %indvar_flatten = phi i7 [ %indvar_flatten_next, %ifBlock ], [ 0, %1 ]

]]></node>
<StgValue><ssdm name="indvar_flatten"/></StgValue>
</operation>

<operation id="32" st_id="4" stage="1" lat="1">
<core>NULL</core>
<MemPortIdVec></MemPortIdVec>
<condition id="-1">
<or_exp><and_exp></and_exp></or_exp>
</condition>

<node id="41" bw="4" op_0_bw="4" op_1_bw="0">
<![CDATA[
.preheader2.preheader:1  %j = phi i4 [ %j_mid2, %ifBlock ], [ 0, %1 ]

]]></node>
<StgValue><ssdm name="j"/></StgValue>
</operation>

<operation id="33" st_id="4" stage="1" lat="1">
<core>NULL</core>
<MemPortIdVec></MemPortIdVec>
<condition id="-1">
<or_exp><and_exp></and_exp></or_exp>
</condition>

<node id="42" bw="4" op_0_bw="4" op_1_bw="0">
<![CDATA[
.preheader2.preheader:2  %i_1 = phi i4 [ %i_6, %ifBlock ], [ 0, %1 ]

]]></node>
<StgValue><ssdm name="i_1"/></StgValue>
</operation>

<operation id="34" st_id="4" stage="1" lat="1">
<core>Cmp</core>
<MemPortIdVec></MemPortIdVec>
<condition id="-1">
<or_exp><and_exp></and_exp></or_exp>
</condition>

<node id="43" bw="1" op_0_bw="7" op_1_bw="7">
<![CDATA[
.preheader2.preheader:3  %exitcond_flatten = icmp eq i7 %indvar_flatten, -64

]]></node>
<StgValue><ssdm name="exitcond_flatten"/></StgValue>
</operation>

<operation id="35" st_id="4" stage="1" lat="1">
<core>AddSub</core>
<MemPortIdVec></MemPortIdVec>
<condition id="-1">
<or_exp><and_exp></and_exp></or_exp>
</condition>

<node id="44" bw="7" op_0_bw="7" op_1_bw="7">
<![CDATA[
.preheader2.preheader:4  %indvar_flatten_next = add i7 %indvar_flatten, 1

]]></node>
<StgValue><ssdm name="indvar_flatten_next"/></StgValue>
</operation>

<operation id="36" st_id="4" stage="1" lat="1">
<core>NULL</core>
<MemPortIdVec></MemPortIdVec>
<condition id="-1">
<or_exp><and_exp></and_exp></or_exp>
</condition>

<node id="45" bw="0" op_0_bw="1" op_1_bw="0" op_2_bw="0">
<![CDATA[
.preheader2.preheader:5  br i1 %exitcond_flatten, label %.preheader1, label %.preheader2

]]></node>
<StgValue><ssdm name=""/></StgValue>
</operation>

<operation id="37" st_id="4" stage="1" lat="1">
<core>Cmp</core>
<MemPortIdVec></MemPortIdVec>
<condition id="0">
<or_exp><and_exp><literal name="exitcond_flatten" val="0"/>
</and_exp></or_exp>
</condition>

<node id="49" bw="1" op_0_bw="4" op_1_bw="4">
<![CDATA[
.preheader2:2  %exitcond = icmp eq i4 %i_1, -8

]]></node>
<StgValue><ssdm name="exitcond"/></StgValue>
</operation>

<operation id="38" st_id="4" stage="1" lat="1">
<core>Sel</core>
<MemPortIdVec></MemPortIdVec>
<condition id="0">
<or_exp><and_exp><literal name="exitcond_flatten" val="0"/>
</and_exp></or_exp>
</condition>

<node id="50" bw="4" op_0_bw="1" op_1_bw="4" op_2_bw="4">
<![CDATA[
.preheader2:3  %i_1_mid2 = select i1 %exitcond, i4 0, i4 %i_1

]]></node>
<StgValue><ssdm name="i_1_mid2"/></StgValue>
</operation>

<operation id="39" st_id="4" stage="1" lat="1">
<core>AddSub</core>
<MemPortIdVec></MemPortIdVec>
<condition id="0">
<or_exp><and_exp><literal name="exitcond_flatten" val="0"/>
</and_exp></or_exp>
</condition>

<node id="51" bw="4" op_0_bw="4" op_1_bw="4">
<![CDATA[
.preheader2:4  %j_s = add i4 %j, 1

]]></node>
<StgValue><ssdm name="j_s"/></StgValue>
</operation>

<operation id="40" st_id="4" stage="1" lat="1">
<core>Sel</core>
<MemPortIdVec></MemPortIdVec>
<condition id="0">
<or_exp><and_exp><literal name="exitcond_flatten" val="0"/>
</and_exp></or_exp>
</condition>

<node id="52" bw="4" op_0_bw="1" op_1_bw="4" op_2_bw="4">
<![CDATA[
.preheader2:5  %j_mid2 = select i1 %exitcond, i4 %j_s, i4 %j

]]></node>
<StgValue><ssdm name="j_mid2"/></StgValue>
</operation>

<operation id="41" st_id="4" stage="1" lat="1">
<core>NULL</core>
<MemPortIdVec></MemPortIdVec>
<condition id="0">
<or_exp><and_exp><literal name="exitcond_flatten" val="0"/>
</and_exp></or_exp>
</condition>

<node id="54" bw="8" op_0_bw="4">
<![CDATA[
.preheader2:7  %j_cast5_cast = zext i4 %j_mid2 to i8

]]></node>
<StgValue><ssdm name="j_cast5_cast"/></StgValue>
</operation>

<operation id="42" st_id="4" stage="1" lat="1">
<core>NULL</core>
<MemPortIdVec></MemPortIdVec>
<condition id="0">
<or_exp><and_exp><literal name="exitcond_flatten" val="0"/>
</and_exp></or_exp>
</condition>

<node id="58" bw="7" op_0_bw="7" op_1_bw="4" op_2_bw="3">
<![CDATA[
.preheader2:11  %tmp = call i7 @_ssdm_op_BitConcatenate.i7.i4.i3(i4 %i_1_mid2, i3 0)

]]></node>
<StgValue><ssdm name="tmp"/></StgValue>
</operation>

<operation id="43" st_id="4" stage="1" lat="1">
<core>NULL</core>
<MemPortIdVec></MemPortIdVec>
<condition id="0">
<or_exp><and_exp><literal name="exitcond_flatten" val="0"/>
</and_exp></or_exp>
</condition>

<node id="59" bw="8" op_0_bw="7">
<![CDATA[
.preheader2:12  %p_addr_cast = zext i7 %tmp to i8

]]></node>
<StgValue><ssdm name="p_addr_cast"/></StgValue>
</operation>

<operation id="44" st_id="4" stage="1" lat="1">
<core>AddSub</core>
<MemPortIdVec></MemPortIdVec>
<condition id="0">
<or_exp><and_exp><literal name="exitcond_flatten" val="0"/>
</and_exp></or_exp>
</condition>

<node id="60" bw="8" op_0_bw="8" op_1_bw="8">
<![CDATA[
.preheader2:13  %p_addr3 = add i8 %p_addr_cast, %j_cast5_cast

]]></node>
<StgValue><ssdm name="p_addr3"/></StgValue>
</operation>

<operation id="45" st_id="4" stage="1" lat="1">
<core>NULL</core>
<MemPortIdVec></MemPortIdVec>
<condition id="0">
<or_exp><and_exp><literal name="exitcond_flatten" val="0"/>
</and_exp></or_exp>
</condition>

<node id="61" bw="32" op_0_bw="8">
<![CDATA[
.preheader2:14  %p_addr3_cast = zext i8 %p_addr3 to i32

]]></node>
<StgValue><ssdm name="p_addr3_cast"/></StgValue>
</operation>

<operation id="46" st_id="4" stage="1" lat="1">
<core>NULL</core>
<MemPortIdVec></MemPortIdVec>
<condition id="0">
<or_exp><and_exp><literal name="exitcond_flatten" val="0"/>
</and_exp></or_exp>
</condition>

<node id="62" bw="6" op_0_bw="16" op_1_bw="32" op_2_bw="32">
<![CDATA[
.preheader2:15  %row_outbuf_addr = getelementptr [64 x i16]* %row_outbuf, i32 0, i32 %p_addr3_cast

]]></node>
<StgValue><ssdm name="row_outbuf_addr"/></StgValue>
</operation>

<operation id="47" st_id="4" stage="2" lat="2">
<core>RAM</core>
<MemPortIdVec>0 </MemPortIdVec>
<condition id="0">
<or_exp><and_exp><literal name="exitcond_flatten" val="0"/>
</and_exp></or_exp>
</condition>

<node id="63" bw="16" op_0_bw="6">
<![CDATA[
.preheader2:16  %row_outbuf_load = load i16* %row_outbuf_addr, align 2

]]></node>
<StgValue><ssdm name="row_outbuf_load"/></StgValue>
</operation>

<operation id="48" st_id="4" stage="1" lat="1">
<core>NULL</core>
<MemPortIdVec></MemPortIdVec>
<condition id="0">
<or_exp><and_exp><literal name="exitcond_flatten" val="0"/>
</and_exp></or_exp>
</condition>

<node id="64" bw="3" op_0_bw="4">
<![CDATA[
.preheader2:17  %tmp_1 = trunc i4 %i_1_mid2 to i3

]]></node>
<StgValue><ssdm name="tmp_1"/></StgValue>
</operation>

<operation id="49" st_id="4" stage="1" lat="1">
<core>NULL</core>
<MemPortIdVec></MemPortIdVec>
<condition id="0">
<or_exp><and_exp><literal name="exitcond_flatten" val="0"/>
</and_exp></or_exp>
</condition>

<node id="65" bw="0" op_0_bw="3" op_1_bw="0" op_2_bw="3" op_3_bw="0" op_4_bw="3" op_5_bw="0" op_6_bw="3" op_7_bw="0" op_8_bw="3" op_9_bw="0" op_10_bw="3" op_11_bw="0" op_12_bw="3" op_13_bw="0" op_14_bw="3" op_15_bw="0">
<![CDATA[
.preheader2:18  switch i3 %tmp_1, label %branch7 [
    i3 0, label %branch0
    i3 1, label %branch1
    i3 2, label %branch2
    i3 3, label %branch3
    i3 -4, label %branch4
    i3 -3, label %branch5
    i3 -2, label %branch6
  ]

]]></node>
<StgValue><ssdm name=""/></StgValue>
</operation>

<operation id="50" st_id="4" stage="1" lat="1">
<core>AddSub</core>
<MemPortIdVec></MemPortIdVec>
<condition id="80">
<or_exp><and_exp><literal name="exitcond_flatten" val="0"/>
</and_exp></or_exp>
</condition>

<node id="100" bw="4" op_0_bw="4" op_1_bw="4">
<![CDATA[
ifBlock:1  %i_6 = add i4 %i_1_mid2, 1

]]></node>
<StgValue><ssdm name="i_6"/></StgValue>
</operation>
</state>

<state id="5" st_id="5">

<operation id="51" st_id="5" stage="1" lat="1">
<core>NULL</core>
<MemPortIdVec></MemPortIdVec>
<condition id="0">
<or_exp><and_exp><literal name="exitcond_flatten" val="0"/>
</and_exp></or_exp>
</condition>

<node id="47" bw="0" op_0_bw="0" op_1_bw="8">
<![CDATA[
.preheader2:0  call void (...)* @_ssdm_op_SpecLoopName([42 x i8]* @str2)

]]></node>
<StgValue><ssdm name=""/></StgValue>
</operation>

<operation id="52" st_id="5" stage="1" lat="1">
<core>NULL</core>
<MemPortIdVec></MemPortIdVec>
<condition id="0">
<or_exp><and_exp><literal name="exitcond_flatten" val="0"/>
</and_exp></or_exp>
</condition>

<node id="48" bw="32" op_0_bw="32" op_1_bw="64" op_2_bw="64" op_3_bw="64">
<![CDATA[
.preheader2:1  %empty_17 = call i32 (...)* @_ssdm_op_SpecLoopTripCount(i64 64, i64 64, i64 64)

]]></node>
<StgValue><ssdm name="empty_17"/></StgValue>
</operation>

<operation id="53" st_id="5" stage="1" lat="1">
<core>NULL</core>
<MemPortIdVec></MemPortIdVec>
<condition id="0">
<or_exp><and_exp><literal name="exitcond_flatten" val="0"/>
</and_exp></or_exp>
</condition>

<node id="53" bw="32" op_0_bw="4">
<![CDATA[
.preheader2:6  %j_cast5 = zext i4 %j_mid2 to i32

]]></node>
<StgValue><ssdm name="j_cast5"/></StgValue>
</operation>

<operation id="54" st_id="5" stage="1" lat="1">
<core>NULL</core>
<MemPortIdVec></MemPortIdVec>
<condition id="0">
<or_exp><and_exp><literal name="exitcond_flatten" val="0"/>
</and_exp></or_exp>
</condition>

<node id="55" bw="0" op_0_bw="0" op_1_bw="8">
<![CDATA[
.preheader2:8  call void (...)* @_ssdm_op_SpecLoopName([21 x i8]* @p_str6) nounwind

]]></node>
<StgValue><ssdm name=""/></StgValue>
</operation>

<operation id="55" st_id="5" stage="1" lat="1">
<core>NULL</core>
<MemPortIdVec></MemPortIdVec>
<condition id="0">
<or_exp><and_exp><literal name="exitcond_flatten" val="0"/>
</and_exp></or_exp>
</condition>

<node id="56" bw="32" op_0_bw="32" op_1_bw="8">
<![CDATA[
.preheader2:9  %tmp_6 = call i32 (...)* @_ssdm_op_SpecRegionBegin([21 x i8]* @p_str6)

]]></node>
<StgValue><ssdm name="tmp_6"/></StgValue>
</operation>

<operation id="56" st_id="5" stage="1" lat="1">
<core>NULL</core>
<MemPortIdVec></MemPortIdVec>
<condition id="0">
<or_exp><and_exp><literal name="exitcond_flatten" val="0"/>
</and_exp></or_exp>
</condition>

<node id="57" bw="0" op_0_bw="0" op_1_bw="32" op_2_bw="32" op_3_bw="32" op_4_bw="8">
<![CDATA[
.preheader2:10  call void (...)* @_ssdm_op_SpecPipeline(i32 1, i32 1, i32 1, [1 x i8]* @p_str1) nounwind

]]></node>
<StgValue><ssdm name=""/></StgValue>
</operation>

<operation id="57" st_id="5" stage="1" lat="2">
<core>RAM</core>
<MemPortIdVec>0 </MemPortIdVec>
<condition id="0">
<or_exp><and_exp><literal name="exitcond_flatten" val="0"/>
</and_exp></or_exp>
</condition>

<node id="63" bw="16" op_0_bw="6">
<![CDATA[
.preheader2:16  %row_outbuf_load = load i16* %row_outbuf_addr, align 2

]]></node>
<StgValue><ssdm name="row_outbuf_load"/></StgValue>
</operation>

<operation id="58" st_id="5" stage="1" lat="1">
<core>NULL</core>
<MemPortIdVec></MemPortIdVec>
<condition id="81">
<or_exp><and_exp><literal name="exitcond_flatten" val="0"/>
<literal name="tmp_1" val="6"/>
</and_exp></or_exp>
</condition>

<node id="67" bw="3" op_0_bw="16" op_1_bw="32" op_2_bw="32">
<![CDATA[
branch6:0  %col_inbuf_6_addr = getelementptr [8 x i16]* %col_inbuf_6, i32 0, i32 %j_cast5

]]></node>
<StgValue><ssdm name="col_inbuf_6_addr"/></StgValue>
</operation>

<operation id="59" st_id="5" stage="1" lat="1">
<core>RAM</core>
<MemPortIdVec>0 </MemPortIdVec>
<condition id="81">
<or_exp><and_exp><literal name="exitcond_flatten" val="0"/>
<literal name="tmp_1" val="6"/>
</and_exp></or_exp>
</condition>

<node id="68" bw="0" op_0_bw="16" op_1_bw="3">
<![CDATA[
branch6:1  store i16 %row_outbuf_load, i16* %col_inbuf_6_addr, align 2

]]></node>
<StgValue><ssdm name=""/></StgValue>
</operation>

<operation id="60" st_id="5" stage="1" lat="1">
<core>NULL</core>
<MemPortIdVec></MemPortIdVec>
<condition id="81">
<or_exp><and_exp><literal name="exitcond_flatten" val="0"/>
<literal name="tmp_1" val="6"/>
</and_exp></or_exp>
</condition>

<node id="69" bw="0" op_0_bw="0">
<![CDATA[
branch6:2  br label %ifBlock

]]></node>
<StgValue><ssdm name=""/></StgValue>
</operation>

<operation id="61" st_id="5" stage="1" lat="1">
<core>NULL</core>
<MemPortIdVec></MemPortIdVec>
<condition id="82">
<or_exp><and_exp><literal name="exitcond_flatten" val="0"/>
<literal name="tmp_1" val="5"/>
</and_exp></or_exp>
</condition>

<node id="71" bw="3" op_0_bw="16" op_1_bw="32" op_2_bw="32">
<![CDATA[
branch5:0  %col_inbuf_5_addr = getelementptr [8 x i16]* %col_inbuf_5, i32 0, i32 %j_cast5

]]></node>
<StgValue><ssdm name="col_inbuf_5_addr"/></StgValue>
</operation>

<operation id="62" st_id="5" stage="1" lat="1">
<core>RAM</core>
<MemPortIdVec>0 </MemPortIdVec>
<condition id="82">
<or_exp><and_exp><literal name="exitcond_flatten" val="0"/>
<literal name="tmp_1" val="5"/>
</and_exp></or_exp>
</condition>

<node id="72" bw="0" op_0_bw="16" op_1_bw="3">
<![CDATA[
branch5:1  store i16 %row_outbuf_load, i16* %col_inbuf_5_addr, align 2

]]></node>
<StgValue><ssdm name=""/></StgValue>
</operation>

<operation id="63" st_id="5" stage="1" lat="1">
<core>NULL</core>
<MemPortIdVec></MemPortIdVec>
<condition id="82">
<or_exp><and_exp><literal name="exitcond_flatten" val="0"/>
<literal name="tmp_1" val="5"/>
</and_exp></or_exp>
</condition>

<node id="73" bw="0" op_0_bw="0">
<![CDATA[
branch5:2  br label %ifBlock

]]></node>
<StgValue><ssdm name=""/></StgValue>
</operation>

<operation id="64" st_id="5" stage="1" lat="1">
<core>NULL</core>
<MemPortIdVec></MemPortIdVec>
<condition id="83">
<or_exp><and_exp><literal name="exitcond_flatten" val="0"/>
<literal name="tmp_1" val="4"/>
</and_exp></or_exp>
</condition>

<node id="75" bw="3" op_0_bw="16" op_1_bw="32" op_2_bw="32">
<![CDATA[
branch4:0  %col_inbuf_4_addr = getelementptr [8 x i16]* %col_inbuf_4, i32 0, i32 %j_cast5

]]></node>
<StgValue><ssdm name="col_inbuf_4_addr"/></StgValue>
</operation>

<operation id="65" st_id="5" stage="1" lat="1">
<core>RAM</core>
<MemPortIdVec>0 </MemPortIdVec>
<condition id="83">
<or_exp><and_exp><literal name="exitcond_flatten" val="0"/>
<literal name="tmp_1" val="4"/>
</and_exp></or_exp>
</condition>

<node id="76" bw="0" op_0_bw="16" op_1_bw="3">
<![CDATA[
branch4:1  store i16 %row_outbuf_load, i16* %col_inbuf_4_addr, align 2

]]></node>
<StgValue><ssdm name=""/></StgValue>
</operation>

<operation id="66" st_id="5" stage="1" lat="1">
<core>NULL</core>
<MemPortIdVec></MemPortIdVec>
<condition id="83">
<or_exp><and_exp><literal name="exitcond_flatten" val="0"/>
<literal name="tmp_1" val="4"/>
</and_exp></or_exp>
</condition>

<node id="77" bw="0" op_0_bw="0">
<![CDATA[
branch4:2  br label %ifBlock

]]></node>
<StgValue><ssdm name=""/></StgValue>
</operation>

<operation id="67" st_id="5" stage="1" lat="1">
<core>NULL</core>
<MemPortIdVec></MemPortIdVec>
<condition id="84">
<or_exp><and_exp><literal name="exitcond_flatten" val="0"/>
<literal name="tmp_1" val="3"/>
</and_exp></or_exp>
</condition>

<node id="79" bw="3" op_0_bw="16" op_1_bw="32" op_2_bw="32">
<![CDATA[
branch3:0  %col_inbuf_3_addr = getelementptr [8 x i16]* %col_inbuf_3, i32 0, i32 %j_cast5

]]></node>
<StgValue><ssdm name="col_inbuf_3_addr"/></StgValue>
</operation>

<operation id="68" st_id="5" stage="1" lat="1">
<core>RAM</core>
<MemPortIdVec>0 </MemPortIdVec>
<condition id="84">
<or_exp><and_exp><literal name="exitcond_flatten" val="0"/>
<literal name="tmp_1" val="3"/>
</and_exp></or_exp>
</condition>

<node id="80" bw="0" op_0_bw="16" op_1_bw="3">
<![CDATA[
branch3:1  store i16 %row_outbuf_load, i16* %col_inbuf_3_addr, align 2

]]></node>
<StgValue><ssdm name=""/></StgValue>
</operation>

<operation id="69" st_id="5" stage="1" lat="1">
<core>NULL</core>
<MemPortIdVec></MemPortIdVec>
<condition id="84">
<or_exp><and_exp><literal name="exitcond_flatten" val="0"/>
<literal name="tmp_1" val="3"/>
</and_exp></or_exp>
</condition>

<node id="81" bw="0" op_0_bw="0">
<![CDATA[
branch3:2  br label %ifBlock

]]></node>
<StgValue><ssdm name=""/></StgValue>
</operation>

<operation id="70" st_id="5" stage="1" lat="1">
<core>NULL</core>
<MemPortIdVec></MemPortIdVec>
<condition id="85">
<or_exp><and_exp><literal name="exitcond_flatten" val="0"/>
<literal name="tmp_1" val="2"/>
</and_exp></or_exp>
</condition>

<node id="83" bw="3" op_0_bw="16" op_1_bw="32" op_2_bw="32">
<![CDATA[
branch2:0  %col_inbuf_2_addr = getelementptr [8 x i16]* %col_inbuf_2, i32 0, i32 %j_cast5

]]></node>
<StgValue><ssdm name="col_inbuf_2_addr"/></StgValue>
</operation>

<operation id="71" st_id="5" stage="1" lat="1">
<core>RAM</core>
<MemPortIdVec>0 </MemPortIdVec>
<condition id="85">
<or_exp><and_exp><literal name="exitcond_flatten" val="0"/>
<literal name="tmp_1" val="2"/>
</and_exp></or_exp>
</condition>

<node id="84" bw="0" op_0_bw="16" op_1_bw="3">
<![CDATA[
branch2:1  store i16 %row_outbuf_load, i16* %col_inbuf_2_addr, align 2

]]></node>
<StgValue><ssdm name=""/></StgValue>
</operation>

<operation id="72" st_id="5" stage="1" lat="1">
<core>NULL</core>
<MemPortIdVec></MemPortIdVec>
<condition id="85">
<or_exp><and_exp><literal name="exitcond_flatten" val="0"/>
<literal name="tmp_1" val="2"/>
</and_exp></or_exp>
</condition>

<node id="85" bw="0" op_0_bw="0">
<![CDATA[
branch2:2  br label %ifBlock

]]></node>
<StgValue><ssdm name=""/></StgValue>
</operation>

<operation id="73" st_id="5" stage="1" lat="1">
<core>NULL</core>
<MemPortIdVec></MemPortIdVec>
<condition id="86">
<or_exp><and_exp><literal name="exitcond_flatten" val="0"/>
<literal name="tmp_1" val="1"/>
</and_exp></or_exp>
</condition>

<node id="87" bw="3" op_0_bw="16" op_1_bw="32" op_2_bw="32">
<![CDATA[
branch1:0  %col_inbuf_1_addr = getelementptr [8 x i16]* %col_inbuf_1, i32 0, i32 %j_cast5

]]></node>
<StgValue><ssdm name="col_inbuf_1_addr"/></StgValue>
</operation>

<operation id="74" st_id="5" stage="1" lat="1">
<core>RAM</core>
<MemPortIdVec>0 </MemPortIdVec>
<condition id="86">
<or_exp><and_exp><literal name="exitcond_flatten" val="0"/>
<literal name="tmp_1" val="1"/>
</and_exp></or_exp>
</condition>

<node id="88" bw="0" op_0_bw="16" op_1_bw="3">
<![CDATA[
branch1:1  store i16 %row_outbuf_load, i16* %col_inbuf_1_addr, align 2

]]></node>
<StgValue><ssdm name=""/></StgValue>
</operation>

<operation id="75" st_id="5" stage="1" lat="1">
<core>NULL</core>
<MemPortIdVec></MemPortIdVec>
<condition id="86">
<or_exp><and_exp><literal name="exitcond_flatten" val="0"/>
<literal name="tmp_1" val="1"/>
</and_exp></or_exp>
</condition>

<node id="89" bw="0" op_0_bw="0">
<![CDATA[
branch1:2  br label %ifBlock

]]></node>
<StgValue><ssdm name=""/></StgValue>
</operation>

<operation id="76" st_id="5" stage="1" lat="1">
<core>NULL</core>
<MemPortIdVec></MemPortIdVec>
<condition id="87">
<or_exp><and_exp><literal name="exitcond_flatten" val="0"/>
<literal name="tmp_1" val="0"/>
</and_exp></or_exp>
</condition>

<node id="91" bw="3" op_0_bw="16" op_1_bw="32" op_2_bw="32">
<![CDATA[
branch0:0  %col_inbuf_0_addr = getelementptr [8 x i16]* %col_inbuf_0, i32 0, i32 %j_cast5

]]></node>
<StgValue><ssdm name="col_inbuf_0_addr"/></StgValue>
</operation>

<operation id="77" st_id="5" stage="1" lat="1">
<core>RAM</core>
<MemPortIdVec>0 </MemPortIdVec>
<condition id="87">
<or_exp><and_exp><literal name="exitcond_flatten" val="0"/>
<literal name="tmp_1" val="0"/>
</and_exp></or_exp>
</condition>

<node id="92" bw="0" op_0_bw="16" op_1_bw="3">
<![CDATA[
branch0:1  store i16 %row_outbuf_load, i16* %col_inbuf_0_addr, align 2

]]></node>
<StgValue><ssdm name=""/></StgValue>
</operation>

<operation id="78" st_id="5" stage="1" lat="1">
<core>NULL</core>
<MemPortIdVec></MemPortIdVec>
<condition id="87">
<or_exp><and_exp><literal name="exitcond_flatten" val="0"/>
<literal name="tmp_1" val="0"/>
</and_exp></or_exp>
</condition>

<node id="93" bw="0" op_0_bw="0">
<![CDATA[
branch0:2  br label %ifBlock

]]></node>
<StgValue><ssdm name=""/></StgValue>
</operation>

<operation id="79" st_id="5" stage="1" lat="1">
<core>NULL</core>
<MemPortIdVec></MemPortIdVec>
<condition id="88">
<or_exp><and_exp><literal name="exitcond_flatten" val="0"/>
<literal name="tmp_1" val="!6"/>
<literal name="tmp_1" val="!5"/>
<literal name="tmp_1" val="!4"/>
<literal name="tmp_1" val="!3"/>
<literal name="tmp_1" val="!2"/>
<literal name="tmp_1" val="!1"/>
<literal name="tmp_1" val="!0"/>
</and_exp></or_exp>
</condition>

<node id="95" bw="3" op_0_bw="16" op_1_bw="32" op_2_bw="32">
<![CDATA[
branch7:0  %col_inbuf_7_addr = getelementptr [8 x i16]* %col_inbuf_7, i32 0, i32 %j_cast5

]]></node>
<StgValue><ssdm name="col_inbuf_7_addr"/></StgValue>
</operation>

<operation id="80" st_id="5" stage="1" lat="1">
<core>RAM</core>
<MemPortIdVec>0 </MemPortIdVec>
<condition id="88">
<or_exp><and_exp><literal name="exitcond_flatten" val="0"/>
<literal name="tmp_1" val="!6"/>
<literal name="tmp_1" val="!5"/>
<literal name="tmp_1" val="!4"/>
<literal name="tmp_1" val="!3"/>
<literal name="tmp_1" val="!2"/>
<literal name="tmp_1" val="!1"/>
<literal name="tmp_1" val="!0"/>
</and_exp></or_exp>
</condition>

<node id="96" bw="0" op_0_bw="16" op_1_bw="3">
<![CDATA[
branch7:1  store i16 %row_outbuf_load, i16* %col_inbuf_7_addr, align 2

]]></node>
<StgValue><ssdm name=""/></StgValue>
</operation>

<operation id="81" st_id="5" stage="1" lat="1">
<core>NULL</core>
<MemPortIdVec></MemPortIdVec>
<condition id="88">
<or_exp><and_exp><literal name="exitcond_flatten" val="0"/>
<literal name="tmp_1" val="!6"/>
<literal name="tmp_1" val="!5"/>
<literal name="tmp_1" val="!4"/>
<literal name="tmp_1" val="!3"/>
<literal name="tmp_1" val="!2"/>
<literal name="tmp_1" val="!1"/>
<literal name="tmp_1" val="!0"/>
</and_exp></or_exp>
</condition>

<node id="97" bw="0" op_0_bw="0">
<![CDATA[
branch7:2  br label %ifBlock

]]></node>
<StgValue><ssdm name=""/></StgValue>
</operation>

<operation id="82" st_id="5" stage="1" lat="1">
<core>NULL</core>
<MemPortIdVec></MemPortIdVec>
<condition id="80">
<or_exp><and_exp><literal name="exitcond_flatten" val="0"/>
</and_exp></or_exp>
</condition>

<node id="99" bw="32" op_0_bw="32" op_1_bw="8" op_2_bw="32">
<![CDATA[
ifBlock:0  %empty_16 = call i32 (...)* @_ssdm_op_SpecRegionEnd([21 x i8]* @p_str6, i32 %tmp_6)

]]></node>
<StgValue><ssdm name="empty_16"/></StgValue>
</operation>

<operation id="83" st_id="5" stage="1" lat="1">
<core>NULL</core>
<MemPortIdVec></MemPortIdVec>
<condition id="80">
<or_exp><and_exp><literal name="exitcond_flatten" val="0"/>
</and_exp></or_exp>
</condition>

<node id="101" bw="0" op_0_bw="0">
<![CDATA[
ifBlock:2  br label %.preheader2.preheader

]]></node>
<StgValue><ssdm name=""/></StgValue>
</operation>
</state>

<state id="6" st_id="6">

<operation id="84" st_id="6" stage="1" lat="1">
<core>NULL</core>
<MemPortIdVec></MemPortIdVec>
<condition id="89">
<or_exp><and_exp></and_exp></or_exp>
</condition>

<node id="103" bw="4" op_0_bw="4" op_1_bw="0">
<![CDATA[
.preheader1:0  %i_2 = phi i4 [ %i_5, %3 ], [ 0, %.preheader2.preheader ]

]]></node>
<StgValue><ssdm name="i_2"/></StgValue>
</operation>

<operation id="85" st_id="6" stage="1" lat="1">
<core>Cmp</core>
<MemPortIdVec></MemPortIdVec>
<condition id="89">
<or_exp><and_exp></and_exp></or_exp>
</condition>

<node id="104" bw="1" op_0_bw="4" op_1_bw="4">
<![CDATA[
.preheader1:1  %exitcond4 = icmp eq i4 %i_2, -8

]]></node>
<StgValue><ssdm name="exitcond4"/></StgValue>
</operation>

<operation id="86" st_id="6" stage="1" lat="1">
<core>NULL</core>
<MemPortIdVec></MemPortIdVec>
<condition id="89">
<or_exp><and_exp></and_exp></or_exp>
</condition>

<node id="105" bw="32" op_0_bw="32" op_1_bw="64" op_2_bw="64" op_3_bw="64">
<![CDATA[
.preheader1:2  %empty_18 = call i32 (...)* @_ssdm_op_SpecLoopTripCount(i64 8, i64 8, i64 8)

]]></node>
<StgValue><ssdm name="empty_18"/></StgValue>
</operation>

<operation id="87" st_id="6" stage="1" lat="1">
<core>AddSub</core>
<MemPortIdVec></MemPortIdVec>
<condition id="89">
<or_exp><and_exp></and_exp></or_exp>
</condition>

<node id="106" bw="4" op_0_bw="4" op_1_bw="4">
<![CDATA[
.preheader1:3  %i_5 = add i4 %i_2, 1

]]></node>
<StgValue><ssdm name="i_5"/></StgValue>
</operation>

<operation id="88" st_id="6" stage="1" lat="1">
<core>NULL</core>
<MemPortIdVec></MemPortIdVec>
<condition id="89">
<or_exp><and_exp></and_exp></or_exp>
</condition>

<node id="107" bw="0" op_0_bw="1" op_1_bw="0" op_2_bw="0">
<![CDATA[
.preheader1:4  br i1 %exitcond4, label %.preheader.preheader, label %3

]]></node>
<StgValue><ssdm name=""/></StgValue>
</operation>

<operation id="89" st_id="6" stage="2" lat="2">
<core></core>
<MemPortIdVec></MemPortIdVec>
<condition id="91">
<or_exp><and_exp><literal name="exitcond4" val="0"/>
</and_exp></or_exp>
</condition>

<node id="110" bw="0" op_0_bw="0" op_1_bw="16" op_2_bw="16" op_3_bw="16" op_4_bw="16" op_5_bw="16" op_6_bw="16" op_7_bw="16" op_8_bw="16" op_9_bw="4" op_10_bw="16" op_11_bw="4">
<![CDATA[
:1  call fastcc void @dct_1d([8 x i16]* nocapture %col_inbuf_0, [8 x i16]* nocapture %col_inbuf_1, [8 x i16]* nocapture %col_inbuf_2, [8 x i16]* nocapture %col_inbuf_3, [8 x i16]* nocapture %col_inbuf_4, [8 x i16]* nocapture %col_inbuf_5, [8 x i16]* nocapture %col_inbuf_6, [8 x i16]* nocapture %col_inbuf_7, i4 %i_2, [64 x i16]* nocapture %col_outbuf, i4 %i_2)

]]></node>
<StgValue><ssdm name=""/></StgValue>
</operation>
</state>

<state id="7" st_id="7">

<operation id="90" st_id="7" stage="1" lat="1">
<core>NULL</core>
<MemPortIdVec></MemPortIdVec>
<condition id="92">
<or_exp><and_exp></and_exp></or_exp>
</condition>

<node id="109" bw="0" op_0_bw="0" op_1_bw="8">
<![CDATA[
:0  call void (...)* @_ssdm_op_SpecLoopName([13 x i8]* @p_str7) nounwind

]]></node>
<StgValue><ssdm name=""/></StgValue>
</operation>

<operation id="91" st_id="7" stage="1" lat="2">
<core></core>
<MemPortIdVec></MemPortIdVec>
<condition id="92">
<or_exp><and_exp></and_exp></or_exp>
</condition>

<node id="110" bw="0" op_0_bw="0" op_1_bw="16" op_2_bw="16" op_3_bw="16" op_4_bw="16" op_5_bw="16" op_6_bw="16" op_7_bw="16" op_8_bw="16" op_9_bw="4" op_10_bw="16" op_11_bw="4">
<![CDATA[
:1  call fastcc void @dct_1d([8 x i16]* nocapture %col_inbuf_0, [8 x i16]* nocapture %col_inbuf_1, [8 x i16]* nocapture %col_inbuf_2, [8 x i16]* nocapture %col_inbuf_3, [8 x i16]* nocapture %col_inbuf_4, [8 x i16]* nocapture %col_inbuf_5, [8 x i16]* nocapture %col_inbuf_6, [8 x i16]* nocapture %col_inbuf_7, i4 %i_2, [64 x i16]* nocapture %col_outbuf, i4 %i_2)

]]></node>
<StgValue><ssdm name=""/></StgValue>
</operation>

<operation id="92" st_id="7" stage="1" lat="1">
<core>NULL</core>
<MemPortIdVec></MemPortIdVec>
<condition id="92">
<or_exp><and_exp></and_exp></or_exp>
</condition>

<node id="111" bw="0" op_0_bw="0">
<![CDATA[
:2  br label %.preheader1

]]></node>
<StgValue><ssdm name=""/></StgValue>
</operation>
</state>

<state id="8" st_id="8">

<operation id="93" st_id="8" stage="1" lat="1">
<core>NULL</core>
<MemPortIdVec></MemPortIdVec>
<condition id="-1">
<or_exp><and_exp></and_exp></or_exp>
</condition>

<node id="113" bw="7" op_0_bw="7" op_1_bw="0">
<![CDATA[
.preheader.preheader:0  %indvar_flatten1 = phi i7 [ %indvar_flatten_next1, %.preheader ], [ 0, %.preheader1 ]

]]></node>
<StgValue><ssdm name="indvar_flatten1"/></StgValue>
</operation>

<operation id="94" st_id="8" stage="1" lat="1">
<core>NULL</core>
<MemPortIdVec></MemPortIdVec>
<condition id="-1">
<or_exp><and_exp></and_exp></or_exp>
</condition>

<node id="114" bw="4" op_0_bw="4" op_1_bw="0">
<![CDATA[
.preheader.preheader:1  %j_1 = phi i4 [ %j_1_mid2, %.preheader ], [ 0, %.preheader1 ]

]]></node>
<StgValue><ssdm name="j_1"/></StgValue>
</operation>

<operation id="95" st_id="8" stage="1" lat="1">
<core>NULL</core>
<MemPortIdVec></MemPortIdVec>
<condition id="-1">
<or_exp><and_exp></and_exp></or_exp>
</condition>

<node id="115" bw="4" op_0_bw="4" op_1_bw="0">
<![CDATA[
.preheader.preheader:2  %i_3 = phi i4 [ %i_7, %.preheader ], [ 0, %.preheader1 ]

]]></node>
<StgValue><ssdm name="i_3"/></StgValue>
</operation>

<operation id="96" st_id="8" stage="1" lat="1">
<core>Cmp</core>
<MemPortIdVec></MemPortIdVec>
<condition id="-1">
<or_exp><and_exp></and_exp></or_exp>
</condition>

<node id="116" bw="1" op_0_bw="7" op_1_bw="7">
<![CDATA[
.preheader.preheader:3  %exitcond_flatten1 = icmp eq i7 %indvar_flatten1, -64

]]></node>
<StgValue><ssdm name="exitcond_flatten1"/></StgValue>
</operation>

<operation id="97" st_id="8" stage="1" lat="1">
<core>AddSub</core>
<MemPortIdVec></MemPortIdVec>
<condition id="-1">
<or_exp><and_exp></and_exp></or_exp>
</condition>

<node id="117" bw="7" op_0_bw="7" op_1_bw="7">
<![CDATA[
.preheader.preheader:4  %indvar_flatten_next1 = add i7 %indvar_flatten1, 1

]]></node>
<StgValue><ssdm name="indvar_flatten_next1"/></StgValue>
</operation>

<operation id="98" st_id="8" stage="1" lat="1">
<core>NULL</core>
<MemPortIdVec></MemPortIdVec>
<condition id="-1">
<or_exp><and_exp></and_exp></or_exp>
</condition>

<node id="118" bw="0" op_0_bw="1" op_1_bw="0" op_2_bw="0">
<![CDATA[
.preheader.preheader:5  br i1 %exitcond_flatten1, label %4, label %.preheader

]]></node>
<StgValue><ssdm name=""/></StgValue>
</operation>

<operation id="99" st_id="8" stage="1" lat="1">
<core>Cmp</core>
<MemPortIdVec></MemPortIdVec>
<condition id="29">
<or_exp><and_exp><literal name="exitcond_flatten1" val="0"/>
</and_exp></or_exp>
</condition>

<node id="122" bw="1" op_0_bw="4" op_1_bw="4">
<![CDATA[
.preheader:2  %exitcond9 = icmp eq i4 %i_3, -8

]]></node>
<StgValue><ssdm name="exitcond9"/></StgValue>
</operation>

<operation id="100" st_id="8" stage="1" lat="1">
<core>Sel</core>
<MemPortIdVec></MemPortIdVec>
<condition id="29">
<or_exp><and_exp><literal name="exitcond_flatten1" val="0"/>
</and_exp></or_exp>
</condition>

<node id="123" bw="4" op_0_bw="1" op_1_bw="4" op_2_bw="4">
<![CDATA[
.preheader:3  %i_3_mid2 = select i1 %exitcond9, i4 0, i4 %i_3

]]></node>
<StgValue><ssdm name="i_3_mid2"/></StgValue>
</operation>

<operation id="101" st_id="8" stage="1" lat="1">
<core>AddSub</core>
<MemPortIdVec></MemPortIdVec>
<condition id="29">
<or_exp><and_exp><literal name="exitcond_flatten1" val="0"/>
</and_exp></or_exp>
</condition>

<node id="124" bw="4" op_0_bw="4" op_1_bw="4">
<![CDATA[
.preheader:4  %j_2 = add i4 %j_1, 1

]]></node>
<StgValue><ssdm name="j_2"/></StgValue>
</operation>

<operation id="102" st_id="8" stage="1" lat="1">
<core>Sel</core>
<MemPortIdVec></MemPortIdVec>
<condition id="29">
<or_exp><and_exp><literal name="exitcond_flatten1" val="0"/>
</and_exp></or_exp>
</condition>

<node id="125" bw="4" op_0_bw="1" op_1_bw="4" op_2_bw="4">
<![CDATA[
.preheader:5  %j_1_mid2 = select i1 %exitcond9, i4 %j_2, i4 %j_1

]]></node>
<StgValue><ssdm name="j_1_mid2"/></StgValue>
</operation>

<operation id="103" st_id="8" stage="1" lat="1">
<core>NULL</core>
<MemPortIdVec></MemPortIdVec>
<condition id="29">
<or_exp><and_exp><literal name="exitcond_flatten1" val="0"/>
</and_exp></or_exp>
</condition>

<node id="126" bw="8" op_0_bw="4">
<![CDATA[
.preheader:6  %j_1_cast2_cast = zext i4 %j_1_mid2 to i8

]]></node>
<StgValue><ssdm name="j_1_cast2_cast"/></StgValue>
</operation>

<operation id="104" st_id="8" stage="1" lat="1">
<core>NULL</core>
<MemPortIdVec></MemPortIdVec>
<condition id="29">
<or_exp><and_exp><literal name="exitcond_flatten1" val="0"/>
</and_exp></or_exp>
</condition>

<node id="131" bw="7" op_0_bw="7" op_1_bw="4" op_2_bw="3">
<![CDATA[
.preheader:11  %tmp_2 = call i7 @_ssdm_op_BitConcatenate.i7.i4.i3(i4 %i_3_mid2, i3 0)

]]></node>
<StgValue><ssdm name="tmp_2"/></StgValue>
</operation>

<operation id="105" st_id="8" stage="1" lat="1">
<core>NULL</core>
<MemPortIdVec></MemPortIdVec>
<condition id="29">
<or_exp><and_exp><literal name="exitcond_flatten1" val="0"/>
</and_exp></or_exp>
</condition>

<node id="132" bw="8" op_0_bw="7">
<![CDATA[
.preheader:12  %p_addr4_cast = zext i7 %tmp_2 to i8

]]></node>
<StgValue><ssdm name="p_addr4_cast"/></StgValue>
</operation>

<operation id="106" st_id="8" stage="1" lat="1">
<core>AddSub</core>
<MemPortIdVec></MemPortIdVec>
<condition id="29">
<or_exp><and_exp><literal name="exitcond_flatten1" val="0"/>
</and_exp></or_exp>
</condition>

<node id="133" bw="8" op_0_bw="8" op_1_bw="8">
<![CDATA[
.preheader:13  %p_addr5 = add i8 %p_addr4_cast, %j_1_cast2_cast

]]></node>
<StgValue><ssdm name="p_addr5"/></StgValue>
</operation>

<operation id="107" st_id="8" stage="1" lat="1">
<core>NULL</core>
<MemPortIdVec></MemPortIdVec>
<condition id="29">
<or_exp><and_exp><literal name="exitcond_flatten1" val="0"/>
</and_exp></or_exp>
</condition>

<node id="134" bw="32" op_0_bw="8">
<![CDATA[
.preheader:14  %p_addr5_cast = zext i8 %p_addr5 to i32

]]></node>
<StgValue><ssdm name="p_addr5_cast"/></StgValue>
</operation>

<operation id="108" st_id="8" stage="1" lat="1">
<core>NULL</core>
<MemPortIdVec></MemPortIdVec>
<condition id="29">
<or_exp><and_exp><literal name="exitcond_flatten1" val="0"/>
</and_exp></or_exp>
</condition>

<node id="135" bw="6" op_0_bw="16" op_1_bw="32" op_2_bw="32">
<![CDATA[
.preheader:15  %col_outbuf_addr = getelementptr [64 x i16]* %col_outbuf, i32 0, i32 %p_addr5_cast

]]></node>
<StgValue><ssdm name="col_outbuf_addr"/></StgValue>
</operation>

<operation id="109" st_id="8" stage="2" lat="2">
<core>RAM</core>
<MemPortIdVec>0 </MemPortIdVec>
<condition id="29">
<or_exp><and_exp><literal name="exitcond_flatten1" val="0"/>
</and_exp></or_exp>
</condition>

<node id="136" bw="16" op_0_bw="6">
<![CDATA[
.preheader:16  %col_outbuf_load = load i16* %col_outbuf_addr, align 2

]]></node>
<StgValue><ssdm name="col_outbuf_load"/></StgValue>
</operation>

<operation id="110" st_id="8" stage="1" lat="1">
<core>AddSub</core>
<MemPortIdVec></MemPortIdVec>
<condition id="29">
<or_exp><and_exp><literal name="exitcond_flatten1" val="0"/>
</and_exp></or_exp>
</condition>

<node id="144" bw="4" op_0_bw="4" op_1_bw="4">
<![CDATA[
.preheader:24  %i_7 = add i4 %i_3_mid2, 1

]]></node>
<StgValue><ssdm name="i_7"/></StgValue>
</operation>
</state>

<state id="9" st_id="9">

<operation id="111" st_id="9" stage="1" lat="1">
<core>NULL</core>
<MemPortIdVec></MemPortIdVec>
<condition id="29">
<or_exp><and_exp><literal name="exitcond_flatten1" val="0"/>
</and_exp></or_exp>
</condition>

<node id="120" bw="0" op_0_bw="0" op_1_bw="8">
<![CDATA[
.preheader:0  call void (...)* @_ssdm_op_SpecLoopName([42 x i8]* @str3)

]]></node>
<StgValue><ssdm name=""/></StgValue>
</operation>

<operation id="112" st_id="9" stage="1" lat="1">
<core>NULL</core>
<MemPortIdVec></MemPortIdVec>
<condition id="29">
<or_exp><and_exp><literal name="exitcond_flatten1" val="0"/>
</and_exp></or_exp>
</condition>

<node id="121" bw="32" op_0_bw="32" op_1_bw="64" op_2_bw="64" op_3_bw="64">
<![CDATA[
.preheader:1  %empty_19 = call i32 (...)* @_ssdm_op_SpecLoopTripCount(i64 64, i64 64, i64 64)

]]></node>
<StgValue><ssdm name="empty_19"/></StgValue>
</operation>

<operation id="113" st_id="9" stage="1" lat="1">
<core>NULL</core>
<MemPortIdVec></MemPortIdVec>
<condition id="29">
<or_exp><and_exp><literal name="exitcond_flatten1" val="0"/>
</and_exp></or_exp>
</condition>

<node id="127" bw="8" op_0_bw="4">
<![CDATA[
.preheader:7  %i_3_cast1_cast = zext i4 %i_3_mid2 to i8

]]></node>
<StgValue><ssdm name="i_3_cast1_cast"/></StgValue>
</operation>

<operation id="114" st_id="9" stage="1" lat="1">
<core>NULL</core>
<MemPortIdVec></MemPortIdVec>
<condition id="29">
<or_exp><and_exp><literal name="exitcond_flatten1" val="0"/>
</and_exp></or_exp>
</condition>

<node id="128" bw="0" op_0_bw="0" op_1_bw="8">
<![CDATA[
.preheader:8  call void (...)* @_ssdm_op_SpecLoopName([21 x i8]* @p_str9) nounwind

]]></node>
<StgValue><ssdm name=""/></StgValue>
</operation>

<operation id="115" st_id="9" stage="1" lat="1">
<core>NULL</core>
<MemPortIdVec></MemPortIdVec>
<condition id="29">
<or_exp><and_exp><literal name="exitcond_flatten1" val="0"/>
</and_exp></or_exp>
</condition>

<node id="129" bw="32" op_0_bw="32" op_1_bw="8">
<![CDATA[
.preheader:9  %tmp_7 = call i32 (...)* @_ssdm_op_SpecRegionBegin([21 x i8]* @p_str9)

]]></node>
<StgValue><ssdm name="tmp_7"/></StgValue>
</operation>

<operation id="116" st_id="9" stage="1" lat="1">
<core>NULL</core>
<MemPortIdVec></MemPortIdVec>
<condition id="29">
<or_exp><and_exp><literal name="exitcond_flatten1" val="0"/>
</and_exp></or_exp>
</condition>

<node id="130" bw="0" op_0_bw="0" op_1_bw="32" op_2_bw="32" op_3_bw="32" op_4_bw="8">
<![CDATA[
.preheader:10  call void (...)* @_ssdm_op_SpecPipeline(i32 1, i32 1, i32 1, [1 x i8]* @p_str1) nounwind

]]></node>
<StgValue><ssdm name=""/></StgValue>
</operation>

<operation id="117" st_id="9" stage="1" lat="2">
<core>RAM</core>
<MemPortIdVec>0 </MemPortIdVec>
<condition id="29">
<or_exp><and_exp><literal name="exitcond_flatten1" val="0"/>
</and_exp></or_exp>
</condition>

<node id="136" bw="16" op_0_bw="6">
<![CDATA[
.preheader:16  %col_outbuf_load = load i16* %col_outbuf_addr, align 2

]]></node>
<StgValue><ssdm name="col_outbuf_load"/></StgValue>
</operation>

<operation id="118" st_id="9" stage="1" lat="1">
<core>NULL</core>
<MemPortIdVec></MemPortIdVec>
<condition id="29">
<or_exp><and_exp><literal name="exitcond_flatten1" val="0"/>
</and_exp></or_exp>
</condition>

<node id="137" bw="7" op_0_bw="7" op_1_bw="4" op_2_bw="3">
<![CDATA[
.preheader:17  %tmp_3 = call i7 @_ssdm_op_BitConcatenate.i7.i4.i3(i4 %j_1_mid2, i3 0)

]]></node>
<StgValue><ssdm name="tmp_3"/></StgValue>
</operation>

<operation id="119" st_id="9" stage="1" lat="1">
<core>NULL</core>
<MemPortIdVec></MemPortIdVec>
<condition id="29">
<or_exp><and_exp><literal name="exitcond_flatten1" val="0"/>
</and_exp></or_exp>
</condition>

<node id="138" bw="8" op_0_bw="7">
<![CDATA[
.preheader:18  %p_addr1_cast = zext i7 %tmp_3 to i8

]]></node>
<StgValue><ssdm name="p_addr1_cast"/></StgValue>
</operation>

<operation id="120" st_id="9" stage="1" lat="1">
<core>AddSub</core>
<MemPortIdVec></MemPortIdVec>
<condition id="29">
<or_exp><and_exp><literal name="exitcond_flatten1" val="0"/>
</and_exp></or_exp>
</condition>

<node id="139" bw="8" op_0_bw="8" op_1_bw="8">
<![CDATA[
.preheader:19  %p_addr2 = add i8 %p_addr1_cast, %i_3_cast1_cast

]]></node>
<StgValue><ssdm name="p_addr2"/></StgValue>
</operation>

<operation id="121" st_id="9" stage="1" lat="1">
<core>NULL</core>
<MemPortIdVec></MemPortIdVec>
<condition id="29">
<or_exp><and_exp><literal name="exitcond_flatten1" val="0"/>
</and_exp></or_exp>
</condition>

<node id="140" bw="32" op_0_bw="8">
<![CDATA[
.preheader:20  %p_addr2_cast = zext i8 %p_addr2 to i32

]]></node>
<StgValue><ssdm name="p_addr2_cast"/></StgValue>
</operation>

<operation id="122" st_id="9" stage="1" lat="1">
<core>NULL</core>
<MemPortIdVec></MemPortIdVec>
<condition id="29">
<or_exp><and_exp><literal name="exitcond_flatten1" val="0"/>
</and_exp></or_exp>
</condition>

<node id="141" bw="6" op_0_bw="16" op_1_bw="32" op_2_bw="32">
<![CDATA[
.preheader:21  %out_block_addr = getelementptr [64 x i16]* %out_block, i32 0, i32 %p_addr2_cast

]]></node>
<StgValue><ssdm name="out_block_addr"/></StgValue>
</operation>

<operation id="123" st_id="9" stage="1" lat="1">
<core>RAM</core>
<MemPortIdVec>0 </MemPortIdVec>
<condition id="29">
<or_exp><and_exp><literal name="exitcond_flatten1" val="0"/>
</and_exp></or_exp>
</condition>

<node id="142" bw="0" op_0_bw="16" op_1_bw="6">
<![CDATA[
.preheader:22  store i16 %col_outbuf_load, i16* %out_block_addr, align 2

]]></node>
<StgValue><ssdm name=""/></StgValue>
</operation>

<operation id="124" st_id="9" stage="1" lat="1">
<core>NULL</core>
<MemPortIdVec></MemPortIdVec>
<condition id="29">
<or_exp><and_exp><literal name="exitcond_flatten1" val="0"/>
</and_exp></or_exp>
</condition>

<node id="143" bw="32" op_0_bw="32" op_1_bw="8" op_2_bw="32">
<![CDATA[
.preheader:23  %empty_20 = call i32 (...)* @_ssdm_op_SpecRegionEnd([21 x i8]* @p_str9, i32 %tmp_7)

]]></node>
<StgValue><ssdm name="empty_20"/></StgValue>
</operation>

<operation id="125" st_id="9" stage="1" lat="1">
<core>NULL</core>
<MemPortIdVec></MemPortIdVec>
<condition id="29">
<or_exp><and_exp><literal name="exitcond_flatten1" val="0"/>
</and_exp></or_exp>
</condition>

<node id="145" bw="0" op_0_bw="0">
<![CDATA[
.preheader:25  br label %.preheader.preheader

]]></node>
<StgValue><ssdm name=""/></StgValue>
</operation>
</state>

<state id="10" st_id="10">

<operation id="126" st_id="10" stage="1" lat="1">
<core>NULL</core>
<MemPortIdVec></MemPortIdVec>
<condition id="93">
<or_exp><and_exp></and_exp></or_exp>
</condition>

<node id="147" bw="0">
<![CDATA[
:0  ret void

]]></node>
<StgValue><ssdm name=""/></StgValue>
</operation>
</state>
</state_list>


<ports>
<port id="153" name="in_block_0" dir="0" iftype="1">
<core>RAM</core><StgValue><ssdm name="in_block_0"/><MemPortTyVec>1 3 </MemPortTyVec>
</StgValue>
</port>
<port id="154" name="in_block_1" dir="0" iftype="1">
<core>RAM</core><StgValue><ssdm name="in_block_1"/><MemPortTyVec>1 3 </MemPortTyVec>
</StgValue>
</port>
<port id="155" name="in_block_2" dir="0" iftype="1">
<core>RAM</core><StgValue><ssdm name="in_block_2"/><MemPortTyVec>1 3 </MemPortTyVec>
</StgValue>
</port>
<port id="156" name="in_block_3" dir="0" iftype="1">
<core>RAM</core><StgValue><ssdm name="in_block_3"/><MemPortTyVec>1 3 </MemPortTyVec>
</StgValue>
</port>
<port id="157" name="in_block_4" dir="0" iftype="1">
<core>RAM</core><StgValue><ssdm name="in_block_4"/><MemPortTyVec>1 3 </MemPortTyVec>
</StgValue>
</port>
<port id="158" name="in_block_5" dir="0" iftype="1">
<core>RAM</core><StgValue><ssdm name="in_block_5"/><MemPortTyVec>1 3 </MemPortTyVec>
</StgValue>
</port>
<port id="159" name="in_block_6" dir="0" iftype="1">
<core>RAM</core><StgValue><ssdm name="in_block_6"/><MemPortTyVec>1 3 </MemPortTyVec>
</StgValue>
</port>
<port id="160" name="in_block_7" dir="0" iftype="1">
<core>RAM</core><StgValue><ssdm name="in_block_7"/><MemPortTyVec>1 3 </MemPortTyVec>
</StgValue>
</port>
<port id="161" name="out_block" dir="1" iftype="1">
<core>RAM</core><StgValue><ssdm name="out_block"/><MemPortTyVec>0 3 </MemPortTyVec>
</StgValue>
</port>
<port id="162" name="dct_coeff_table_0" dir="0" iftype="1">
<core>ROM_nP</core><StgValue><ssdm name="dct_coeff_table_0"/><MemPortTyVec>1 </MemPortTyVec>
</StgValue>
</port>
<port id="163" name="dct_coeff_table_1" dir="0" iftype="1">
<core>ROM_nP</core><StgValue><ssdm name="dct_coeff_table_1"/><MemPortTyVec>1 </MemPortTyVec>
</StgValue>
</port>
<port id="164" name="dct_coeff_table_2" dir="0" iftype="1">
<core>ROM_nP</core><StgValue><ssdm name="dct_coeff_table_2"/><MemPortTyVec>1 </MemPortTyVec>
</StgValue>
</port>
<port id="165" name="dct_coeff_table_3" dir="0" iftype="1">
<core>ROM_nP</core><StgValue><ssdm name="dct_coeff_table_3"/><MemPortTyVec>1 </MemPortTyVec>
</StgValue>
</port>
<port id="166" name="dct_coeff_table_4" dir="0" iftype="1">
<core>ROM_nP</core><StgValue><ssdm name="dct_coeff_table_4"/><MemPortTyVec>1 </MemPortTyVec>
</StgValue>
</port>
<port id="167" name="dct_coeff_table_5" dir="0" iftype="1">
<core>ROM_nP</core><StgValue><ssdm name="dct_coeff_table_5"/><MemPortTyVec>1 </MemPortTyVec>
</StgValue>
</port>
<port id="168" name="dct_coeff_table_6" dir="0" iftype="1">
<core>ROM_nP</core><StgValue><ssdm name="dct_coeff_table_6"/><MemPortTyVec>1 </MemPortTyVec>
</StgValue>
</port>
<port id="169" name="dct_coeff_table_7" dir="0" iftype="1">
<core>ROM_nP</core><StgValue><ssdm name="dct_coeff_table_7"/><MemPortTyVec>1 </MemPortTyVec>
</StgValue>
</port>
</ports>


<dataflows>
<dataflow id="171" from="stg_170" to="row_outbuf" fromId="170" toId="11">
</dataflow>
<dataflow id="172" from="stg_170" to="col_outbuf" fromId="170" toId="12">
</dataflow>
<dataflow id="173" from="stg_170" to="col_inbuf_0" fromId="170" toId="13">
</dataflow>
<dataflow id="174" from="stg_170" to="col_inbuf_1" fromId="170" toId="14">
</dataflow>
<dataflow id="175" from="stg_170" to="col_inbuf_2" fromId="170" toId="15">
</dataflow>
<dataflow id="176" from="stg_170" to="col_inbuf_3" fromId="170" toId="16">
</dataflow>
<dataflow id="177" from="stg_170" to="col_inbuf_4" fromId="170" toId="17">
</dataflow>
<dataflow id="178" from="stg_170" to="col_inbuf_5" fromId="170" toId="18">
</dataflow>
<dataflow id="179" from="stg_170" to="col_inbuf_6" fromId="170" toId="19">
</dataflow>
<dataflow id="180" from="stg_170" to="col_inbuf_7" fromId="170" toId="20">
</dataflow>
<dataflow id="182" from="stg_181" to="i" fromId="181" toId="22">
<condition id="225">
<or_exp><and_exp></and_exp></or_exp>
</condition>
</dataflow>
<dataflow id="183" from="stg_21" to="i" fromId="21" toId="22">
</dataflow>
<dataflow id="184" from="i_4" to="i" fromId="25" toId="22">
<BackEdge/>
<condition id="226">
<or_exp><and_exp></and_exp></or_exp>
</condition>
</dataflow>
<dataflow id="185" from="stg_30" to="i" fromId="30" toId="22">
<BackEdge/>
</dataflow>
<dataflow id="186" from="i" to="exitcond7" fromId="22" toId="23">
</dataflow>
<dataflow id="188" from="stg_187" to="exitcond7" fromId="187" toId="23">
</dataflow>
<dataflow id="190" from="_ssdm_op_SpecLoopTripCount" to="empty" fromId="189" toId="24">
</dataflow>
<dataflow id="192" from="stg_191" to="empty" fromId="191" toId="24">
</dataflow>
<dataflow id="193" from="stg_191" to="empty" fromId="191" toId="24">
</dataflow>
<dataflow id="194" from="stg_191" to="empty" fromId="191" toId="24">
</dataflow>
<dataflow id="195" from="i" to="i_4" fromId="22" toId="25">
</dataflow>
<dataflow id="197" from="stg_196" to="i_4" fromId="196" toId="25">
</dataflow>
<dataflow id="198" from="exitcond7" to="stg_26" fromId="23" toId="26">
</dataflow>
<dataflow id="200" from="dct_1d" to="stg_27" fromId="199" toId="27">
</dataflow>
<dataflow id="201" from="in_block_0" to="stg_27" fromId="153" toId="27">
</dataflow>
<dataflow id="202" from="in_block_1" to="stg_27" fromId="154" toId="27">
</dataflow>
<dataflow id="203" from="in_block_2" to="stg_27" fromId="155" toId="27">
</dataflow>
<dataflow id="204" from="in_block_3" to="stg_27" fromId="156" toId="27">
</dataflow>
<dataflow id="205" from="in_block_4" to="stg_27" fromId="157" toId="27">
</dataflow>
<dataflow id="206" from="in_block_5" to="stg_27" fromId="158" toId="27">
</dataflow>
<dataflow id="207" from="in_block_6" to="stg_27" fromId="159" toId="27">
</dataflow>
<dataflow id="208" from="in_block_7" to="stg_27" fromId="160" toId="27">
</dataflow>
<dataflow id="209" from="i" to="stg_27" fromId="22" toId="27">
</dataflow>
<dataflow id="210" from="row_outbuf" to="stg_27" fromId="11" toId="27">
</dataflow>
<dataflow id="211" from="i" to="stg_27" fromId="22" toId="27">
</dataflow>
<dataflow id="212" from="dct_coeff_table_0" to="stg_27" fromId="162" toId="27">
</dataflow>
<dataflow id="213" from="dct_coeff_table_1" to="stg_27" fromId="163" toId="27">
</dataflow>
<dataflow id="214" from="dct_coeff_table_2" to="stg_27" fromId="164" toId="27">
</dataflow>
<dataflow id="215" from="dct_coeff_table_3" to="stg_27" fromId="165" toId="27">
</dataflow>
<dataflow id="216" from="dct_coeff_table_4" to="stg_27" fromId="166" toId="27">
</dataflow>
<dataflow id="217" from="dct_coeff_table_5" to="stg_27" fromId="167" toId="27">
</dataflow>
<dataflow id="218" from="dct_coeff_table_6" to="stg_27" fromId="168" toId="27">
</dataflow>
<dataflow id="219" from="dct_coeff_table_7" to="stg_27" fromId="169" toId="27">
</dataflow>
<dataflow id="221" from="_ssdm_op_SpecLoopName" to="stg_28" fromId="220" toId="28">
</dataflow>
<dataflow id="223" from="p_str4" to="stg_28" fromId="222" toId="28">
</dataflow>
<dataflow id="224" from="dct_1d" to="stg_29" fromId="199" toId="29">
</dataflow>
<dataflow id="225" from="in_block_0" to="stg_29" fromId="153" toId="29">
</dataflow>
<dataflow id="226" from="in_block_1" to="stg_29" fromId="154" toId="29">
</dataflow>
<dataflow id="227" from="in_block_2" to="stg_29" fromId="155" toId="29">
</dataflow>
<dataflow id="228" from="in_block_3" to="stg_29" fromId="156" toId="29">
</dataflow>
<dataflow id="229" from="in_block_4" to="stg_29" fromId="157" toId="29">
</dataflow>
<dataflow id="230" from="in_block_5" to="stg_29" fromId="158" toId="29">
</dataflow>
<dataflow id="231" from="in_block_6" to="stg_29" fromId="159" toId="29">
</dataflow>
<dataflow id="232" from="in_block_7" to="stg_29" fromId="160" toId="29">
</dataflow>
<dataflow id="233" from="i" to="stg_29" fromId="22" toId="29">
</dataflow>
<dataflow id="234" from="row_outbuf" to="stg_29" fromId="11" toId="29">
</dataflow>
<dataflow id="235" from="i" to="stg_29" fromId="22" toId="29">
</dataflow>
<dataflow id="236" from="dct_coeff_table_0" to="stg_29" fromId="162" toId="29">
</dataflow>
<dataflow id="237" from="dct_coeff_table_1" to="stg_29" fromId="163" toId="29">
</dataflow>
<dataflow id="238" from="dct_coeff_table_2" to="stg_29" fromId="164" toId="29">
</dataflow>
<dataflow id="239" from="dct_coeff_table_3" to="stg_29" fromId="165" toId="29">
</dataflow>
<dataflow id="240" from="dct_coeff_table_4" to="stg_29" fromId="166" toId="29">
</dataflow>
<dataflow id="241" from="dct_coeff_table_5" to="stg_29" fromId="167" toId="29">
</dataflow>
<dataflow id="242" from="dct_coeff_table_6" to="stg_29" fromId="168" toId="29">
</dataflow>
<dataflow id="243" from="dct_coeff_table_7" to="stg_29" fromId="169" toId="29">
</dataflow>
<dataflow id="244" from="indvar_flatten_next" to="indvar_flatten" fromId="35" toId="31">
<BackEdge/>
<condition id="227">
<or_exp><and_exp><literal name="exitcond_flatten" val="0"/>
</and_exp></or_exp>
</condition>
</dataflow>
<dataflow id="245" from="stg_83" to="indvar_flatten" fromId="83" toId="31">
<BackEdge/>
</dataflow>
<dataflow id="247" from="stg_246" to="indvar_flatten" fromId="246" toId="31">
<condition id="228">
<or_exp><and_exp><literal name="exitcond7" val="1"/>
</and_exp></or_exp>
</condition>
</dataflow>
<dataflow id="248" from="stg_26" to="indvar_flatten" fromId="26" toId="31">
</dataflow>
<dataflow id="249" from="j_mid2" to="j" fromId="40" toId="32">
<BackEdge/>
<condition id="229">
<or_exp><and_exp><literal name="exitcond_flatten" val="0"/>
</and_exp></or_exp>
</condition>
</dataflow>
<dataflow id="250" from="stg_83" to="j" fromId="83" toId="32">
<BackEdge/>
</dataflow>
<dataflow id="251" from="stg_181" to="j" fromId="181" toId="32">
<condition id="230">
<or_exp><and_exp><literal name="exitcond7" val="1"/>
</and_exp></or_exp>
</condition>
</dataflow>
<dataflow id="252" from="stg_26" to="j" fromId="26" toId="32">
</dataflow>
<dataflow id="253" from="i_6" to="i_1" fromId="50" toId="33">
<BackEdge/>
<condition id="231">
<or_exp><and_exp><literal name="exitcond_flatten" val="0"/>
</and_exp></or_exp>
</condition>
</dataflow>
<dataflow id="254" from="stg_83" to="i_1" fromId="83" toId="33">
<BackEdge/>
</dataflow>
<dataflow id="255" from="stg_181" to="i_1" fromId="181" toId="33">
<condition id="232">
<or_exp><and_exp><literal name="exitcond7" val="1"/>
</and_exp></or_exp>
</condition>
</dataflow>
<dataflow id="256" from="stg_26" to="i_1" fromId="26" toId="33">
</dataflow>
<dataflow id="257" from="indvar_flatten" to="exitcond_flatten" fromId="31" toId="34">
</dataflow>
<dataflow id="259" from="stg_258" to="exitcond_flatten" fromId="258" toId="34">
</dataflow>
<dataflow id="260" from="indvar_flatten" to="indvar_flatten_next" fromId="31" toId="35">
</dataflow>
<dataflow id="262" from="stg_261" to="indvar_flatten_next" fromId="261" toId="35">
</dataflow>
<dataflow id="263" from="exitcond_flatten" to="stg_36" fromId="34" toId="36">
</dataflow>
<dataflow id="264" from="i_1" to="exitcond" fromId="33" toId="37">
</dataflow>
<dataflow id="265" from="stg_187" to="exitcond" fromId="187" toId="37">
</dataflow>
<dataflow id="266" from="exitcond" to="i_1_mid2" fromId="37" toId="38">
</dataflow>
<dataflow id="267" from="stg_181" to="i_1_mid2" fromId="181" toId="38">
</dataflow>
<dataflow id="268" from="i_1" to="i_1_mid2" fromId="33" toId="38">
</dataflow>
<dataflow id="269" from="j" to="j_s" fromId="32" toId="39">
</dataflow>
<dataflow id="270" from="stg_196" to="j_s" fromId="196" toId="39">
</dataflow>
<dataflow id="271" from="exitcond" to="j_mid2" fromId="37" toId="40">
</dataflow>
<dataflow id="272" from="j_s" to="j_mid2" fromId="39" toId="40">
</dataflow>
<dataflow id="273" from="j" to="j_mid2" fromId="32" toId="40">
</dataflow>
<dataflow id="274" from="j_mid2" to="j_cast5_cast" fromId="40" toId="41">
</dataflow>
<dataflow id="276" from="_ssdm_op_BitConcatenate.i7.i4.i3" to="tmp" fromId="275" toId="42">
</dataflow>
<dataflow id="277" from="i_1_mid2" to="tmp" fromId="38" toId="42">
</dataflow>
<dataflow id="279" from="stg_278" to="tmp" fromId="278" toId="42">
</dataflow>
<dataflow id="280" from="tmp" to="p_addr_cast" fromId="42" toId="43">
</dataflow>
<dataflow id="281" from="p_addr_cast" to="p_addr3" fromId="43" toId="44">
</dataflow>
<dataflow id="282" from="j_cast5_cast" to="p_addr3" fromId="41" toId="44">
</dataflow>
<dataflow id="283" from="p_addr3" to="p_addr3_cast" fromId="44" toId="45">
</dataflow>
<dataflow id="284" from="row_outbuf" to="row_outbuf_addr" fromId="11" toId="46">
</dataflow>
<dataflow id="286" from="stg_285" to="row_outbuf_addr" fromId="285" toId="46">
</dataflow>
<dataflow id="287" from="p_addr3_cast" to="row_outbuf_addr" fromId="45" toId="46">
</dataflow>
<dataflow id="288" from="row_outbuf_addr" to="row_outbuf_load" fromId="46" toId="47">
</dataflow>
<dataflow id="289" from="i_1_mid2" to="tmp_1" fromId="38" toId="48">
</dataflow>
<dataflow id="290" from="tmp_1" to="stg_49" fromId="48" toId="49">
</dataflow>
<dataflow id="291" from="stg_278" to="stg_49" fromId="278" toId="49">
</dataflow>
<dataflow id="293" from="stg_292" to="stg_49" fromId="292" toId="49">
</dataflow>
<dataflow id="295" from="stg_294" to="stg_49" fromId="294" toId="49">
</dataflow>
<dataflow id="297" from="stg_296" to="stg_49" fromId="296" toId="49">
</dataflow>
<dataflow id="299" from="stg_298" to="stg_49" fromId="298" toId="49">
</dataflow>
<dataflow id="301" from="stg_300" to="stg_49" fromId="300" toId="49">
</dataflow>
<dataflow id="303" from="stg_302" to="stg_49" fromId="302" toId="49">
</dataflow>
<dataflow id="304" from="i_1_mid2" to="i_6" fromId="38" toId="50">
</dataflow>
<dataflow id="305" from="stg_196" to="i_6" fromId="196" toId="50">
</dataflow>
<dataflow id="306" from="_ssdm_op_SpecLoopName" to="stg_51" fromId="220" toId="51">
</dataflow>
<dataflow id="308" from="str2" to="stg_51" fromId="307" toId="51">
</dataflow>
<dataflow id="309" from="_ssdm_op_SpecLoopTripCount" to="empty_17" fromId="189" toId="52">
</dataflow>
<dataflow id="311" from="stg_310" to="empty_17" fromId="310" toId="52">
</dataflow>
<dataflow id="312" from="stg_310" to="empty_17" fromId="310" toId="52">
</dataflow>
<dataflow id="313" from="stg_310" to="empty_17" fromId="310" toId="52">
</dataflow>
<dataflow id="314" from="j_mid2" to="j_cast5" fromId="40" toId="53">
</dataflow>
<dataflow id="315" from="_ssdm_op_SpecLoopName" to="stg_54" fromId="220" toId="54">
</dataflow>
<dataflow id="317" from="p_str6" to="stg_54" fromId="316" toId="54">
</dataflow>
<dataflow id="319" from="_ssdm_op_SpecRegionBegin" to="tmp_6" fromId="318" toId="55">
</dataflow>
<dataflow id="320" from="p_str6" to="tmp_6" fromId="316" toId="55">
</dataflow>
<dataflow id="322" from="_ssdm_op_SpecPipeline" to="stg_56" fromId="321" toId="56">
</dataflow>
<dataflow id="323" from="stg_170" to="stg_56" fromId="170" toId="56">
</dataflow>
<dataflow id="324" from="stg_170" to="stg_56" fromId="170" toId="56">
</dataflow>
<dataflow id="325" from="stg_170" to="stg_56" fromId="170" toId="56">
</dataflow>
<dataflow id="327" from="p_str1" to="stg_56" fromId="326" toId="56">
</dataflow>
<dataflow id="328" from="row_outbuf_addr" to="row_outbuf_load" fromId="46" toId="57">
</dataflow>
<dataflow id="329" from="col_inbuf_6" to="col_inbuf_6_addr" fromId="19" toId="58">
</dataflow>
<dataflow id="330" from="stg_285" to="col_inbuf_6_addr" fromId="285" toId="58">
</dataflow>
<dataflow id="331" from="j_cast5" to="col_inbuf_6_addr" fromId="53" toId="58">
</dataflow>
<dataflow id="332" from="row_outbuf_load" to="stg_59" fromId="57" toId="59">
</dataflow>
<dataflow id="333" from="col_inbuf_6_addr" to="stg_59" fromId="58" toId="59">
</dataflow>
<dataflow id="334" from="col_inbuf_5" to="col_inbuf_5_addr" fromId="18" toId="61">
</dataflow>
<dataflow id="335" from="stg_285" to="col_inbuf_5_addr" fromId="285" toId="61">
</dataflow>
<dataflow id="336" from="j_cast5" to="col_inbuf_5_addr" fromId="53" toId="61">
</dataflow>
<dataflow id="337" from="row_outbuf_load" to="stg_62" fromId="57" toId="62">
</dataflow>
<dataflow id="338" from="col_inbuf_5_addr" to="stg_62" fromId="61" toId="62">
</dataflow>
<dataflow id="339" from="col_inbuf_4" to="col_inbuf_4_addr" fromId="17" toId="64">
</dataflow>
<dataflow id="340" from="stg_285" to="col_inbuf_4_addr" fromId="285" toId="64">
</dataflow>
<dataflow id="341" from="j_cast5" to="col_inbuf_4_addr" fromId="53" toId="64">
</dataflow>
<dataflow id="342" from="row_outbuf_load" to="stg_65" fromId="57" toId="65">
</dataflow>
<dataflow id="343" from="col_inbuf_4_addr" to="stg_65" fromId="64" toId="65">
</dataflow>
<dataflow id="344" from="col_inbuf_3" to="col_inbuf_3_addr" fromId="16" toId="67">
</dataflow>
<dataflow id="345" from="stg_285" to="col_inbuf_3_addr" fromId="285" toId="67">
</dataflow>
<dataflow id="346" from="j_cast5" to="col_inbuf_3_addr" fromId="53" toId="67">
</dataflow>
<dataflow id="347" from="row_outbuf_load" to="stg_68" fromId="57" toId="68">
</dataflow>
<dataflow id="348" from="col_inbuf_3_addr" to="stg_68" fromId="67" toId="68">
</dataflow>
<dataflow id="349" from="col_inbuf_2" to="col_inbuf_2_addr" fromId="15" toId="70">
</dataflow>
<dataflow id="350" from="stg_285" to="col_inbuf_2_addr" fromId="285" toId="70">
</dataflow>
<dataflow id="351" from="j_cast5" to="col_inbuf_2_addr" fromId="53" toId="70">
</dataflow>
<dataflow id="352" from="row_outbuf_load" to="stg_71" fromId="57" toId="71">
</dataflow>
<dataflow id="353" from="col_inbuf_2_addr" to="stg_71" fromId="70" toId="71">
</dataflow>
<dataflow id="354" from="col_inbuf_1" to="col_inbuf_1_addr" fromId="14" toId="73">
</dataflow>
<dataflow id="355" from="stg_285" to="col_inbuf_1_addr" fromId="285" toId="73">
</dataflow>
<dataflow id="356" from="j_cast5" to="col_inbuf_1_addr" fromId="53" toId="73">
</dataflow>
<dataflow id="357" from="row_outbuf_load" to="stg_74" fromId="57" toId="74">
</dataflow>
<dataflow id="358" from="col_inbuf_1_addr" to="stg_74" fromId="73" toId="74">
</dataflow>
<dataflow id="359" from="col_inbuf_0" to="col_inbuf_0_addr" fromId="13" toId="76">
</dataflow>
<dataflow id="360" from="stg_285" to="col_inbuf_0_addr" fromId="285" toId="76">
</dataflow>
<dataflow id="361" from="j_cast5" to="col_inbuf_0_addr" fromId="53" toId="76">
</dataflow>
<dataflow id="362" from="row_outbuf_load" to="stg_77" fromId="57" toId="77">
</dataflow>
<dataflow id="363" from="col_inbuf_0_addr" to="stg_77" fromId="76" toId="77">
</dataflow>
<dataflow id="364" from="col_inbuf_7" to="col_inbuf_7_addr" fromId="20" toId="79">
</dataflow>
<dataflow id="365" from="stg_285" to="col_inbuf_7_addr" fromId="285" toId="79">
</dataflow>
<dataflow id="366" from="j_cast5" to="col_inbuf_7_addr" fromId="53" toId="79">
</dataflow>
<dataflow id="367" from="row_outbuf_load" to="stg_80" fromId="57" toId="80">
</dataflow>
<dataflow id="368" from="col_inbuf_7_addr" to="stg_80" fromId="79" toId="80">
</dataflow>
<dataflow id="370" from="_ssdm_op_SpecRegionEnd" to="empty_16" fromId="369" toId="82">
</dataflow>
<dataflow id="371" from="p_str6" to="empty_16" fromId="316" toId="82">
</dataflow>
<dataflow id="372" from="tmp_6" to="empty_16" fromId="55" toId="82">
</dataflow>
<dataflow id="373" from="i_5" to="i_2" fromId="87" toId="84">
<BackEdge/>
<condition id="233">
<or_exp><and_exp></and_exp></or_exp>
</condition>
</dataflow>
<dataflow id="374" from="stg_92" to="i_2" fromId="92" toId="84">
<BackEdge/>
</dataflow>
<dataflow id="375" from="stg_181" to="i_2" fromId="181" toId="84">
<condition id="234">
<or_exp><and_exp><literal name="exitcond_flatten" val="1"/>
</and_exp></or_exp>
</condition>
</dataflow>
<dataflow id="376" from="stg_36" to="i_2" fromId="36" toId="84">
</dataflow>
<dataflow id="377" from="i_2" to="exitcond4" fromId="84" toId="85">
</dataflow>
<dataflow id="378" from="stg_187" to="exitcond4" fromId="187" toId="85">
</dataflow>
<dataflow id="379" from="_ssdm_op_SpecLoopTripCount" to="empty_18" fromId="189" toId="86">
</dataflow>
<dataflow id="380" from="stg_191" to="empty_18" fromId="191" toId="86">
</dataflow>
<dataflow id="381" from="stg_191" to="empty_18" fromId="191" toId="86">
</dataflow>
<dataflow id="382" from="stg_191" to="empty_18" fromId="191" toId="86">
</dataflow>
<dataflow id="383" from="i_2" to="i_5" fromId="84" toId="87">
</dataflow>
<dataflow id="384" from="stg_196" to="i_5" fromId="196" toId="87">
</dataflow>
<dataflow id="385" from="exitcond4" to="stg_88" fromId="85" toId="88">
</dataflow>
<dataflow id="386" from="dct_1d" to="stg_89" fromId="199" toId="89">
</dataflow>
<dataflow id="387" from="col_inbuf_0" to="stg_89" fromId="13" toId="89">
</dataflow>
<dataflow id="388" from="col_inbuf_1" to="stg_89" fromId="14" toId="89">
</dataflow>
<dataflow id="389" from="col_inbuf_2" to="stg_89" fromId="15" toId="89">
</dataflow>
<dataflow id="390" from="col_inbuf_3" to="stg_89" fromId="16" toId="89">
</dataflow>
<dataflow id="391" from="col_inbuf_4" to="stg_89" fromId="17" toId="89">
</dataflow>
<dataflow id="392" from="col_inbuf_5" to="stg_89" fromId="18" toId="89">
</dataflow>
<dataflow id="393" from="col_inbuf_6" to="stg_89" fromId="19" toId="89">
</dataflow>
<dataflow id="394" from="col_inbuf_7" to="stg_89" fromId="20" toId="89">
</dataflow>
<dataflow id="395" from="i_2" to="stg_89" fromId="84" toId="89">
</dataflow>
<dataflow id="396" from="col_outbuf" to="stg_89" fromId="12" toId="89">
</dataflow>
<dataflow id="397" from="i_2" to="stg_89" fromId="84" toId="89">
</dataflow>
<dataflow id="398" from="dct_coeff_table_0" to="stg_89" fromId="162" toId="89">
</dataflow>
<dataflow id="399" from="dct_coeff_table_1" to="stg_89" fromId="163" toId="89">
</dataflow>
<dataflow id="400" from="dct_coeff_table_2" to="stg_89" fromId="164" toId="89">
</dataflow>
<dataflow id="401" from="dct_coeff_table_3" to="stg_89" fromId="165" toId="89">
</dataflow>
<dataflow id="402" from="dct_coeff_table_4" to="stg_89" fromId="166" toId="89">
</dataflow>
<dataflow id="403" from="dct_coeff_table_5" to="stg_89" fromId="167" toId="89">
</dataflow>
<dataflow id="404" from="dct_coeff_table_6" to="stg_89" fromId="168" toId="89">
</dataflow>
<dataflow id="405" from="dct_coeff_table_7" to="stg_89" fromId="169" toId="89">
</dataflow>
<dataflow id="406" from="_ssdm_op_SpecLoopName" to="stg_90" fromId="220" toId="90">
</dataflow>
<dataflow id="408" from="p_str7" to="stg_90" fromId="407" toId="90">
</dataflow>
<dataflow id="409" from="dct_1d" to="stg_91" fromId="199" toId="91">
</dataflow>
<dataflow id="410" from="col_inbuf_0" to="stg_91" fromId="13" toId="91">
</dataflow>
<dataflow id="411" from="col_inbuf_1" to="stg_91" fromId="14" toId="91">
</dataflow>
<dataflow id="412" from="col_inbuf_2" to="stg_91" fromId="15" toId="91">
</dataflow>
<dataflow id="413" from="col_inbuf_3" to="stg_91" fromId="16" toId="91">
</dataflow>
<dataflow id="414" from="col_inbuf_4" to="stg_91" fromId="17" toId="91">
</dataflow>
<dataflow id="415" from="col_inbuf_5" to="stg_91" fromId="18" toId="91">
</dataflow>
<dataflow id="416" from="col_inbuf_6" to="stg_91" fromId="19" toId="91">
</dataflow>
<dataflow id="417" from="col_inbuf_7" to="stg_91" fromId="20" toId="91">
</dataflow>
<dataflow id="418" from="i_2" to="stg_91" fromId="84" toId="91">
</dataflow>
<dataflow id="419" from="col_outbuf" to="stg_91" fromId="12" toId="91">
</dataflow>
<dataflow id="420" from="i_2" to="stg_91" fromId="84" toId="91">
</dataflow>
<dataflow id="421" from="dct_coeff_table_0" to="stg_91" fromId="162" toId="91">
</dataflow>
<dataflow id="422" from="dct_coeff_table_1" to="stg_91" fromId="163" toId="91">
</dataflow>
<dataflow id="423" from="dct_coeff_table_2" to="stg_91" fromId="164" toId="91">
</dataflow>
<dataflow id="424" from="dct_coeff_table_3" to="stg_91" fromId="165" toId="91">
</dataflow>
<dataflow id="425" from="dct_coeff_table_4" to="stg_91" fromId="166" toId="91">
</dataflow>
<dataflow id="426" from="dct_coeff_table_5" to="stg_91" fromId="167" toId="91">
</dataflow>
<dataflow id="427" from="dct_coeff_table_6" to="stg_91" fromId="168" toId="91">
</dataflow>
<dataflow id="428" from="dct_coeff_table_7" to="stg_91" fromId="169" toId="91">
</dataflow>
<dataflow id="429" from="indvar_flatten_next1" to="indvar_flatten1" fromId="97" toId="93">
<BackEdge/>
<condition id="235">
<or_exp><and_exp><literal name="exitcond_flatten1" val="0"/>
</and_exp></or_exp>
</condition>
</dataflow>
<dataflow id="430" from="stg_125" to="indvar_flatten1" fromId="125" toId="93">
<BackEdge/>
</dataflow>
<dataflow id="431" from="stg_246" to="indvar_flatten1" fromId="246" toId="93">
<condition id="236">
<or_exp><and_exp><literal name="exitcond4" val="1"/>
</and_exp></or_exp>
</condition>
</dataflow>
<dataflow id="432" from="stg_88" to="indvar_flatten1" fromId="88" toId="93">
</dataflow>
<dataflow id="433" from="j_1_mid2" to="j_1" fromId="102" toId="94">
<BackEdge/>
<condition id="237">
<or_exp><and_exp><literal name="exitcond_flatten1" val="0"/>
</and_exp></or_exp>
</condition>
</dataflow>
<dataflow id="434" from="stg_125" to="j_1" fromId="125" toId="94">
<BackEdge/>
</dataflow>
<dataflow id="435" from="stg_181" to="j_1" fromId="181" toId="94">
<condition id="238">
<or_exp><and_exp><literal name="exitcond4" val="1"/>
</and_exp></or_exp>
</condition>
</dataflow>
<dataflow id="436" from="stg_88" to="j_1" fromId="88" toId="94">
</dataflow>
<dataflow id="437" from="i_7" to="i_3" fromId="110" toId="95">
<BackEdge/>
<condition id="239">
<or_exp><and_exp><literal name="exitcond_flatten1" val="0"/>
</and_exp></or_exp>
</condition>
</dataflow>
<dataflow id="438" from="stg_125" to="i_3" fromId="125" toId="95">
<BackEdge/>
</dataflow>
<dataflow id="439" from="stg_181" to="i_3" fromId="181" toId="95">
<condition id="240">
<or_exp><and_exp><literal name="exitcond4" val="1"/>
</and_exp></or_exp>
</condition>
</dataflow>
<dataflow id="440" from="stg_88" to="i_3" fromId="88" toId="95">
</dataflow>
<dataflow id="441" from="indvar_flatten1" to="exitcond_flatten1" fromId="93" toId="96">
</dataflow>
<dataflow id="442" from="stg_258" to="exitcond_flatten1" fromId="258" toId="96">
</dataflow>
<dataflow id="443" from="indvar_flatten1" to="indvar_flatten_next1" fromId="93" toId="97">
</dataflow>
<dataflow id="444" from="stg_261" to="indvar_flatten_next1" fromId="261" toId="97">
</dataflow>
<dataflow id="445" from="exitcond_flatten1" to="stg_98" fromId="96" toId="98">
</dataflow>
<dataflow id="446" from="i_3" to="exitcond9" fromId="95" toId="99">
</dataflow>
<dataflow id="447" from="stg_187" to="exitcond9" fromId="187" toId="99">
</dataflow>
<dataflow id="448" from="exitcond9" to="i_3_mid2" fromId="99" toId="100">
</dataflow>
<dataflow id="449" from="stg_181" to="i_3_mid2" fromId="181" toId="100">
</dataflow>
<dataflow id="450" from="i_3" to="i_3_mid2" fromId="95" toId="100">
</dataflow>
<dataflow id="451" from="j_1" to="j_2" fromId="94" toId="101">
</dataflow>
<dataflow id="452" from="stg_196" to="j_2" fromId="196" toId="101">
</dataflow>
<dataflow id="453" from="exitcond9" to="j_1_mid2" fromId="99" toId="102">
</dataflow>
<dataflow id="454" from="j_2" to="j_1_mid2" fromId="101" toId="102">
</dataflow>
<dataflow id="455" from="j_1" to="j_1_mid2" fromId="94" toId="102">
</dataflow>
<dataflow id="456" from="j_1_mid2" to="j_1_cast2_cast" fromId="102" toId="103">
</dataflow>
<dataflow id="457" from="_ssdm_op_BitConcatenate.i7.i4.i3" to="tmp_2" fromId="275" toId="104">
</dataflow>
<dataflow id="458" from="i_3_mid2" to="tmp_2" fromId="100" toId="104">
</dataflow>
<dataflow id="459" from="stg_278" to="tmp_2" fromId="278" toId="104">
</dataflow>
<dataflow id="460" from="tmp_2" to="p_addr4_cast" fromId="104" toId="105">
</dataflow>
<dataflow id="461" from="p_addr4_cast" to="p_addr5" fromId="105" toId="106">
</dataflow>
<dataflow id="462" from="j_1_cast2_cast" to="p_addr5" fromId="103" toId="106">
</dataflow>
<dataflow id="463" from="p_addr5" to="p_addr5_cast" fromId="106" toId="107">
</dataflow>
<dataflow id="464" from="col_outbuf" to="col_outbuf_addr" fromId="12" toId="108">
</dataflow>
<dataflow id="465" from="stg_285" to="col_outbuf_addr" fromId="285" toId="108">
</dataflow>
<dataflow id="466" from="p_addr5_cast" to="col_outbuf_addr" fromId="107" toId="108">
</dataflow>
<dataflow id="467" from="col_outbuf_addr" to="col_outbuf_load" fromId="108" toId="109">
</dataflow>
<dataflow id="468" from="i_3_mid2" to="i_7" fromId="100" toId="110">
</dataflow>
<dataflow id="469" from="stg_196" to="i_7" fromId="196" toId="110">
</dataflow>
<dataflow id="470" from="_ssdm_op_SpecLoopName" to="stg_111" fromId="220" toId="111">
</dataflow>
<dataflow id="472" from="str3" to="stg_111" fromId="471" toId="111">
</dataflow>
<dataflow id="473" from="_ssdm_op_SpecLoopTripCount" to="empty_19" fromId="189" toId="112">
</dataflow>
<dataflow id="474" from="stg_310" to="empty_19" fromId="310" toId="112">
</dataflow>
<dataflow id="475" from="stg_310" to="empty_19" fromId="310" toId="112">
</dataflow>
<dataflow id="476" from="stg_310" to="empty_19" fromId="310" toId="112">
</dataflow>
<dataflow id="477" from="i_3_mid2" to="i_3_cast1_cast" fromId="100" toId="113">
</dataflow>
<dataflow id="478" from="_ssdm_op_SpecLoopName" to="stg_114" fromId="220" toId="114">
</dataflow>
<dataflow id="480" from="p_str9" to="stg_114" fromId="479" toId="114">
</dataflow>
<dataflow id="481" from="_ssdm_op_SpecRegionBegin" to="tmp_7" fromId="318" toId="115">
</dataflow>
<dataflow id="482" from="p_str9" to="tmp_7" fromId="479" toId="115">
</dataflow>
<dataflow id="483" from="_ssdm_op_SpecPipeline" to="stg_116" fromId="321" toId="116">
</dataflow>
<dataflow id="484" from="stg_170" to="stg_116" fromId="170" toId="116">
</dataflow>
<dataflow id="485" from="stg_170" to="stg_116" fromId="170" toId="116">
</dataflow>
<dataflow id="486" from="stg_170" to="stg_116" fromId="170" toId="116">
</dataflow>
<dataflow id="487" from="p_str1" to="stg_116" fromId="326" toId="116">
</dataflow>
<dataflow id="488" from="col_outbuf_addr" to="col_outbuf_load" fromId="108" toId="117">
</dataflow>
<dataflow id="489" from="_ssdm_op_BitConcatenate.i7.i4.i3" to="tmp_3" fromId="275" toId="118">
</dataflow>
<dataflow id="490" from="j_1_mid2" to="tmp_3" fromId="102" toId="118">
</dataflow>
<dataflow id="491" from="stg_278" to="tmp_3" fromId="278" toId="118">
</dataflow>
<dataflow id="492" from="tmp_3" to="p_addr1_cast" fromId="118" toId="119">
</dataflow>
<dataflow id="493" from="p_addr1_cast" to="p_addr2" fromId="119" toId="120">
</dataflow>
<dataflow id="494" from="i_3_cast1_cast" to="p_addr2" fromId="113" toId="120">
</dataflow>
<dataflow id="495" from="p_addr2" to="p_addr2_cast" fromId="120" toId="121">
</dataflow>
<dataflow id="496" from="out_block" to="out_block_addr" fromId="161" toId="122">
</dataflow>
<dataflow id="497" from="stg_285" to="out_block_addr" fromId="285" toId="122">
</dataflow>
<dataflow id="498" from="p_addr2_cast" to="out_block_addr" fromId="121" toId="122">
</dataflow>
<dataflow id="499" from="col_outbuf_load" to="stg_123" fromId="117" toId="123">
</dataflow>
<dataflow id="500" from="out_block_addr" to="stg_123" fromId="122" toId="123">
</dataflow>
<dataflow id="501" from="_ssdm_op_SpecRegionEnd" to="empty_20" fromId="369" toId="124">
</dataflow>
<dataflow id="502" from="p_str9" to="empty_20" fromId="479" toId="124">
</dataflow>
<dataflow id="503" from="tmp_7" to="empty_20" fromId="115" toId="124">
</dataflow>
<dataflow id="504" from="exitcond7" to="stg_2" fromId="23" toId="2">
</dataflow>
<dataflow id="505" from="exitcond_flatten" to="stg_4" fromId="34" toId="4">
</dataflow>
<dataflow id="506" from="exitcond_flatten" to="stg_5" fromId="34" toId="5">
</dataflow>
<dataflow id="507" from="tmp_1" to="stg_5" fromId="48" toId="5">
</dataflow>
<dataflow id="508" from="exitcond4" to="stg_6" fromId="85" toId="6">
</dataflow>
<dataflow id="509" from="exitcond_flatten1" to="stg_8" fromId="96" toId="8">
</dataflow>
<dataflow id="510" from="exitcond_flatten1" to="stg_9" fromId="96" toId="9">
</dataflow>
</dataflows>


</stg>
