<profile>

<section name = "Vivado HLS Report for 'read_data'" level="0">
<item name = "Date">Sat Jan 04 13:45:55 2014
</item>
<item name = "Version">2013.3 (build date: Wed Oct 16 18:12:55 PM 2013)</item>
<item name = "Project">dct_prj</item>
<item name = "Solution">solution4</item>
<item name = "Product family">artix7 artix7_fpv6 </item>
<item name = "Target device">xc7a100tcsg324-1</item>
</section>

<section name = "Performance Estimates" level="0">
<item name = "Timing (ns)">
<section name = "" level="1">
<item name = "Summary"><table name="" hasTotal="0">
<keys size="4">Clock, Target, Estimated, Uncertainty</keys>
<column name="default">10.00, 7.76, 1.25</column>
</table>
</item>
</section>
</item>
<item name = "Latency (clock cycles)">
<section name = "" level="1">
<item name = "Summary"><table name="" hasTotal="0">
<keys size="6">, min, max, min, max, Type</keys>
<column name="">66, 66, 66, 66, none</column>
</table>
</item>
<item name = "Detail">
<section name = "" level="1">
<item name = "Instance"><table name="" hasTotal="0">
<keys size="7">Instance, Module, min, max, min, max, Type</keys>
</table>
</item>
<item name = "Loop"><table name="" hasTotal="0">
<keys size="8">Loop Name, min, max, Latency, achieved, target, Count, Pipelined</keys>
<column name="- RD_Loop_Row_RD_Loop_Col">64, 64, 2, 1, 1, 64, yes</column>
</table>
</item>
</section>
</item>
</section>
</item>
</section>

<section name = "Utilization Estimates" level="0">
<item name = "Summary"><table name="" hasTotal="1">
<keys size="5">Name, BRAM_18K, DSP48E, FF, LUT</keys>
<column name="Expression">-, -, 0, 40</column>
<column name="FIFO">-, -, -, -</column>
<column name="Instance">-, -, -, -</column>
<column name="Memory">-, -, -, -</column>
<column name="Multiplexer">-, -, -, 19</column>
<column name="Register">-, -, 27, -</column>
<column name="ShiftMemory">-, -, -, -</column>
<specialColumn name="Available">270, 240, 126800, 63400</specialColumn>
<specialColumn name="Utilization (%)">0, 0, ~0, ~0</specialColumn>
</table>
</item>
<item name = "Detail">
<section name = "" level="1">
<item name = "Instance"><table name="" hasTotal="1">
<keys size="6">Instance, Module, BRAM_18K, DSP48E, FF, LUT</keys>
</table>
</item>
<item name = "Memory"><table name="" hasTotal="1">
<keys size="7">Memory, Module, BRAM_18K, Words, Bits, Banks, W*Bits*Banks</keys>
</table>
</item>
<item name = "FIFO"><table name="" hasTotal="1">
<keys size="7">Name, BRAM_18K, FF, LUT, Depth, Bits, Size:D*B</keys>
</table>
</item>
<item name = "Shift register"><table name="" hasTotal="1">
<keys size="5">Name, FF, LUT, Bits, Const Bits</keys>
</table>
</item>
<item name = "Expression"><table name="" hasTotal="1">
<keys size="7">Variable Name, Operation, DSP48E, FF, LUT, Bitwidth P0, Bitwidth P1</keys>
<column name="c_1_fu_289_p2">+, 0, 0, 4, 4, 1</column>
<column name="indvar_flatten_next_fu_224_p2">+, 0, 0, 7, 7, 1</column>
<column name="r_s_fu_244_p2">+, 0, 0, 4, 4, 1</column>
<column name="sum_fu_274_p2">+, 0, 0, 6, 6, 6</column>
<column name="c_mid2_fu_236_p3">Select, 0, 0, 4, 1, 1</column>
<column name="r_mid2_fu_250_p3">Select, 0, 0, 4, 1, 4</column>
<column name="exitcond_flatten_fu_218_p2">icmp, 0, 0, 7, 7, 8</column>
<column name="exitcond_fu_230_p2">icmp, 0, 0, 4, 4, 5</column>
</table>
</item>
<item name = "Multiplexer"><table name="" hasTotal="1">
<keys size="5">Name, LUT, Input Size, Bits, Total Bits</keys>
<column name="c_reg_206">4, 2, 4, 8</column>
<column name="indvar_flatten_reg_184">7, 2, 7, 14</column>
<column name="r_phi_fu_199_p4">4, 2, 4, 8</column>
<column name="r_reg_195">4, 2, 4, 8</column>
</table>
</item>
<item name = "Register"><table name="" hasTotal="1">
<keys size="4">Name, FF, Bits, Const Bits</keys>
<column name="ap_CS_fsm">2, 2, 0</column>
<column name="ap_reg_ppiten_pp0_it0">1, 1, 0</column>
<column name="ap_reg_ppiten_pp0_it1">1, 1, 0</column>
<column name="c_reg_206">4, 4, 0</column>
<column name="exitcond_flatten_reg_306">1, 1, 0</column>
<column name="indvar_flatten_reg_184">7, 7, 0</column>
<column name="r_mid2_reg_315">4, 4, 0</column>
<column name="r_reg_195">4, 4, 0</column>
<column name="tmp_3_reg_326">3, 3, 0</column>
</table>
</item>
</section>
</item>
</section>

<section name = "Interface" level="0">
<item name = "Summary"><table name="" hasTotal="0">
<keys size="6">RTL Ports, Dir, Bits, Protocol, Source Object, C Type</keys>
<column name="ap_clk">in, 1, ap_ctrl_hs, read_data, return value</column>
<column name="ap_rst">in, 1, ap_ctrl_hs, read_data, return value</column>
<column name="ap_start">in, 1, ap_ctrl_hs, read_data, return value</column>
<column name="ap_done">out, 1, ap_ctrl_hs, read_data, return value</column>
<column name="ap_idle">out, 1, ap_ctrl_hs, read_data, return value</column>
<column name="ap_ready">out, 1, ap_ctrl_hs, read_data, return value</column>
<column name="input_r_address0">out, 6, ap_memory, input_r, array</column>
<column name="input_r_ce0">out, 1, ap_memory, input_r, array</column>
<column name="input_r_q0">in, 16, ap_memory, input_r, array</column>
<column name="buf_0_address0">out, 3, ap_memory, buf_0, array</column>
<column name="buf_0_ce0">out, 1, ap_memory, buf_0, array</column>
<column name="buf_0_we0">out, 1, ap_memory, buf_0, array</column>
<column name="buf_0_d0">out, 16, ap_memory, buf_0, array</column>
<column name="buf_1_address0">out, 3, ap_memory, buf_1, array</column>
<column name="buf_1_ce0">out, 1, ap_memory, buf_1, array</column>
<column name="buf_1_we0">out, 1, ap_memory, buf_1, array</column>
<column name="buf_1_d0">out, 16, ap_memory, buf_1, array</column>
<column name="buf_2_address0">out, 3, ap_memory, buf_2, array</column>
<column name="buf_2_ce0">out, 1, ap_memory, buf_2, array</column>
<column name="buf_2_we0">out, 1, ap_memory, buf_2, array</column>
<column name="buf_2_d0">out, 16, ap_memory, buf_2, array</column>
<column name="buf_3_address0">out, 3, ap_memory, buf_3, array</column>
<column name="buf_3_ce0">out, 1, ap_memory, buf_3, array</column>
<column name="buf_3_we0">out, 1, ap_memory, buf_3, array</column>
<column name="buf_3_d0">out, 16, ap_memory, buf_3, array</column>
<column name="buf_4_address0">out, 3, ap_memory, buf_4, array</column>
<column name="buf_4_ce0">out, 1, ap_memory, buf_4, array</column>
<column name="buf_4_we0">out, 1, ap_memory, buf_4, array</column>
<column name="buf_4_d0">out, 16, ap_memory, buf_4, array</column>
<column name="buf_5_address0">out, 3, ap_memory, buf_5, array</column>
<column name="buf_5_ce0">out, 1, ap_memory, buf_5, array</column>
<column name="buf_5_we0">out, 1, ap_memory, buf_5, array</column>
<column name="buf_5_d0">out, 16, ap_memory, buf_5, array</column>
<column name="buf_6_address0">out, 3, ap_memory, buf_6, array</column>
<column name="buf_6_ce0">out, 1, ap_memory, buf_6, array</column>
<column name="buf_6_we0">out, 1, ap_memory, buf_6, array</column>
<column name="buf_6_d0">out, 16, ap_memory, buf_6, array</column>
<column name="buf_7_address0">out, 3, ap_memory, buf_7, array</column>
<column name="buf_7_ce0">out, 1, ap_memory, buf_7, array</column>
<column name="buf_7_we0">out, 1, ap_memory, buf_7, array</column>
<column name="buf_7_d0">out, 16, ap_memory, buf_7, array</column>
</table>
</item>
</section>
</profile>
