<stg><name>read_data</name>


<trans_list>

<trans id="60" from="1" to="2">
<condition id="67">
<or_exp><and_exp></and_exp></or_exp>
</condition>
</trans>

<trans id="68" from="2" to="4">
<condition id="75">
<or_exp><and_exp><literal name="exitcond_flatten" val="1"/>
</and_exp></or_exp>
</condition>
</trans>

<trans id="69" from="2" to="3">
<condition id="77">
<or_exp><and_exp><literal name="exitcond_flatten" val="0"/>
</and_exp></or_exp>
</condition>
</trans>

<trans id="67" from="3" to="2">
<condition id="76">
<or_exp><and_exp></and_exp></or_exp>
</condition>
</trans>
</trans_list>



<state_list>

<state id="1" st_id="1">

<operation id="5" st_id="1" stage="1" lat="1">
<core>NULL</core>
<MemPortIdVec></MemPortIdVec>
<condition id="55">
<or_exp><and_exp></and_exp></or_exp>
</condition>

<node id="10" bw="0" op_0_bw="0">
<![CDATA[
:0  br label %1

]]></node>
<StgValue><ssdm name=""/></StgValue>
</operation>
</state>

<state id="2" st_id="2">

<operation id="6" st_id="2" stage="1" lat="1">
<core>NULL</core>
<MemPortIdVec></MemPortIdVec>
<condition id="-1">
<or_exp><and_exp></and_exp></or_exp>
</condition>

<node id="12" bw="7" op_0_bw="7" op_1_bw="0">
<![CDATA[
:0  %indvar_flatten = phi i7 [ 0, %0 ], [ %indvar_flatten_next, %ifBlock ]

]]></node>
<StgValue><ssdm name="indvar_flatten"/></StgValue>
</operation>

<operation id="7" st_id="2" stage="1" lat="1">
<core>NULL</core>
<MemPortIdVec></MemPortIdVec>
<condition id="-1">
<or_exp><and_exp></and_exp></or_exp>
</condition>

<node id="13" bw="4" op_0_bw="4" op_1_bw="0">
<![CDATA[
:1  %r = phi i4 [ 0, %0 ], [ %r_mid2, %ifBlock ]

]]></node>
<StgValue><ssdm name="r"/></StgValue>
</operation>

<operation id="8" st_id="2" stage="1" lat="1">
<core>NULL</core>
<MemPortIdVec></MemPortIdVec>
<condition id="-1">
<or_exp><and_exp></and_exp></or_exp>
</condition>

<node id="14" bw="4" op_0_bw="4" op_1_bw="0">
<![CDATA[
:2  %c = phi i4 [ 0, %0 ], [ %c_1, %ifBlock ]

]]></node>
<StgValue><ssdm name="c"/></StgValue>
</operation>

<operation id="9" st_id="2" stage="1" lat="1">
<core>Cmp</core>
<MemPortIdVec></MemPortIdVec>
<condition id="-1">
<or_exp><and_exp></and_exp></or_exp>
</condition>

<node id="15" bw="1" op_0_bw="7" op_1_bw="7">
<![CDATA[
:3  %exitcond_flatten = icmp eq i7 %indvar_flatten, -64

]]></node>
<StgValue><ssdm name="exitcond_flatten"/></StgValue>
</operation>

<operation id="10" st_id="2" stage="1" lat="1">
<core>AddSub</core>
<MemPortIdVec></MemPortIdVec>
<condition id="-1">
<or_exp><and_exp></and_exp></or_exp>
</condition>

<node id="16" bw="7" op_0_bw="7" op_1_bw="7">
<![CDATA[
:4  %indvar_flatten_next = add i7 %indvar_flatten, 1

]]></node>
<StgValue><ssdm name="indvar_flatten_next"/></StgValue>
</operation>

<operation id="11" st_id="2" stage="1" lat="1">
<core>NULL</core>
<MemPortIdVec></MemPortIdVec>
<condition id="-1">
<or_exp><and_exp></and_exp></or_exp>
</condition>

<node id="17" bw="0" op_0_bw="1" op_1_bw="0" op_2_bw="0">
<![CDATA[
:5  br i1 %exitcond_flatten, label %2, label %.reset

]]></node>
<StgValue><ssdm name=""/></StgValue>
</operation>

<operation id="12" st_id="2" stage="1" lat="1">
<core>Cmp</core>
<MemPortIdVec></MemPortIdVec>
<condition id="0">
<or_exp><and_exp><literal name="exitcond_flatten" val="0"/>
</and_exp></or_exp>
</condition>

<node id="21" bw="1" op_0_bw="4" op_1_bw="4">
<![CDATA[
.reset:2  %exitcond = icmp eq i4 %c, -8

]]></node>
<StgValue><ssdm name="exitcond"/></StgValue>
</operation>

<operation id="13" st_id="2" stage="1" lat="1">
<core>Sel</core>
<MemPortIdVec></MemPortIdVec>
<condition id="0">
<or_exp><and_exp><literal name="exitcond_flatten" val="0"/>
</and_exp></or_exp>
</condition>

<node id="22" bw="4" op_0_bw="1" op_1_bw="4" op_2_bw="4">
<![CDATA[
.reset:3  %c_mid2 = select i1 %exitcond, i4 0, i4 %c

]]></node>
<StgValue><ssdm name="c_mid2"/></StgValue>
</operation>

<operation id="14" st_id="2" stage="1" lat="1">
<core>AddSub</core>
<MemPortIdVec></MemPortIdVec>
<condition id="0">
<or_exp><and_exp><literal name="exitcond_flatten" val="0"/>
</and_exp></or_exp>
</condition>

<node id="23" bw="4" op_0_bw="4" op_1_bw="4">
<![CDATA[
.reset:4  %r_s = add i4 %r, 1

]]></node>
<StgValue><ssdm name="r_s"/></StgValue>
</operation>

<operation id="15" st_id="2" stage="1" lat="1">
<core>Sel</core>
<MemPortIdVec></MemPortIdVec>
<condition id="0">
<or_exp><and_exp><literal name="exitcond_flatten" val="0"/>
</and_exp></or_exp>
</condition>

<node id="24" bw="4" op_0_bw="1" op_1_bw="4" op_2_bw="4">
<![CDATA[
.reset:5  %r_mid2 = select i1 %exitcond, i4 %r_s, i4 %r

]]></node>
<StgValue><ssdm name="r_mid2"/></StgValue>
</operation>

<operation id="16" st_id="2" stage="1" lat="1">
<core>NULL</core>
<MemPortIdVec></MemPortIdVec>
<condition id="0">
<or_exp><and_exp><literal name="exitcond_flatten" val="0"/>
</and_exp></or_exp>
</condition>

<node id="26" bw="3" op_0_bw="4">
<![CDATA[
.reset:7  %tmp_2 = trunc i4 %r_mid2 to i3

]]></node>
<StgValue><ssdm name="tmp_2"/></StgValue>
</operation>

<operation id="17" st_id="2" stage="1" lat="1">
<core>NULL</core>
<MemPortIdVec></MemPortIdVec>
<condition id="0">
<or_exp><and_exp><literal name="exitcond_flatten" val="0"/>
</and_exp></or_exp>
</condition>

<node id="27" bw="6" op_0_bw="6" op_1_bw="3" op_2_bw="3">
<![CDATA[
.reset:8  %tmp = call i6 @_ssdm_op_BitConcatenate.i6.i3.i3(i3 %tmp_2, i3 0)

]]></node>
<StgValue><ssdm name="tmp"/></StgValue>
</operation>

<operation id="18" st_id="2" stage="1" lat="1">
<core>NULL</core>
<MemPortIdVec></MemPortIdVec>
<condition id="0">
<or_exp><and_exp><literal name="exitcond_flatten" val="0"/>
</and_exp></or_exp>
</condition>

<node id="28" bw="6" op_0_bw="4">
<![CDATA[
.reset:9  %c_cast2 = zext i4 %c_mid2 to i6

]]></node>
<StgValue><ssdm name="c_cast2"/></StgValue>
</operation>

<operation id="19" st_id="2" stage="1" lat="1">
<core>AddSub</core>
<MemPortIdVec></MemPortIdVec>
<condition id="0">
<or_exp><and_exp><literal name="exitcond_flatten" val="0"/>
</and_exp></or_exp>
</condition>

<node id="32" bw="6" op_0_bw="6" op_1_bw="6">
<![CDATA[
.reset:13  %sum = add i6 %c_cast2, %tmp

]]></node>
<StgValue><ssdm name="sum"/></StgValue>
</operation>

<operation id="20" st_id="2" stage="1" lat="1">
<core>NULL</core>
<MemPortIdVec></MemPortIdVec>
<condition id="0">
<or_exp><and_exp><literal name="exitcond_flatten" val="0"/>
</and_exp></or_exp>
</condition>

<node id="33" bw="32" op_0_bw="6">
<![CDATA[
.reset:14  %sum_cast = zext i6 %sum to i32

]]></node>
<StgValue><ssdm name="sum_cast"/></StgValue>
</operation>

<operation id="21" st_id="2" stage="1" lat="1">
<core>NULL</core>
<MemPortIdVec></MemPortIdVec>
<condition id="0">
<or_exp><and_exp><literal name="exitcond_flatten" val="0"/>
</and_exp></or_exp>
</condition>

<node id="34" bw="6" op_0_bw="16" op_1_bw="32" op_2_bw="32">
<![CDATA[
.reset:15  %input_addr = getelementptr [64 x i16]* %input_r, i32 0, i32 %sum_cast

]]></node>
<StgValue><ssdm name="input_addr"/></StgValue>
</operation>

<operation id="22" st_id="2" stage="2" lat="2">
<core>RAM</core>
<MemPortIdVec></MemPortIdVec>
<condition id="0">
<or_exp><and_exp><literal name="exitcond_flatten" val="0"/>
</and_exp></or_exp>
</condition>

<node id="35" bw="16" op_0_bw="6">
<![CDATA[
.reset:16  %input_load = load i16* %input_addr, align 2

]]></node>
<StgValue><ssdm name="input_load"/></StgValue>
</operation>

<operation id="23" st_id="2" stage="1" lat="1">
<core>NULL</core>
<MemPortIdVec></MemPortIdVec>
<condition id="0">
<or_exp><and_exp><literal name="exitcond_flatten" val="0"/>
</and_exp></or_exp>
</condition>

<node id="36" bw="3" op_0_bw="4">
<![CDATA[
.reset:17  %tmp_3 = trunc i4 %c_mid2 to i3

]]></node>
<StgValue><ssdm name="tmp_3"/></StgValue>
</operation>

<operation id="24" st_id="2" stage="1" lat="1">
<core>NULL</core>
<MemPortIdVec></MemPortIdVec>
<condition id="0">
<or_exp><and_exp><literal name="exitcond_flatten" val="0"/>
</and_exp></or_exp>
</condition>

<node id="37" bw="0" op_0_bw="3" op_1_bw="0" op_2_bw="3" op_3_bw="0" op_4_bw="3" op_5_bw="0" op_6_bw="3" op_7_bw="0" op_8_bw="3" op_9_bw="0" op_10_bw="3" op_11_bw="0" op_12_bw="3" op_13_bw="0" op_14_bw="3" op_15_bw="0">
<![CDATA[
.reset:18  switch i3 %tmp_3, label %branch7 [
    i3 0, label %branch0
    i3 1, label %branch1
    i3 2, label %branch2
    i3 3, label %branch3
    i3 -4, label %branch4
    i3 -3, label %branch5
    i3 -2, label %branch6
  ]

]]></node>
<StgValue><ssdm name=""/></StgValue>
</operation>

<operation id="25" st_id="2" stage="1" lat="1">
<core>AddSub</core>
<MemPortIdVec></MemPortIdVec>
<condition id="56">
<or_exp><and_exp><literal name="exitcond_flatten" val="0"/>
</and_exp></or_exp>
</condition>

<node id="72" bw="4" op_0_bw="4" op_1_bw="4">
<![CDATA[
ifBlock:1  %c_1 = add i4 %c_mid2, 1

]]></node>
<StgValue><ssdm name="c_1"/></StgValue>
</operation>
</state>

<state id="3" st_id="3">

<operation id="26" st_id="3" stage="1" lat="1">
<core>NULL</core>
<MemPortIdVec></MemPortIdVec>
<condition id="0">
<or_exp><and_exp><literal name="exitcond_flatten" val="0"/>
</and_exp></or_exp>
</condition>

<node id="19" bw="0" op_0_bw="0" op_1_bw="8">
<![CDATA[
.reset:0  call void (...)* @_ssdm_op_SpecLoopName([24 x i8]* @str4)

]]></node>
<StgValue><ssdm name=""/></StgValue>
</operation>

<operation id="27" st_id="3" stage="1" lat="1">
<core>NULL</core>
<MemPortIdVec></MemPortIdVec>
<condition id="0">
<or_exp><and_exp><literal name="exitcond_flatten" val="0"/>
</and_exp></or_exp>
</condition>

<node id="20" bw="32" op_0_bw="32" op_1_bw="64" op_2_bw="64" op_3_bw="64">
<![CDATA[
.reset:1  %empty_21 = call i32 (...)* @_ssdm_op_SpecLoopTripCount(i64 64, i64 64, i64 64)

]]></node>
<StgValue><ssdm name="empty_21"/></StgValue>
</operation>

<operation id="28" st_id="3" stage="1" lat="1">
<core>NULL</core>
<MemPortIdVec></MemPortIdVec>
<condition id="0">
<or_exp><and_exp><literal name="exitcond_flatten" val="0"/>
</and_exp></or_exp>
</condition>

<node id="25" bw="32" op_0_bw="4">
<![CDATA[
.reset:6  %r_cast4 = zext i4 %r_mid2 to i32

]]></node>
<StgValue><ssdm name="r_cast4"/></StgValue>
</operation>

<operation id="29" st_id="3" stage="1" lat="1">
<core>NULL</core>
<MemPortIdVec></MemPortIdVec>
<condition id="0">
<or_exp><and_exp><literal name="exitcond_flatten" val="0"/>
</and_exp></or_exp>
</condition>

<node id="29" bw="0" op_0_bw="0" op_1_bw="8">
<![CDATA[
.reset:10  call void (...)* @_ssdm_op_SpecLoopName([12 x i8]* @p_str11) nounwind

]]></node>
<StgValue><ssdm name=""/></StgValue>
</operation>

<operation id="30" st_id="3" stage="1" lat="1">
<core>NULL</core>
<MemPortIdVec></MemPortIdVec>
<condition id="0">
<or_exp><and_exp><literal name="exitcond_flatten" val="0"/>
</and_exp></or_exp>
</condition>

<node id="30" bw="32" op_0_bw="32" op_1_bw="8">
<![CDATA[
.reset:11  %tmp_9 = call i32 (...)* @_ssdm_op_SpecRegionBegin([12 x i8]* @p_str11)

]]></node>
<StgValue><ssdm name="tmp_9"/></StgValue>
</operation>

<operation id="31" st_id="3" stage="1" lat="1">
<core>NULL</core>
<MemPortIdVec></MemPortIdVec>
<condition id="0">
<or_exp><and_exp><literal name="exitcond_flatten" val="0"/>
</and_exp></or_exp>
</condition>

<node id="31" bw="0" op_0_bw="0" op_1_bw="32" op_2_bw="32" op_3_bw="32" op_4_bw="8">
<![CDATA[
.reset:12  call void (...)* @_ssdm_op_SpecPipeline(i32 1, i32 1, i32 1, [1 x i8]* @p_str1) nounwind

]]></node>
<StgValue><ssdm name=""/></StgValue>
</operation>

<operation id="32" st_id="3" stage="1" lat="2">
<core>RAM</core>
<MemPortIdVec></MemPortIdVec>
<condition id="0">
<or_exp><and_exp><literal name="exitcond_flatten" val="0"/>
</and_exp></or_exp>
</condition>

<node id="35" bw="16" op_0_bw="6">
<![CDATA[
.reset:16  %input_load = load i16* %input_addr, align 2

]]></node>
<StgValue><ssdm name="input_load"/></StgValue>
</operation>

<operation id="33" st_id="3" stage="1" lat="1">
<core>NULL</core>
<MemPortIdVec></MemPortIdVec>
<condition id="57">
<or_exp><and_exp><literal name="exitcond_flatten" val="0"/>
<literal name="tmp_3" val="6"/>
</and_exp></or_exp>
</condition>

<node id="39" bw="3" op_0_bw="16" op_1_bw="32" op_2_bw="32">
<![CDATA[
branch6:0  %buf_6_addr = getelementptr [8 x i16]* %buf_6, i32 0, i32 %r_cast4

]]></node>
<StgValue><ssdm name="buf_6_addr"/></StgValue>
</operation>

<operation id="34" st_id="3" stage="1" lat="1">
<core>RAM</core>
<MemPortIdVec></MemPortIdVec>
<condition id="57">
<or_exp><and_exp><literal name="exitcond_flatten" val="0"/>
<literal name="tmp_3" val="6"/>
</and_exp></or_exp>
</condition>

<node id="40" bw="0" op_0_bw="16" op_1_bw="3">
<![CDATA[
branch6:1  store i16 %input_load, i16* %buf_6_addr, align 2

]]></node>
<StgValue><ssdm name=""/></StgValue>
</operation>

<operation id="35" st_id="3" stage="1" lat="1">
<core>NULL</core>
<MemPortIdVec></MemPortIdVec>
<condition id="57">
<or_exp><and_exp><literal name="exitcond_flatten" val="0"/>
<literal name="tmp_3" val="6"/>
</and_exp></or_exp>
</condition>

<node id="41" bw="0" op_0_bw="0">
<![CDATA[
branch6:2  br label %ifBlock

]]></node>
<StgValue><ssdm name=""/></StgValue>
</operation>

<operation id="36" st_id="3" stage="1" lat="1">
<core>NULL</core>
<MemPortIdVec></MemPortIdVec>
<condition id="58">
<or_exp><and_exp><literal name="exitcond_flatten" val="0"/>
<literal name="tmp_3" val="5"/>
</and_exp></or_exp>
</condition>

<node id="43" bw="3" op_0_bw="16" op_1_bw="32" op_2_bw="32">
<![CDATA[
branch5:0  %buf_5_addr = getelementptr [8 x i16]* %buf_5, i32 0, i32 %r_cast4

]]></node>
<StgValue><ssdm name="buf_5_addr"/></StgValue>
</operation>

<operation id="37" st_id="3" stage="1" lat="1">
<core>RAM</core>
<MemPortIdVec></MemPortIdVec>
<condition id="58">
<or_exp><and_exp><literal name="exitcond_flatten" val="0"/>
<literal name="tmp_3" val="5"/>
</and_exp></or_exp>
</condition>

<node id="44" bw="0" op_0_bw="16" op_1_bw="3">
<![CDATA[
branch5:1  store i16 %input_load, i16* %buf_5_addr, align 2

]]></node>
<StgValue><ssdm name=""/></StgValue>
</operation>

<operation id="38" st_id="3" stage="1" lat="1">
<core>NULL</core>
<MemPortIdVec></MemPortIdVec>
<condition id="58">
<or_exp><and_exp><literal name="exitcond_flatten" val="0"/>
<literal name="tmp_3" val="5"/>
</and_exp></or_exp>
</condition>

<node id="45" bw="0" op_0_bw="0">
<![CDATA[
branch5:2  br label %ifBlock

]]></node>
<StgValue><ssdm name=""/></StgValue>
</operation>

<operation id="39" st_id="3" stage="1" lat="1">
<core>NULL</core>
<MemPortIdVec></MemPortIdVec>
<condition id="59">
<or_exp><and_exp><literal name="exitcond_flatten" val="0"/>
<literal name="tmp_3" val="4"/>
</and_exp></or_exp>
</condition>

<node id="47" bw="3" op_0_bw="16" op_1_bw="32" op_2_bw="32">
<![CDATA[
branch4:0  %buf_4_addr = getelementptr [8 x i16]* %buf_4, i32 0, i32 %r_cast4

]]></node>
<StgValue><ssdm name="buf_4_addr"/></StgValue>
</operation>

<operation id="40" st_id="3" stage="1" lat="1">
<core>RAM</core>
<MemPortIdVec></MemPortIdVec>
<condition id="59">
<or_exp><and_exp><literal name="exitcond_flatten" val="0"/>
<literal name="tmp_3" val="4"/>
</and_exp></or_exp>
</condition>

<node id="48" bw="0" op_0_bw="16" op_1_bw="3">
<![CDATA[
branch4:1  store i16 %input_load, i16* %buf_4_addr, align 2

]]></node>
<StgValue><ssdm name=""/></StgValue>
</operation>

<operation id="41" st_id="3" stage="1" lat="1">
<core>NULL</core>
<MemPortIdVec></MemPortIdVec>
<condition id="59">
<or_exp><and_exp><literal name="exitcond_flatten" val="0"/>
<literal name="tmp_3" val="4"/>
</and_exp></or_exp>
</condition>

<node id="49" bw="0" op_0_bw="0">
<![CDATA[
branch4:2  br label %ifBlock

]]></node>
<StgValue><ssdm name=""/></StgValue>
</operation>

<operation id="42" st_id="3" stage="1" lat="1">
<core>NULL</core>
<MemPortIdVec></MemPortIdVec>
<condition id="60">
<or_exp><and_exp><literal name="exitcond_flatten" val="0"/>
<literal name="tmp_3" val="3"/>
</and_exp></or_exp>
</condition>

<node id="51" bw="3" op_0_bw="16" op_1_bw="32" op_2_bw="32">
<![CDATA[
branch3:0  %buf_3_addr = getelementptr [8 x i16]* %buf_3, i32 0, i32 %r_cast4

]]></node>
<StgValue><ssdm name="buf_3_addr"/></StgValue>
</operation>

<operation id="43" st_id="3" stage="1" lat="1">
<core>RAM</core>
<MemPortIdVec></MemPortIdVec>
<condition id="60">
<or_exp><and_exp><literal name="exitcond_flatten" val="0"/>
<literal name="tmp_3" val="3"/>
</and_exp></or_exp>
</condition>

<node id="52" bw="0" op_0_bw="16" op_1_bw="3">
<![CDATA[
branch3:1  store i16 %input_load, i16* %buf_3_addr, align 2

]]></node>
<StgValue><ssdm name=""/></StgValue>
</operation>

<operation id="44" st_id="3" stage="1" lat="1">
<core>NULL</core>
<MemPortIdVec></MemPortIdVec>
<condition id="60">
<or_exp><and_exp><literal name="exitcond_flatten" val="0"/>
<literal name="tmp_3" val="3"/>
</and_exp></or_exp>
</condition>

<node id="53" bw="0" op_0_bw="0">
<![CDATA[
branch3:2  br label %ifBlock

]]></node>
<StgValue><ssdm name=""/></StgValue>
</operation>

<operation id="45" st_id="3" stage="1" lat="1">
<core>NULL</core>
<MemPortIdVec></MemPortIdVec>
<condition id="61">
<or_exp><and_exp><literal name="exitcond_flatten" val="0"/>
<literal name="tmp_3" val="2"/>
</and_exp></or_exp>
</condition>

<node id="55" bw="3" op_0_bw="16" op_1_bw="32" op_2_bw="32">
<![CDATA[
branch2:0  %buf_2_addr = getelementptr [8 x i16]* %buf_2, i32 0, i32 %r_cast4

]]></node>
<StgValue><ssdm name="buf_2_addr"/></StgValue>
</operation>

<operation id="46" st_id="3" stage="1" lat="1">
<core>RAM</core>
<MemPortIdVec></MemPortIdVec>
<condition id="61">
<or_exp><and_exp><literal name="exitcond_flatten" val="0"/>
<literal name="tmp_3" val="2"/>
</and_exp></or_exp>
</condition>

<node id="56" bw="0" op_0_bw="16" op_1_bw="3">
<![CDATA[
branch2:1  store i16 %input_load, i16* %buf_2_addr, align 2

]]></node>
<StgValue><ssdm name=""/></StgValue>
</operation>

<operation id="47" st_id="3" stage="1" lat="1">
<core>NULL</core>
<MemPortIdVec></MemPortIdVec>
<condition id="61">
<or_exp><and_exp><literal name="exitcond_flatten" val="0"/>
<literal name="tmp_3" val="2"/>
</and_exp></or_exp>
</condition>

<node id="57" bw="0" op_0_bw="0">
<![CDATA[
branch2:2  br label %ifBlock

]]></node>
<StgValue><ssdm name=""/></StgValue>
</operation>

<operation id="48" st_id="3" stage="1" lat="1">
<core>NULL</core>
<MemPortIdVec></MemPortIdVec>
<condition id="62">
<or_exp><and_exp><literal name="exitcond_flatten" val="0"/>
<literal name="tmp_3" val="1"/>
</and_exp></or_exp>
</condition>

<node id="59" bw="3" op_0_bw="16" op_1_bw="32" op_2_bw="32">
<![CDATA[
branch1:0  %buf_1_addr = getelementptr [8 x i16]* %buf_1, i32 0, i32 %r_cast4

]]></node>
<StgValue><ssdm name="buf_1_addr"/></StgValue>
</operation>

<operation id="49" st_id="3" stage="1" lat="1">
<core>RAM</core>
<MemPortIdVec></MemPortIdVec>
<condition id="62">
<or_exp><and_exp><literal name="exitcond_flatten" val="0"/>
<literal name="tmp_3" val="1"/>
</and_exp></or_exp>
</condition>

<node id="60" bw="0" op_0_bw="16" op_1_bw="3">
<![CDATA[
branch1:1  store i16 %input_load, i16* %buf_1_addr, align 2

]]></node>
<StgValue><ssdm name=""/></StgValue>
</operation>

<operation id="50" st_id="3" stage="1" lat="1">
<core>NULL</core>
<MemPortIdVec></MemPortIdVec>
<condition id="62">
<or_exp><and_exp><literal name="exitcond_flatten" val="0"/>
<literal name="tmp_3" val="1"/>
</and_exp></or_exp>
</condition>

<node id="61" bw="0" op_0_bw="0">
<![CDATA[
branch1:2  br label %ifBlock

]]></node>
<StgValue><ssdm name=""/></StgValue>
</operation>

<operation id="51" st_id="3" stage="1" lat="1">
<core>NULL</core>
<MemPortIdVec></MemPortIdVec>
<condition id="63">
<or_exp><and_exp><literal name="exitcond_flatten" val="0"/>
<literal name="tmp_3" val="0"/>
</and_exp></or_exp>
</condition>

<node id="63" bw="3" op_0_bw="16" op_1_bw="32" op_2_bw="32">
<![CDATA[
branch0:0  %buf_0_addr = getelementptr [8 x i16]* %buf_0, i32 0, i32 %r_cast4

]]></node>
<StgValue><ssdm name="buf_0_addr"/></StgValue>
</operation>

<operation id="52" st_id="3" stage="1" lat="1">
<core>RAM</core>
<MemPortIdVec></MemPortIdVec>
<condition id="63">
<or_exp><and_exp><literal name="exitcond_flatten" val="0"/>
<literal name="tmp_3" val="0"/>
</and_exp></or_exp>
</condition>

<node id="64" bw="0" op_0_bw="16" op_1_bw="3">
<![CDATA[
branch0:1  store i16 %input_load, i16* %buf_0_addr, align 2

]]></node>
<StgValue><ssdm name=""/></StgValue>
</operation>

<operation id="53" st_id="3" stage="1" lat="1">
<core>NULL</core>
<MemPortIdVec></MemPortIdVec>
<condition id="63">
<or_exp><and_exp><literal name="exitcond_flatten" val="0"/>
<literal name="tmp_3" val="0"/>
</and_exp></or_exp>
</condition>

<node id="65" bw="0" op_0_bw="0">
<![CDATA[
branch0:2  br label %ifBlock

]]></node>
<StgValue><ssdm name=""/></StgValue>
</operation>

<operation id="54" st_id="3" stage="1" lat="1">
<core>NULL</core>
<MemPortIdVec></MemPortIdVec>
<condition id="64">
<or_exp><and_exp><literal name="exitcond_flatten" val="0"/>
<literal name="tmp_3" val="!6"/>
<literal name="tmp_3" val="!5"/>
<literal name="tmp_3" val="!4"/>
<literal name="tmp_3" val="!3"/>
<literal name="tmp_3" val="!2"/>
<literal name="tmp_3" val="!1"/>
<literal name="tmp_3" val="!0"/>
</and_exp></or_exp>
</condition>

<node id="67" bw="3" op_0_bw="16" op_1_bw="32" op_2_bw="32">
<![CDATA[
branch7:0  %buf_7_addr = getelementptr [8 x i16]* %buf_7, i32 0, i32 %r_cast4

]]></node>
<StgValue><ssdm name="buf_7_addr"/></StgValue>
</operation>

<operation id="55" st_id="3" stage="1" lat="1">
<core>RAM</core>
<MemPortIdVec></MemPortIdVec>
<condition id="64">
<or_exp><and_exp><literal name="exitcond_flatten" val="0"/>
<literal name="tmp_3" val="!6"/>
<literal name="tmp_3" val="!5"/>
<literal name="tmp_3" val="!4"/>
<literal name="tmp_3" val="!3"/>
<literal name="tmp_3" val="!2"/>
<literal name="tmp_3" val="!1"/>
<literal name="tmp_3" val="!0"/>
</and_exp></or_exp>
</condition>

<node id="68" bw="0" op_0_bw="16" op_1_bw="3">
<![CDATA[
branch7:1  store i16 %input_load, i16* %buf_7_addr, align 2

]]></node>
<StgValue><ssdm name=""/></StgValue>
</operation>

<operation id="56" st_id="3" stage="1" lat="1">
<core>NULL</core>
<MemPortIdVec></MemPortIdVec>
<condition id="64">
<or_exp><and_exp><literal name="exitcond_flatten" val="0"/>
<literal name="tmp_3" val="!6"/>
<literal name="tmp_3" val="!5"/>
<literal name="tmp_3" val="!4"/>
<literal name="tmp_3" val="!3"/>
<literal name="tmp_3" val="!2"/>
<literal name="tmp_3" val="!1"/>
<literal name="tmp_3" val="!0"/>
</and_exp></or_exp>
</condition>

<node id="69" bw="0" op_0_bw="0">
<![CDATA[
branch7:2  br label %ifBlock

]]></node>
<StgValue><ssdm name=""/></StgValue>
</operation>

<operation id="57" st_id="3" stage="1" lat="1">
<core>NULL</core>
<MemPortIdVec></MemPortIdVec>
<condition id="56">
<or_exp><and_exp><literal name="exitcond_flatten" val="0"/>
</and_exp></or_exp>
</condition>

<node id="71" bw="32" op_0_bw="32" op_1_bw="8" op_2_bw="32">
<![CDATA[
ifBlock:0  %empty = call i32 (...)* @_ssdm_op_SpecRegionEnd([12 x i8]* @p_str11, i32 %tmp_9)

]]></node>
<StgValue><ssdm name="empty"/></StgValue>
</operation>

<operation id="58" st_id="3" stage="1" lat="1">
<core>NULL</core>
<MemPortIdVec></MemPortIdVec>
<condition id="56">
<or_exp><and_exp><literal name="exitcond_flatten" val="0"/>
</and_exp></or_exp>
</condition>

<node id="73" bw="0" op_0_bw="0">
<![CDATA[
ifBlock:2  br label %1

]]></node>
<StgValue><ssdm name=""/></StgValue>
</operation>
</state>

<state id="4" st_id="4">

<operation id="59" st_id="4" stage="1" lat="1">
<core>NULL</core>
<MemPortIdVec></MemPortIdVec>
<condition id="65">
<or_exp><and_exp></and_exp></or_exp>
</condition>

<node id="75" bw="0">
<![CDATA[
:0  ret void

]]></node>
<StgValue><ssdm name=""/></StgValue>
</operation>
</state>
</state_list>


<ports>
</ports>


<dataflows>
</dataflows>


</stg>
