<?xml version="1.0" encoding="UTF-8"?>
<DARoots Version="1" Minor="30">
  <FileSet Name="sim_1" Type="SimulationSrcs" RelSrcDir="$PSRCDIR/sim_1">
    <Filter Type="Srcs"/>
    <File Path="$PSRCDIR/sim_1/imports/new/test_VHDL.vhd">
      <FileInfo>
        <Attr Name="ImportPath" Val="$PPRDIR/../../project_1/project_1.srcs/sim_1/imports/new/test_VHDL.vhd"/>
        <Attr Name="ImportTime" Val="1399728393"/>
        <Attr Name="UsedInSynthesis" Val="1"/>
        <Attr Name="UsedInSimulation" Val="1"/>
        <Attr Name="UsedIn" Val="synthesis"/>
        <Attr Name="UsedIn" Val="implementation"/>
        <Attr Name="UsedIn" Val="simulation"/>
      </FileInfo>
    </File>
    <Config>
      <Option Name="DesignMode" Val="RTL"/>
      <Option Name="TopModule" Val="test_VHDL"/>
      <Option Name="SrcSet" Val="sources_1"/>
    </Config>
  </FileSet>
</DARoots>
