<?xml version="1.0"?>
<instance entity-name="altera_fir_compiler_ii" version="12.1" >
<generic name="deviceFamily" value="Cyclone IV E" />
<generic name="filterType" value="Decimation" />
<generic name="interpFactor" value="1" />
<generic name="decimFactor" value="2" />
<generic name="L_bandsFilter" value="Half band" />
<generic name="clockRate" value="80" />
<generic name="clockSlack" value="0" />
<generic name="speedGrade" value="Medium" />
<generic name="coeffReload" value="false" />
<generic name="baseAddress" value="0" />
<generic name="readWriteMode" value="Read/Write" />
<generic name="backPressure" value="false" />
<generic name="symmetryMode" value="Symmetrical" />
<generic name="delayRAMBlockThreshold" value="20" />
<generic name="dualMemDistRAMThreshold" value="1280" />
<generic name="mRAMThreshold" value="1000000" />
<generic name="hardMultiplierThreshold" value="-1" />
<generic name="inputRate" value="10" />
<generic name="inputChannelNum" value="1" />
<generic name="inputType" value="Signed Binary" />
<generic name="inputBitWidth" value="32" />
<generic name="inputFracBitWidth" value="0" />
<generic name="coeffSetRealValue" value="0.006633156983,0.0,-0.051035072887,0.0,0.294404377474,0.5,0.294404377474,0.0,-0.051035072887,0.0,0.006633156983" />
<generic name="coeffType" value="Signed Binary" />
<generic name="coeffScaling" value="Auto" />
<generic name="coeffBitWidth" value="12" />
<generic name="coeffFracBitWidth" value="0" />
<generic name="outType" value="Signed Binary" />
<generic name="outMSBRound" value="Truncation" />
<generic name="outMsbBitRem" value="0" />
<generic name="outLSBRound" value="Truncation" />
<generic name="outLsbBitRem" value="0" />
<generic name="resoureEstimation" value="1000,1200,10" />
<generic name="bankCount" value="1" />
<generic name="bankDisplay" value="0" />
</instance>
