<stg><name>fir</name>


<trans_list>

<trans id="54" from="1" to="2">
<condition id="18">
<or_exp><and_exp></and_exp></or_exp>
</condition>
</trans>

<trans id="55" from="2" to="3">
<condition id="19">
<or_exp><and_exp></and_exp></or_exp>
</condition>
</trans>

<trans id="56" from="3" to="4">
<condition id="20">
<or_exp><and_exp></and_exp></or_exp>
</condition>
</trans>

<trans id="57" from="4" to="5">
<condition id="22">
<or_exp><and_exp></and_exp></or_exp>
</condition>
</trans>

<trans id="65" from="5" to="6">
<condition id="31">
<or_exp><and_exp></and_exp></or_exp>
</condition>
</trans>

<trans id="66" from="6" to="7">
<condition id="32">
<or_exp><and_exp></and_exp></or_exp>
</condition>
</trans>

<trans id="67" from="7" to="8">
<condition id="33">
<or_exp><and_exp><literal name="tmp_2" val="1"/>
</and_exp></or_exp>
</condition>
</trans>

<trans id="68" from="7" to="5">
<condition id="34">
<or_exp><and_exp><literal name="tmp_2" val="0"/>
</and_exp></or_exp>
</condition>
</trans>
</trans_list>



<state_list>

<state id="1" st_id="1">

<operation id="9" st_id="1" stage="2" lat="2">
<core>RAM</core>
<MemPortIdVec></MemPortIdVec>
<condition id="13">
<or_exp><and_exp></and_exp></or_exp>
</condition>

<node id="9" bw="16" op_0_bw="16">
<![CDATA[
:4  %shift_reg_load = load i16* getelementptr inbounds ([58 x i16]* @shift_reg, i64 0, i64 57), align 2

]]></node>
<StgValue><ssdm name="shift_reg_load"/></StgValue>
</operation>
</state>

<state id="2" st_id="2">

<operation id="10" st_id="2" stage="1" lat="2">
<core>RAM</core>
<MemPortIdVec></MemPortIdVec>
<condition id="14">
<or_exp><and_exp></and_exp></or_exp>
</condition>

<node id="9" bw="16" op_0_bw="16">
<![CDATA[
:4  %shift_reg_load = load i16* getelementptr inbounds ([58 x i16]* @shift_reg, i64 0, i64 57), align 2

]]></node>
<StgValue><ssdm name="shift_reg_load"/></StgValue>
</operation>
</state>

<state id="3" st_id="3">

<operation id="11" st_id="3" stage="1" lat="1">
<core>NULL</core>
<MemPortIdVec></MemPortIdVec>
<condition id="15">
<or_exp><and_exp></and_exp></or_exp>
</condition>

<node id="10" bw="26" op_0_bw="16">
<![CDATA[
:5  %tmp_cast = sext i16 %shift_reg_load to i26

]]></node>
<StgValue><ssdm name="tmp_cast"/></StgValue>
</operation>

<operation id="12" st_id="3" stage="1" lat="1">
<core>Mul</core>
<MemPortIdVec></MemPortIdVec>
<condition id="15">
<or_exp><and_exp></and_exp></or_exp>
</condition>

<node id="11" bw="26" op_0_bw="26" op_1_bw="26">
<![CDATA[
:6  %acc = mul i26 %tmp_cast, -378

]]></node>
<StgValue><ssdm name="acc"/></StgValue>
</operation>
</state>

<state id="4" st_id="4">

<operation id="13" st_id="4" stage="1" lat="1">
<core>NULL</core>
<MemPortIdVec></MemPortIdVec>
<condition id="16">
<or_exp><and_exp></and_exp></or_exp>
</condition>

<node id="5" bw="0" op_0_bw="0" op_1_bw="16">
<![CDATA[
:0  call void (...)* @_ssdm_op_SpecBitsMap(i16* %y) nounwind, !map !0

]]></node>
<StgValue><ssdm name=""/></StgValue>
</operation>

<operation id="14" st_id="4" stage="1" lat="1">
<core>NULL</core>
<MemPortIdVec></MemPortIdVec>
<condition id="16">
<or_exp><and_exp></and_exp></or_exp>
</condition>

<node id="6" bw="0" op_0_bw="0" op_1_bw="16">
<![CDATA[
:1  call void (...)* @_ssdm_op_SpecBitsMap(i16 %x) nounwind, !map !6

]]></node>
<StgValue><ssdm name=""/></StgValue>
</operation>

<operation id="15" st_id="4" stage="1" lat="1">
<core>NULL</core>
<MemPortIdVec></MemPortIdVec>
<condition id="16">
<or_exp><and_exp></and_exp></or_exp>
</condition>

<node id="7" bw="0" op_0_bw="0" op_1_bw="8">
<![CDATA[
:2  call void (...)* @_ssdm_op_SpecTopModule([4 x i8]* @str) nounwind

]]></node>
<StgValue><ssdm name=""/></StgValue>
</operation>

<operation id="16" st_id="4" stage="1" lat="1">
<core>NULL</core>
<MemPortIdVec></MemPortIdVec>
<condition id="16">
<or_exp><and_exp></and_exp></or_exp>
</condition>

<node id="8" bw="16" op_0_bw="16" op_1_bw="16">
<![CDATA[
:3  %x_read = call i16 @_ssdm_op_Read.ap_auto.i16(i16 %x) nounwind

]]></node>
<StgValue><ssdm name="x_read"/></StgValue>
</operation>

<operation id="17" st_id="4" stage="1" lat="1">
<core>NULL</core>
<MemPortIdVec></MemPortIdVec>
<condition id="16">
<or_exp><and_exp></and_exp></or_exp>
</condition>

<node id="12" bw="37" op_0_bw="26">
<![CDATA[
:7  %acc_cast_cast = sext i26 %acc to i37

]]></node>
<StgValue><ssdm name="acc_cast_cast"/></StgValue>
</operation>

<operation id="18" st_id="4" stage="1" lat="1">
<core>NULL</core>
<MemPortIdVec></MemPortIdVec>
<condition id="16">
<or_exp><and_exp></and_exp></or_exp>
</condition>

<node id="13" bw="0" op_0_bw="0">
<![CDATA[
:8  br label %1

]]></node>
<StgValue><ssdm name=""/></StgValue>
</operation>
</state>

<state id="5" st_id="5">

<operation id="19" st_id="5" stage="1" lat="1">
<core>NULL</core>
<MemPortIdVec></MemPortIdVec>
<condition id="-1">
<or_exp><and_exp></and_exp></or_exp>
</condition>

<node id="16" bw="6" op_0_bw="6" op_1_bw="0">
<![CDATA[
:1  %i = phi i6 [ -7, %0 ], [ %i_1, %2 ]

]]></node>
<StgValue><ssdm name="i"/></StgValue>
</operation>

<operation id="20" st_id="5" stage="1" lat="1">
<core>Cmp</core>
<MemPortIdVec></MemPortIdVec>
<condition id="-1">
<or_exp><and_exp></and_exp></or_exp>
</condition>

<node id="18" bw="1" op_0_bw="6" op_1_bw="6">
<![CDATA[
:3  %tmp_2 = icmp eq i6 %i, 0

]]></node>
<StgValue><ssdm name="tmp_2"/></StgValue>
</operation>

<operation id="21" st_id="5" stage="1" lat="1">
<core>AddSub</core>
<MemPortIdVec></MemPortIdVec>
<condition id="0">
<or_exp><and_exp><literal name="tmp_2" val="0"/>
</and_exp></or_exp>
</condition>

<node id="25" bw="6" op_0_bw="6" op_1_bw="6">
<![CDATA[
:4  %i_1 = add i6 %i, -1

]]></node>
<StgValue><ssdm name="i_1"/></StgValue>
</operation>

<operation id="22" st_id="5" stage="1" lat="1">
<core>NULL</core>
<MemPortIdVec></MemPortIdVec>
<condition id="0">
<or_exp><and_exp><literal name="tmp_2" val="0"/>
</and_exp></or_exp>
</condition>

<node id="26" bw="64" op_0_bw="6">
<![CDATA[
:5  %tmp_9 = zext i6 %i_1 to i64

]]></node>
<StgValue><ssdm name="tmp_9"/></StgValue>
</operation>

<operation id="23" st_id="5" stage="1" lat="1">
<core>NULL</core>
<MemPortIdVec></MemPortIdVec>
<condition id="0">
<or_exp><and_exp><literal name="tmp_2" val="0"/>
</and_exp></or_exp>
</condition>

<node id="27" bw="6" op_0_bw="16" op_1_bw="64" op_2_bw="64">
<![CDATA[
:6  %shift_reg_addr = getelementptr inbounds [58 x i16]* @shift_reg, i64 0, i64 %tmp_9

]]></node>
<StgValue><ssdm name="shift_reg_addr"/></StgValue>
</operation>

<operation id="24" st_id="5" stage="2" lat="2">
<core>RAM</core>
<MemPortIdVec></MemPortIdVec>
<condition id="0">
<or_exp><and_exp><literal name="tmp_2" val="0"/>
</and_exp></or_exp>
</condition>

<node id="28" bw="16" op_0_bw="6">
<![CDATA[
:7  %shift_reg_load_1 = load i16* %shift_reg_addr, align 2

]]></node>
<StgValue><ssdm name="shift_reg_load_1"/></StgValue>
</operation>

<operation id="25" st_id="5" stage="1" lat="1">
<core>NULL</core>
<MemPortIdVec></MemPortIdVec>
<condition id="0">
<or_exp><and_exp><literal name="tmp_2" val="0"/>
</and_exp></or_exp>
</condition>

<node id="30" bw="64" op_0_bw="6">
<![CDATA[
:9  %tmp_1 = zext i6 %i to i64

]]></node>
<StgValue><ssdm name="tmp_1"/></StgValue>
</operation>

<operation id="26" st_id="5" stage="1" lat="1">
<core>NULL</core>
<MemPortIdVec></MemPortIdVec>
<condition id="0">
<or_exp><and_exp><literal name="tmp_2" val="0"/>
</and_exp></or_exp>
</condition>

<node id="31" bw="6" op_0_bw="16" op_1_bw="64" op_2_bw="64">
<![CDATA[
:10  %c_addr = getelementptr inbounds [59 x i16]* @c, i64 0, i64 %tmp_1

]]></node>
<StgValue><ssdm name="c_addr"/></StgValue>
</operation>

<operation id="27" st_id="5" stage="2" lat="2">
<core>ROM_nP</core>
<MemPortIdVec></MemPortIdVec>
<condition id="0">
<or_exp><and_exp><literal name="tmp_2" val="0"/>
</and_exp></or_exp>
</condition>

<node id="32" bw="16" op_0_bw="6">
<![CDATA[
:11  %c_load = load i16* %c_addr, align 2

]]></node>
<StgValue><ssdm name="c_load"/></StgValue>
</operation>
</state>

<state id="6" st_id="6">

<operation id="28" st_id="6" stage="1" lat="2">
<core>RAM</core>
<MemPortIdVec></MemPortIdVec>
<condition id="0">
<or_exp><and_exp><literal name="tmp_2" val="0"/>
</and_exp></or_exp>
</condition>

<node id="28" bw="16" op_0_bw="6">
<![CDATA[
:7  %shift_reg_load_1 = load i16* %shift_reg_addr, align 2

]]></node>
<StgValue><ssdm name="shift_reg_load_1"/></StgValue>
</operation>

<operation id="29" st_id="6" stage="1" lat="2">
<core>ROM_nP</core>
<MemPortIdVec></MemPortIdVec>
<condition id="0">
<or_exp><and_exp><literal name="tmp_2" val="0"/>
</and_exp></or_exp>
</condition>

<node id="32" bw="16" op_0_bw="6">
<![CDATA[
:11  %c_load = load i16* %c_addr, align 2

]]></node>
<StgValue><ssdm name="c_load"/></StgValue>
</operation>

<operation id="30" st_id="6" stage="1" lat="1">
<core>NULL</core>
<MemPortIdVec></MemPortIdVec>
<condition id="0">
<or_exp><and_exp><literal name="tmp_2" val="0"/>
</and_exp></or_exp>
</condition>

<node id="37" bw="6" op_0_bw="16" op_1_bw="64" op_2_bw="64">
<![CDATA[
:16  %shift_reg_addr_1 = getelementptr inbounds [58 x i16]* @shift_reg, i64 0, i64 %tmp_1

]]></node>
<StgValue><ssdm name="shift_reg_addr_1"/></StgValue>
</operation>

<operation id="31" st_id="6" stage="1" lat="1">
<core>RAM</core>
<MemPortIdVec></MemPortIdVec>
<condition id="0">
<or_exp><and_exp><literal name="tmp_2" val="0"/>
</and_exp></or_exp>
</condition>

<node id="38" bw="0" op_0_bw="16" op_1_bw="6">
<![CDATA[
:17  store i16 %shift_reg_load_1, i16* %shift_reg_addr_1, align 2

]]></node>
<StgValue><ssdm name=""/></StgValue>
</operation>
</state>

<state id="7" st_id="7">

<operation id="32" st_id="7" stage="1" lat="1">
<core>NULL</core>
<MemPortIdVec></MemPortIdVec>
<condition id="-1">
<or_exp><and_exp></and_exp></or_exp>
</condition>

<node id="15" bw="37" op_0_bw="37" op_1_bw="0">
<![CDATA[
:0  %acc1 = phi i37 [ %acc_cast_cast, %0 ], [ %acc_2, %2 ]

]]></node>
<StgValue><ssdm name="acc1"/></StgValue>
</operation>

<operation id="33" st_id="7" stage="1" lat="1">
<core>NULL</core>
<MemPortIdVec></MemPortIdVec>
<condition id="-1">
<or_exp><and_exp></and_exp></or_exp>
</condition>

<node id="17" bw="31" op_0_bw="37">
<![CDATA[
:2  %tmp = trunc i37 %acc1 to i31

]]></node>
<StgValue><ssdm name="tmp"/></StgValue>
</operation>

<operation id="34" st_id="7" stage="1" lat="1">
<core>NULL</core>
<MemPortIdVec></MemPortIdVec>
<condition id="-1">
<or_exp><and_exp></and_exp></or_exp>
</condition>

<node id="19" bw="0" op_0_bw="1" op_1_bw="0" op_2_bw="0">
<![CDATA[
:4  br i1 %tmp_2, label %3, label %2

]]></node>
<StgValue><ssdm name=""/></StgValue>
</operation>

<operation id="35" st_id="7" stage="1" lat="1">
<core>NULL</core>
<MemPortIdVec></MemPortIdVec>
<condition id="0">
<or_exp><and_exp><literal name="tmp_2" val="0"/>
</and_exp></or_exp>
</condition>

<node id="21" bw="32" op_0_bw="32" op_1_bw="64" op_2_bw="64" op_3_bw="64">
<![CDATA[
:0  %empty = call i32 (...)* @_ssdm_op_SpecLoopTripCount(i64 57, i64 57, i64 57) nounwind

]]></node>
<StgValue><ssdm name="empty"/></StgValue>
</operation>

<operation id="36" st_id="7" stage="1" lat="1">
<core>NULL</core>
<MemPortIdVec></MemPortIdVec>
<condition id="0">
<or_exp><and_exp><literal name="tmp_2" val="0"/>
</and_exp></or_exp>
</condition>

<node id="22" bw="0" op_0_bw="0" op_1_bw="8">
<![CDATA[
:1  call void (...)* @_ssdm_op_SpecLoopName([5 x i8]* @p_str) nounwind

]]></node>
<StgValue><ssdm name=""/></StgValue>
</operation>

<operation id="37" st_id="7" stage="1" lat="1">
<core>NULL</core>
<MemPortIdVec></MemPortIdVec>
<condition id="0">
<or_exp><and_exp><literal name="tmp_2" val="0"/>
</and_exp></or_exp>
</condition>

<node id="23" bw="32" op_0_bw="32" op_1_bw="8">
<![CDATA[
:2  %tmp_s = call i32 (...)* @_ssdm_op_SpecRegionBegin([5 x i8]* @p_str) nounwind

]]></node>
<StgValue><ssdm name="tmp_s"/></StgValue>
</operation>

<operation id="38" st_id="7" stage="1" lat="1">
<core>NULL</core>
<MemPortIdVec></MemPortIdVec>
<condition id="0">
<or_exp><and_exp><literal name="tmp_2" val="0"/>
</and_exp></or_exp>
</condition>

<node id="24" bw="0" op_0_bw="0" op_1_bw="32" op_2_bw="32" op_3_bw="32" op_4_bw="8">
<![CDATA[
:3  call void (...)* @_ssdm_op_SpecPipeline(i32 1, i32 1, i32 1, [1 x i8]* @p_str1) nounwind

]]></node>
<StgValue><ssdm name=""/></StgValue>
</operation>

<operation id="39" st_id="7" stage="1" lat="1">
<core>NULL</core>
<MemPortIdVec></MemPortIdVec>
<condition id="0">
<or_exp><and_exp><literal name="tmp_2" val="0"/>
</and_exp></or_exp>
</condition>

<node id="29" bw="32" op_0_bw="16">
<![CDATA[
:8  %tmp_cast_4 = sext i16 %shift_reg_load_1 to i32

]]></node>
<StgValue><ssdm name="tmp_cast_4"/></StgValue>
</operation>

<operation id="40" st_id="7" stage="1" lat="1">
<core>NULL</core>
<MemPortIdVec></MemPortIdVec>
<condition id="0">
<or_exp><and_exp><literal name="tmp_2" val="0"/>
</and_exp></or_exp>
</condition>

<node id="33" bw="32" op_0_bw="16">
<![CDATA[
:12  %tmp_5_cast = sext i16 %c_load to i32

]]></node>
<StgValue><ssdm name="tmp_5_cast"/></StgValue>
</operation>

<operation id="41" st_id="7" stage="1" lat="1">
<core>Mul</core>
<MemPortIdVec></MemPortIdVec>
<condition id="0">
<or_exp><and_exp><literal name="tmp_2" val="0"/>
</and_exp></or_exp>
</condition>

<node id="34" bw="32" op_0_bw="32" op_1_bw="32">
<![CDATA[
:13  %tmp_8 = mul i32 %tmp_5_cast, %tmp_cast_4

]]></node>
<StgValue><ssdm name="tmp_8"/></StgValue>
</operation>

<operation id="42" st_id="7" stage="1" lat="1">
<core>NULL</core>
<MemPortIdVec></MemPortIdVec>
<condition id="0">
<or_exp><and_exp><literal name="tmp_2" val="0"/>
</and_exp></or_exp>
</condition>

<node id="35" bw="37" op_0_bw="32">
<![CDATA[
:14  %tmp_8_cast = sext i32 %tmp_8 to i37

]]></node>
<StgValue><ssdm name="tmp_8_cast"/></StgValue>
</operation>

<operation id="43" st_id="7" stage="1" lat="1">
<core>AddSub</core>
<MemPortIdVec></MemPortIdVec>
<condition id="0">
<or_exp><and_exp><literal name="tmp_2" val="0"/>
</and_exp></or_exp>
</condition>

<node id="36" bw="37" op_0_bw="37" op_1_bw="37">
<![CDATA[
:15  %acc_2 = add i37 %tmp_8_cast, %acc1

]]></node>
<StgValue><ssdm name="acc_2"/></StgValue>
</operation>

<operation id="44" st_id="7" stage="1" lat="1">
<core>NULL</core>
<MemPortIdVec></MemPortIdVec>
<condition id="0">
<or_exp><and_exp><literal name="tmp_2" val="0"/>
</and_exp></or_exp>
</condition>

<node id="39" bw="32" op_0_bw="32" op_1_bw="8" op_2_bw="32">
<![CDATA[
:18  %empty_5 = call i32 (...)* @_ssdm_op_SpecRegionEnd([5 x i8]* @p_str, i32 %tmp_s) nounwind

]]></node>
<StgValue><ssdm name="empty_5"/></StgValue>
</operation>

<operation id="45" st_id="7" stage="1" lat="1">
<core>NULL</core>
<MemPortIdVec></MemPortIdVec>
<condition id="0">
<or_exp><and_exp><literal name="tmp_2" val="0"/>
</and_exp></or_exp>
</condition>

<node id="40" bw="0" op_0_bw="0">
<![CDATA[
:19  br label %1

]]></node>
<StgValue><ssdm name=""/></StgValue>
</operation>
</state>

<state id="8" st_id="8">

<operation id="46" st_id="8" stage="1" lat="1">
<core>NULL</core>
<MemPortIdVec></MemPortIdVec>
<condition id="17">
<or_exp><and_exp></and_exp></or_exp>
</condition>

<node id="42" bw="26" op_0_bw="16">
<![CDATA[
:0  %tmp_3_cast = sext i16 %x_read to i26

]]></node>
<StgValue><ssdm name="tmp_3_cast"/></StgValue>
</operation>

<operation id="47" st_id="8" stage="1" lat="1">
<core>Mul</core>
<MemPortIdVec></MemPortIdVec>
<condition id="17">
<or_exp><and_exp></and_exp></or_exp>
</condition>

<node id="43" bw="26" op_0_bw="26" op_1_bw="26">
<![CDATA[
:1  %tmp_4 = mul i26 %tmp_3_cast, -378

]]></node>
<StgValue><ssdm name="tmp_4"/></StgValue>
</operation>

<operation id="48" st_id="8" stage="1" lat="1">
<core>NULL</core>
<MemPortIdVec></MemPortIdVec>
<condition id="17">
<or_exp><and_exp></and_exp></or_exp>
</condition>

<node id="44" bw="31" op_0_bw="26">
<![CDATA[
:2  %tmp_4_cast = sext i26 %tmp_4 to i31

]]></node>
<StgValue><ssdm name="tmp_4_cast"/></StgValue>
</operation>

<operation id="49" st_id="8" stage="1" lat="1">
<core>AddSub</core>
<MemPortIdVec></MemPortIdVec>
<condition id="17">
<or_exp><and_exp></and_exp></or_exp>
</condition>

<node id="45" bw="31" op_0_bw="31" op_1_bw="31">
<![CDATA[
:3  %acc_1 = add i31 %tmp, %tmp_4_cast

]]></node>
<StgValue><ssdm name="acc_1"/></StgValue>
</operation>

<operation id="50" st_id="8" stage="1" lat="1">
<core>RAM</core>
<MemPortIdVec></MemPortIdVec>
<condition id="17">
<or_exp><and_exp></and_exp></or_exp>
</condition>

<node id="46" bw="0" op_0_bw="16" op_1_bw="16">
<![CDATA[
:4  store i16 %x_read, i16* getelementptr inbounds ([58 x i16]* @shift_reg, i64 0, i64 0), align 16

]]></node>
<StgValue><ssdm name=""/></StgValue>
</operation>

<operation id="51" st_id="8" stage="1" lat="1">
<core>NULL</core>
<MemPortIdVec></MemPortIdVec>
<condition id="17">
<or_exp><and_exp></and_exp></or_exp>
</condition>

<node id="47" bw="16" op_0_bw="16" op_1_bw="31" op_2_bw="32" op_3_bw="32">
<![CDATA[
:5  %tmp_7 = call i16 @_ssdm_op_PartSelect.i16.i31.i32.i32(i31 %acc_1, i32 15, i32 30)

]]></node>
<StgValue><ssdm name="tmp_7"/></StgValue>
</operation>

<operation id="52" st_id="8" stage="1" lat="1">
<core>NULL</core>
<MemPortIdVec></MemPortIdVec>
<condition id="17">
<or_exp><and_exp></and_exp></or_exp>
</condition>

<node id="48" bw="0" op_0_bw="0" op_1_bw="16" op_2_bw="16">
<![CDATA[
:6  call void @_ssdm_op_Write.ap_auto.i16P(i16* %y, i16 %tmp_7) nounwind

]]></node>
<StgValue><ssdm name=""/></StgValue>
</operation>

<operation id="53" st_id="8" stage="1" lat="1">
<core>NULL</core>
<MemPortIdVec></MemPortIdVec>
<condition id="17">
<or_exp><and_exp></and_exp></or_exp>
</condition>

<node id="49" bw="0">
<![CDATA[
:7  ret void

]]></node>
<StgValue><ssdm name=""/></StgValue>
</operation>
</state>
</state_list>


<ports>
</ports>


<dataflows>
</dataflows>


</stg>
