<profile>

<section name = "Vivado HLS Report for 'fir'" level="0">
<item name = "Date">Tue May 13 13:58:44 2014
</item>
<item name = "Version">2013.3 (build date: Wed Oct 16 18:12:55 PM 2013)</item>
<item name = "Project">HLS_FIR</item>
<item name = "Solution">solution1</item>
<item name = "Product family">artix7 artix7_fpv6 </item>
<item name = "Target device">xc7a100tcsg324-1</item>
</section>

<section name = "Performance Estimates" level="0">
<item name = "Timing (ns)">
<section name = "" level="1">
<item name = "Summary"><table name="" hasTotal="0">
<keys size="4">Clock, Target, Estimated, Uncertainty</keys>
<column name="default">10.00, 7.18, 1.25</column>
</table>
</item>
</section>
</item>
<item name = "Latency (clock cycles)">
<section name = "" level="1">
<item name = "Summary"><table name="" hasTotal="0">
<keys size="6">, min, max, min, max, Type</keys>
<column name="">64, 64, 65, 65, none</column>
</table>
</item>
<item name = "Detail">
<section name = "" level="1">
<item name = "Instance"><table name="" hasTotal="0">
<keys size="7">Instance, Module, min, max, min, max, Type</keys>
</table>
</item>
<item name = "Loop"><table name="" hasTotal="0">
<keys size="8">Loop Name, min, max, Latency, achieved, target, Count, Pipelined</keys>
<column name="- loop">59, 59, 3, 1, 1, 57, yes</column>
</table>
</item>
</section>
</item>
</section>
</item>
</section>

<section name = "Utilization Estimates" level="0">
<item name = "Summary"><table name="" hasTotal="1">
<keys size="5">Name, BRAM_18K, DSP48E, FF, LUT</keys>
<column name="Expression">-, 3, 0, 11</column>
<column name="FIFO">-, -, -, -</column>
<column name="Instance">-, -, -, -</column>
<column name="Memory">2, -, 0, 0</column>
<column name="Multiplexer">-, -, -, 55</column>
<column name="Register">-, -, 151, -</column>
<column name="ShiftMemory">-, -, -, -</column>
<specialColumn name="Available">270, 240, 126800, 63400</specialColumn>
<specialColumn name="Utilization (%)">~0, 1, ~0, ~0</specialColumn>
</table>
</item>
<item name = "Detail">
<section name = "" level="1">
<item name = "Instance"><table name="" hasTotal="1">
<keys size="6">Instance, Module, BRAM_18K, DSP48E, FF, LUT</keys>
</table>
</item>
<item name = "Memory"><table name="" hasTotal="1">
<keys size="7">Memory, Module, BRAM_18K, Words, Bits, Banks, W*Bits*Banks</keys>
<column name="c_U">fir_c, 1, 59, 16, 1, 944</column>
<column name="shift_reg_U">fir_shift_reg, 1, 58, 16, 1, 928</column>
</table>
</item>
<item name = "FIFO"><table name="" hasTotal="1">
<keys size="7">Name, BRAM_18K, FF, LUT, Depth, Bits, Size:D*B</keys>
</table>
</item>
<item name = "Shift register"><table name="" hasTotal="1">
<keys size="5">Name, FF, LUT, Bits, Const Bits</keys>
</table>
</item>
<item name = "Expression"><table name="" hasTotal="1">
<keys size="7">Variable Name, Operation, DSP48E, FF, LUT, Bitwidth P0, Bitwidth P1</keys>
<column name="acc_fu_136_p2">*, 1, 0, 0, 16, 10</column>
<column name="tmp_4_fu_197_p2">*, 1, 0, 0, 16, 10</column>
<column name="tmp_8_fu_178_p2">*, 1, 0, 0, 16, 16</column>
<column name="i_1_fu_151_p2">+, 0, 0, 6, 6, 2</column>
<column name="tmp_2_fu_145_p2">icmp, 0, 0, 5, 6, 1</column>
</table>
</item>
<item name = "Multiplexer"><table name="" hasTotal="1">
<keys size="5">Name, LUT, Input Size, Bits, Total Bits</keys>
<column name="acc1_reg_118">37, 2, 37, 74</column>
<column name="i_phi_fu_111_p4">6, 2, 6, 12</column>
<column name="i_reg_107">6, 2, 6, 12</column>
<column name="shift_reg_address0">6, 4, 6, 24</column>
</table>
</item>
<item name = "Register"><table name="" hasTotal="1">
<keys size="4">Name, FF, Bits, Const Bits</keys>
<column name="acc1_reg_118">37, 37, 0</column>
<column name="acc_reg_223">25, 26, 1</column>
<column name="ap_CS_fsm">3, 3, 0</column>
<column name="ap_reg_ppiten_pp0_it0">1, 1, 0</column>
<column name="ap_reg_ppiten_pp0_it1">1, 1, 0</column>
<column name="ap_reg_ppiten_pp0_it2">1, 1, 0</column>
<column name="ap_reg_ppstg_tmp_2_reg_239_pp0_it1">1, 1, 0</column>
<column name="c_load_reg_263">16, 16, 0</column>
<column name="i_1_reg_243">6, 6, 0</column>
<column name="i_reg_107">6, 6, 0</column>
<column name="reg_128">16, 16, 0</column>
<column name="tmp_1_reg_253">6, 64, 58</column>
<column name="tmp_2_reg_239">1, 1, 0</column>
<column name="tmp_reg_268">31, 31, 0</column>
</table>
</item>
</section>
</item>
</section>

<section name = "Interface" level="0">
<item name = "Summary"><table name="" hasTotal="0">
<keys size="6">RTL Ports, Dir, Bits, Protocol, Source Object, C Type</keys>
<column name="ap_clk">in, 1, ap_ctrl_hs, fir, return value</column>
<column name="ap_rst">in, 1, ap_ctrl_hs, fir, return value</column>
<column name="ap_start">in, 1, ap_ctrl_hs, fir, return value</column>
<column name="ap_done">out, 1, ap_ctrl_hs, fir, return value</column>
<column name="ap_idle">out, 1, ap_ctrl_hs, fir, return value</column>
<column name="ap_ready">out, 1, ap_ctrl_hs, fir, return value</column>
<column name="y">out, 16, ap_vld, y, pointer</column>
<column name="y_ap_vld">out, 1, ap_vld, y, pointer</column>
<column name="x">in, 16, ap_none, x, scalar</column>
</table>
</item>
</section>
</profile>
