<stg><name>fir</name>


<trans_list>

<trans id="54" from="1" to="2">
<condition id="18">
<or_exp><and_exp></and_exp></or_exp>
</condition>
</trans>

<trans id="55" from="2" to="3">
<condition id="19">
<or_exp><and_exp></and_exp></or_exp>
</condition>
</trans>

<trans id="56" from="3" to="4">
<condition id="20">
<or_exp><and_exp></and_exp></or_exp>
</condition>
</trans>

<trans id="57" from="4" to="5">
<condition id="22">
<or_exp><and_exp></and_exp></or_exp>
</condition>
</trans>

<trans id="65" from="5" to="6">
<condition id="31">
<or_exp><and_exp></and_exp></or_exp>
</condition>
</trans>

<trans id="66" from="6" to="7">
<condition id="32">
<or_exp><and_exp></and_exp></or_exp>
</condition>
</trans>

<trans id="67" from="7" to="8">
<condition id="33">
<or_exp><and_exp><literal name="tmp_2" val="1"/>
</and_exp></or_exp>
</condition>
</trans>

<trans id="68" from="7" to="5">
<condition id="34">
<or_exp><and_exp><literal name="tmp_2" val="0"/>
</and_exp></or_exp>
</condition>
</trans>
</trans_list>



<state_list>

<state id="1" st_id="1">

<operation id="9" st_id="1" stage="2" lat="2">
<core>RAM</core>
<MemPortIdVec>0 </MemPortIdVec>
<condition id="13">
<or_exp><and_exp></and_exp></or_exp>
</condition>

<node id="9" bw="16" op_0_bw="16">
<![CDATA[
:4  %shift_reg_load = load i16* getelementptr inbounds ([58 x i16]* @shift_reg, i64 0, i64 57), align 2

]]></node>
<StgValue><ssdm name="shift_reg_load"/></StgValue>
</operation>
</state>

<state id="2" st_id="2">

<operation id="10" st_id="2" stage="1" lat="2">
<core>RAM</core>
<MemPortIdVec>0 </MemPortIdVec>
<condition id="14">
<or_exp><and_exp></and_exp></or_exp>
</condition>

<node id="9" bw="16" op_0_bw="16">
<![CDATA[
:4  %shift_reg_load = load i16* getelementptr inbounds ([58 x i16]* @shift_reg, i64 0, i64 57), align 2

]]></node>
<StgValue><ssdm name="shift_reg_load"/></StgValue>
</operation>
</state>

<state id="3" st_id="3">

<operation id="11" st_id="3" stage="1" lat="1">
<core>NULL</core>
<MemPortIdVec></MemPortIdVec>
<condition id="15">
<or_exp><and_exp></and_exp></or_exp>
</condition>

<node id="10" bw="26" op_0_bw="16">
<![CDATA[
:5  %tmp_cast = sext i16 %shift_reg_load to i26

]]></node>
<StgValue><ssdm name="tmp_cast"/></StgValue>
</operation>

<operation id="12" st_id="3" stage="1" lat="1">
<core>Mul</core>
<MemPortIdVec></MemPortIdVec>
<condition id="15">
<or_exp><and_exp></and_exp></or_exp>
</condition>

<node id="11" bw="26" op_0_bw="26" op_1_bw="26">
<![CDATA[
:6  %acc = mul i26 %tmp_cast, -378

]]></node>
<StgValue><ssdm name="acc"/></StgValue>
</operation>
</state>

<state id="4" st_id="4">

<operation id="13" st_id="4" stage="1" lat="1">
<core>NULL</core>
<MemPortIdVec></MemPortIdVec>
<condition id="16">
<or_exp><and_exp></and_exp></or_exp>
</condition>

<node id="5" bw="0" op_0_bw="0" op_1_bw="16">
<![CDATA[
:0  call void (...)* @_ssdm_op_SpecBitsMap(i16* %y) nounwind, !map !0

]]></node>
<StgValue><ssdm name=""/></StgValue>
</operation>

<operation id="14" st_id="4" stage="1" lat="1">
<core>NULL</core>
<MemPortIdVec></MemPortIdVec>
<condition id="16">
<or_exp><and_exp></and_exp></or_exp>
</condition>

<node id="6" bw="0" op_0_bw="0" op_1_bw="16">
<![CDATA[
:1  call void (...)* @_ssdm_op_SpecBitsMap(i16 %x) nounwind, !map !6

]]></node>
<StgValue><ssdm name=""/></StgValue>
</operation>

<operation id="15" st_id="4" stage="1" lat="1">
<core>NULL</core>
<MemPortIdVec></MemPortIdVec>
<condition id="16">
<or_exp><and_exp></and_exp></or_exp>
</condition>

<node id="7" bw="0" op_0_bw="0" op_1_bw="8">
<![CDATA[
:2  call void (...)* @_ssdm_op_SpecTopModule([4 x i8]* @str) nounwind

]]></node>
<StgValue><ssdm name=""/></StgValue>
</operation>

<operation id="16" st_id="4" stage="1" lat="1">
<core>NULL</core>
<MemPortIdVec></MemPortIdVec>
<condition id="16">
<or_exp><and_exp></and_exp></or_exp>
</condition>

<node id="8" bw="16" op_0_bw="16" op_1_bw="16">
<![CDATA[
:3  %x_read = call i16 @_ssdm_op_Read.ap_auto.i16(i16 %x) nounwind

]]></node>
<StgValue><ssdm name="x_read"/></StgValue>
</operation>

<operation id="17" st_id="4" stage="1" lat="1">
<core>NULL</core>
<MemPortIdVec></MemPortIdVec>
<condition id="16">
<or_exp><and_exp></and_exp></or_exp>
</condition>

<node id="12" bw="37" op_0_bw="26">
<![CDATA[
:7  %acc_cast_cast = sext i26 %acc to i37

]]></node>
<StgValue><ssdm name="acc_cast_cast"/></StgValue>
</operation>

<operation id="18" st_id="4" stage="1" lat="1">
<core>NULL</core>
<MemPortIdVec></MemPortIdVec>
<condition id="16">
<or_exp><and_exp></and_exp></or_exp>
</condition>

<node id="13" bw="0" op_0_bw="0">
<![CDATA[
:8  br label %1

]]></node>
<StgValue><ssdm name=""/></StgValue>
</operation>
</state>

<state id="5" st_id="5">

<operation id="19" st_id="5" stage="1" lat="1">
<core>NULL</core>
<MemPortIdVec></MemPortIdVec>
<condition id="-1">
<or_exp><and_exp></and_exp></or_exp>
</condition>

<node id="16" bw="6" op_0_bw="6" op_1_bw="0">
<![CDATA[
:1  %i = phi i6 [ -7, %0 ], [ %i_1, %2 ]

]]></node>
<StgValue><ssdm name="i"/></StgValue>
</operation>

<operation id="20" st_id="5" stage="1" lat="1">
<core>Cmp</core>
<MemPortIdVec></MemPortIdVec>
<condition id="-1">
<or_exp><and_exp></and_exp></or_exp>
</condition>

<node id="18" bw="1" op_0_bw="6" op_1_bw="6">
<![CDATA[
:3  %tmp_2 = icmp eq i6 %i, 0

]]></node>
<StgValue><ssdm name="tmp_2"/></StgValue>
</operation>

<operation id="21" st_id="5" stage="1" lat="1">
<core>AddSub</core>
<MemPortIdVec></MemPortIdVec>
<condition id="0">
<or_exp><and_exp><literal name="tmp_2" val="0"/>
</and_exp></or_exp>
</condition>

<node id="25" bw="6" op_0_bw="6" op_1_bw="6">
<![CDATA[
:4  %i_1 = add i6 %i, -1

]]></node>
<StgValue><ssdm name="i_1"/></StgValue>
</operation>

<operation id="22" st_id="5" stage="1" lat="1">
<core>NULL</core>
<MemPortIdVec></MemPortIdVec>
<condition id="0">
<or_exp><and_exp><literal name="tmp_2" val="0"/>
</and_exp></or_exp>
</condition>

<node id="26" bw="64" op_0_bw="6">
<![CDATA[
:5  %tmp_9 = zext i6 %i_1 to i64

]]></node>
<StgValue><ssdm name="tmp_9"/></StgValue>
</operation>

<operation id="23" st_id="5" stage="1" lat="1">
<core>NULL</core>
<MemPortIdVec></MemPortIdVec>
<condition id="0">
<or_exp><and_exp><literal name="tmp_2" val="0"/>
</and_exp></or_exp>
</condition>

<node id="27" bw="6" op_0_bw="16" op_1_bw="64" op_2_bw="64">
<![CDATA[
:6  %shift_reg_addr = getelementptr inbounds [58 x i16]* @shift_reg, i64 0, i64 %tmp_9

]]></node>
<StgValue><ssdm name="shift_reg_addr"/></StgValue>
</operation>

<operation id="24" st_id="5" stage="2" lat="2">
<core>RAM</core>
<MemPortIdVec>0 </MemPortIdVec>
<condition id="0">
<or_exp><and_exp><literal name="tmp_2" val="0"/>
</and_exp></or_exp>
</condition>

<node id="28" bw="16" op_0_bw="6">
<![CDATA[
:7  %shift_reg_load_1 = load i16* %shift_reg_addr, align 2

]]></node>
<StgValue><ssdm name="shift_reg_load_1"/></StgValue>
</operation>

<operation id="25" st_id="5" stage="1" lat="1">
<core>NULL</core>
<MemPortIdVec></MemPortIdVec>
<condition id="0">
<or_exp><and_exp><literal name="tmp_2" val="0"/>
</and_exp></or_exp>
</condition>

<node id="30" bw="64" op_0_bw="6">
<![CDATA[
:9  %tmp_1 = zext i6 %i to i64

]]></node>
<StgValue><ssdm name="tmp_1"/></StgValue>
</operation>

<operation id="26" st_id="5" stage="1" lat="1">
<core>NULL</core>
<MemPortIdVec></MemPortIdVec>
<condition id="0">
<or_exp><and_exp><literal name="tmp_2" val="0"/>
</and_exp></or_exp>
</condition>

<node id="31" bw="6" op_0_bw="16" op_1_bw="64" op_2_bw="64">
<![CDATA[
:10  %c_addr = getelementptr inbounds [59 x i16]* @c, i64 0, i64 %tmp_1

]]></node>
<StgValue><ssdm name="c_addr"/></StgValue>
</operation>

<operation id="27" st_id="5" stage="2" lat="2">
<core>ROM_nP</core>
<MemPortIdVec>0 </MemPortIdVec>
<condition id="0">
<or_exp><and_exp><literal name="tmp_2" val="0"/>
</and_exp></or_exp>
</condition>

<node id="32" bw="16" op_0_bw="6">
<![CDATA[
:11  %c_load = load i16* %c_addr, align 2

]]></node>
<StgValue><ssdm name="c_load"/></StgValue>
</operation>
</state>

<state id="6" st_id="6">

<operation id="28" st_id="6" stage="1" lat="2">
<core>RAM</core>
<MemPortIdVec>0 </MemPortIdVec>
<condition id="0">
<or_exp><and_exp><literal name="tmp_2" val="0"/>
</and_exp></or_exp>
</condition>

<node id="28" bw="16" op_0_bw="6">
<![CDATA[
:7  %shift_reg_load_1 = load i16* %shift_reg_addr, align 2

]]></node>
<StgValue><ssdm name="shift_reg_load_1"/></StgValue>
</operation>

<operation id="29" st_id="6" stage="1" lat="2">
<core>ROM_nP</core>
<MemPortIdVec>0 </MemPortIdVec>
<condition id="0">
<or_exp><and_exp><literal name="tmp_2" val="0"/>
</and_exp></or_exp>
</condition>

<node id="32" bw="16" op_0_bw="6">
<![CDATA[
:11  %c_load = load i16* %c_addr, align 2

]]></node>
<StgValue><ssdm name="c_load"/></StgValue>
</operation>

<operation id="30" st_id="6" stage="1" lat="1">
<core>NULL</core>
<MemPortIdVec></MemPortIdVec>
<condition id="0">
<or_exp><and_exp><literal name="tmp_2" val="0"/>
</and_exp></or_exp>
</condition>

<node id="37" bw="6" op_0_bw="16" op_1_bw="64" op_2_bw="64">
<![CDATA[
:16  %shift_reg_addr_1 = getelementptr inbounds [58 x i16]* @shift_reg, i64 0, i64 %tmp_1

]]></node>
<StgValue><ssdm name="shift_reg_addr_1"/></StgValue>
</operation>

<operation id="31" st_id="6" stage="1" lat="1">
<core>RAM</core>
<MemPortIdVec>1 </MemPortIdVec>
<condition id="0">
<or_exp><and_exp><literal name="tmp_2" val="0"/>
</and_exp></or_exp>
</condition>

<node id="38" bw="0" op_0_bw="16" op_1_bw="6">
<![CDATA[
:17  store i16 %shift_reg_load_1, i16* %shift_reg_addr_1, align 2

]]></node>
<StgValue><ssdm name=""/></StgValue>
</operation>
</state>

<state id="7" st_id="7">

<operation id="32" st_id="7" stage="1" lat="1">
<core>NULL</core>
<MemPortIdVec></MemPortIdVec>
<condition id="-1">
<or_exp><and_exp></and_exp></or_exp>
</condition>

<node id="15" bw="37" op_0_bw="37" op_1_bw="0">
<![CDATA[
:0  %acc1 = phi i37 [ %acc_cast_cast, %0 ], [ %acc_2, %2 ]

]]></node>
<StgValue><ssdm name="acc1"/></StgValue>
</operation>

<operation id="33" st_id="7" stage="1" lat="1">
<core>NULL</core>
<MemPortIdVec></MemPortIdVec>
<condition id="-1">
<or_exp><and_exp></and_exp></or_exp>
</condition>

<node id="17" bw="31" op_0_bw="37">
<![CDATA[
:2  %tmp = trunc i37 %acc1 to i31

]]></node>
<StgValue><ssdm name="tmp"/></StgValue>
</operation>

<operation id="34" st_id="7" stage="1" lat="1">
<core>NULL</core>
<MemPortIdVec></MemPortIdVec>
<condition id="-1">
<or_exp><and_exp></and_exp></or_exp>
</condition>

<node id="19" bw="0" op_0_bw="1" op_1_bw="0" op_2_bw="0">
<![CDATA[
:4  br i1 %tmp_2, label %3, label %2

]]></node>
<StgValue><ssdm name=""/></StgValue>
</operation>

<operation id="35" st_id="7" stage="1" lat="1">
<core>NULL</core>
<MemPortIdVec></MemPortIdVec>
<condition id="0">
<or_exp><and_exp><literal name="tmp_2" val="0"/>
</and_exp></or_exp>
</condition>

<node id="21" bw="32" op_0_bw="32" op_1_bw="64" op_2_bw="64" op_3_bw="64">
<![CDATA[
:0  %empty = call i32 (...)* @_ssdm_op_SpecLoopTripCount(i64 57, i64 57, i64 57) nounwind

]]></node>
<StgValue><ssdm name="empty"/></StgValue>
</operation>

<operation id="36" st_id="7" stage="1" lat="1">
<core>NULL</core>
<MemPortIdVec></MemPortIdVec>
<condition id="0">
<or_exp><and_exp><literal name="tmp_2" val="0"/>
</and_exp></or_exp>
</condition>

<node id="22" bw="0" op_0_bw="0" op_1_bw="8">
<![CDATA[
:1  call void (...)* @_ssdm_op_SpecLoopName([5 x i8]* @p_str) nounwind

]]></node>
<StgValue><ssdm name=""/></StgValue>
</operation>

<operation id="37" st_id="7" stage="1" lat="1">
<core>NULL</core>
<MemPortIdVec></MemPortIdVec>
<condition id="0">
<or_exp><and_exp><literal name="tmp_2" val="0"/>
</and_exp></or_exp>
</condition>

<node id="23" bw="32" op_0_bw="32" op_1_bw="8">
<![CDATA[
:2  %tmp_s = call i32 (...)* @_ssdm_op_SpecRegionBegin([5 x i8]* @p_str) nounwind

]]></node>
<StgValue><ssdm name="tmp_s"/></StgValue>
</operation>

<operation id="38" st_id="7" stage="1" lat="1">
<core>NULL</core>
<MemPortIdVec></MemPortIdVec>
<condition id="0">
<or_exp><and_exp><literal name="tmp_2" val="0"/>
</and_exp></or_exp>
</condition>

<node id="24" bw="0" op_0_bw="0" op_1_bw="32" op_2_bw="32" op_3_bw="32" op_4_bw="8">
<![CDATA[
:3  call void (...)* @_ssdm_op_SpecPipeline(i32 1, i32 1, i32 1, [1 x i8]* @p_str1) nounwind

]]></node>
<StgValue><ssdm name=""/></StgValue>
</operation>

<operation id="39" st_id="7" stage="1" lat="1">
<core>NULL</core>
<MemPortIdVec></MemPortIdVec>
<condition id="0">
<or_exp><and_exp><literal name="tmp_2" val="0"/>
</and_exp></or_exp>
</condition>

<node id="29" bw="32" op_0_bw="16">
<![CDATA[
:8  %tmp_cast_4 = sext i16 %shift_reg_load_1 to i32

]]></node>
<StgValue><ssdm name="tmp_cast_4"/></StgValue>
</operation>

<operation id="40" st_id="7" stage="1" lat="1">
<core>NULL</core>
<MemPortIdVec></MemPortIdVec>
<condition id="0">
<or_exp><and_exp><literal name="tmp_2" val="0"/>
</and_exp></or_exp>
</condition>

<node id="33" bw="32" op_0_bw="16">
<![CDATA[
:12  %tmp_5_cast = sext i16 %c_load to i32

]]></node>
<StgValue><ssdm name="tmp_5_cast"/></StgValue>
</operation>

<operation id="41" st_id="7" stage="1" lat="1">
<core>Mul</core>
<MemPortIdVec></MemPortIdVec>
<condition id="0">
<or_exp><and_exp><literal name="tmp_2" val="0"/>
</and_exp></or_exp>
</condition>

<node id="34" bw="32" op_0_bw="32" op_1_bw="32">
<![CDATA[
:13  %tmp_8 = mul i32 %tmp_5_cast, %tmp_cast_4

]]></node>
<StgValue><ssdm name="tmp_8"/></StgValue>
</operation>

<operation id="42" st_id="7" stage="1" lat="1">
<core>NULL</core>
<MemPortIdVec></MemPortIdVec>
<condition id="0">
<or_exp><and_exp><literal name="tmp_2" val="0"/>
</and_exp></or_exp>
</condition>

<node id="35" bw="37" op_0_bw="32">
<![CDATA[
:14  %tmp_8_cast = sext i32 %tmp_8 to i37

]]></node>
<StgValue><ssdm name="tmp_8_cast"/></StgValue>
</operation>

<operation id="43" st_id="7" stage="1" lat="1">
<core>AddSub</core>
<MemPortIdVec></MemPortIdVec>
<condition id="0">
<or_exp><and_exp><literal name="tmp_2" val="0"/>
</and_exp></or_exp>
</condition>

<node id="36" bw="37" op_0_bw="37" op_1_bw="37">
<![CDATA[
:15  %acc_2 = add i37 %tmp_8_cast, %acc1

]]></node>
<StgValue><ssdm name="acc_2"/></StgValue>
</operation>

<operation id="44" st_id="7" stage="1" lat="1">
<core>NULL</core>
<MemPortIdVec></MemPortIdVec>
<condition id="0">
<or_exp><and_exp><literal name="tmp_2" val="0"/>
</and_exp></or_exp>
</condition>

<node id="39" bw="32" op_0_bw="32" op_1_bw="8" op_2_bw="32">
<![CDATA[
:18  %empty_5 = call i32 (...)* @_ssdm_op_SpecRegionEnd([5 x i8]* @p_str, i32 %tmp_s) nounwind

]]></node>
<StgValue><ssdm name="empty_5"/></StgValue>
</operation>

<operation id="45" st_id="7" stage="1" lat="1">
<core>NULL</core>
<MemPortIdVec></MemPortIdVec>
<condition id="0">
<or_exp><and_exp><literal name="tmp_2" val="0"/>
</and_exp></or_exp>
</condition>

<node id="40" bw="0" op_0_bw="0">
<![CDATA[
:19  br label %1

]]></node>
<StgValue><ssdm name=""/></StgValue>
</operation>
</state>

<state id="8" st_id="8">

<operation id="46" st_id="8" stage="1" lat="1">
<core>NULL</core>
<MemPortIdVec></MemPortIdVec>
<condition id="17">
<or_exp><and_exp></and_exp></or_exp>
</condition>

<node id="42" bw="26" op_0_bw="16">
<![CDATA[
:0  %tmp_3_cast = sext i16 %x_read to i26

]]></node>
<StgValue><ssdm name="tmp_3_cast"/></StgValue>
</operation>

<operation id="47" st_id="8" stage="1" lat="1">
<core>Mul</core>
<MemPortIdVec></MemPortIdVec>
<condition id="17">
<or_exp><and_exp></and_exp></or_exp>
</condition>

<node id="43" bw="26" op_0_bw="26" op_1_bw="26">
<![CDATA[
:1  %tmp_4 = mul i26 %tmp_3_cast, -378

]]></node>
<StgValue><ssdm name="tmp_4"/></StgValue>
</operation>

<operation id="48" st_id="8" stage="1" lat="1">
<core>NULL</core>
<MemPortIdVec></MemPortIdVec>
<condition id="17">
<or_exp><and_exp></and_exp></or_exp>
</condition>

<node id="44" bw="31" op_0_bw="26">
<![CDATA[
:2  %tmp_4_cast = sext i26 %tmp_4 to i31

]]></node>
<StgValue><ssdm name="tmp_4_cast"/></StgValue>
</operation>

<operation id="49" st_id="8" stage="1" lat="1">
<core>AddSub</core>
<MemPortIdVec></MemPortIdVec>
<condition id="17">
<or_exp><and_exp></and_exp></or_exp>
</condition>

<node id="45" bw="31" op_0_bw="31" op_1_bw="31">
<![CDATA[
:3  %acc_1 = add i31 %tmp, %tmp_4_cast

]]></node>
<StgValue><ssdm name="acc_1"/></StgValue>
</operation>

<operation id="50" st_id="8" stage="1" lat="1">
<core>RAM</core>
<MemPortIdVec>0 </MemPortIdVec>
<condition id="17">
<or_exp><and_exp></and_exp></or_exp>
</condition>

<node id="46" bw="0" op_0_bw="16" op_1_bw="16">
<![CDATA[
:4  store i16 %x_read, i16* getelementptr inbounds ([58 x i16]* @shift_reg, i64 0, i64 0), align 16

]]></node>
<StgValue><ssdm name=""/></StgValue>
</operation>

<operation id="51" st_id="8" stage="1" lat="1">
<core>NULL</core>
<MemPortIdVec></MemPortIdVec>
<condition id="17">
<or_exp><and_exp></and_exp></or_exp>
</condition>

<node id="47" bw="16" op_0_bw="16" op_1_bw="31" op_2_bw="32" op_3_bw="32">
<![CDATA[
:5  %tmp_7 = call i16 @_ssdm_op_PartSelect.i16.i31.i32.i32(i31 %acc_1, i32 15, i32 30)

]]></node>
<StgValue><ssdm name="tmp_7"/></StgValue>
</operation>

<operation id="52" st_id="8" stage="1" lat="1">
<core>NULL</core>
<MemPortIdVec></MemPortIdVec>
<condition id="17">
<or_exp><and_exp></and_exp></or_exp>
</condition>

<node id="48" bw="0" op_0_bw="0" op_1_bw="16" op_2_bw="16">
<![CDATA[
:6  call void @_ssdm_op_Write.ap_auto.i16P(i16* %y, i16 %tmp_7) nounwind

]]></node>
<StgValue><ssdm name=""/></StgValue>
</operation>

<operation id="53" st_id="8" stage="1" lat="1">
<core>NULL</core>
<MemPortIdVec></MemPortIdVec>
<condition id="17">
<or_exp><and_exp></and_exp></or_exp>
</condition>

<node id="49" bw="0">
<![CDATA[
:7  ret void

]]></node>
<StgValue><ssdm name=""/></StgValue>
</operation>
</state>
</state_list>


<ports>
<port id="69" name="y" dir="1" iftype="0">
<core>NULL</core><StgValue><ssdm name="y"/></StgValue>
</port>
<port id="70" name="x" dir="0" iftype="0">
<core>NULL</core><StgValue><ssdm name="x"/></StgValue>
</port>
<port id="71" name="shift_reg" dir="2" iftype="1">
<core>RAM</core><StgValue><ssdm name="shift_reg"/><MemPortTyVec>2 0 </MemPortTyVec>
</StgValue>
</port>
<port id="72" name="c" dir="0" iftype="1">
<core>ROM_nP</core><StgValue><ssdm name="c"/><MemPortTyVec>1 </MemPortTyVec>
</StgValue>
</port>
</ports>


<dataflows>
<dataflow id="74" from="stg_73" to="shift_reg_load" fromId="73" toId="9">
</dataflow>
<dataflow id="75" from="stg_73" to="shift_reg_load" fromId="73" toId="10">
</dataflow>
<dataflow id="76" from="shift_reg_load" to="tmp_cast" fromId="10" toId="11">
</dataflow>
<dataflow id="77" from="tmp_cast" to="acc" fromId="11" toId="12">
</dataflow>
<dataflow id="79" from="stg_78" to="acc" fromId="78" toId="12">
</dataflow>
<dataflow id="81" from="_ssdm_op_SpecBitsMap" to="stg_13" fromId="80" toId="13">
</dataflow>
<dataflow id="82" from="y" to="stg_13" fromId="69" toId="13">
</dataflow>
<dataflow id="83" from="_ssdm_op_SpecBitsMap" to="stg_14" fromId="80" toId="14">
</dataflow>
<dataflow id="84" from="x" to="stg_14" fromId="70" toId="14">
</dataflow>
<dataflow id="86" from="_ssdm_op_SpecTopModule" to="stg_15" fromId="85" toId="15">
</dataflow>
<dataflow id="88" from="str" to="stg_15" fromId="87" toId="15">
</dataflow>
<dataflow id="90" from="_ssdm_op_Read.ap_auto.i16" to="x_read" fromId="89" toId="16">
</dataflow>
<dataflow id="91" from="x" to="x_read" fromId="70" toId="16">
</dataflow>
<dataflow id="92" from="acc" to="acc_cast_cast" fromId="12" toId="17">
</dataflow>
<dataflow id="94" from="stg_93" to="i" fromId="93" toId="19">
<condition id="46">
<or_exp><and_exp></and_exp></or_exp>
</condition>
</dataflow>
<dataflow id="95" from="stg_18" to="i" fromId="18" toId="19">
</dataflow>
<dataflow id="96" from="i_1" to="i" fromId="21" toId="19">
<BackEdge/>
<condition id="47">
<or_exp><and_exp><literal name="tmp_2" val="0"/>
</and_exp></or_exp>
</condition>
</dataflow>
<dataflow id="97" from="stg_45" to="i" fromId="45" toId="19">
<BackEdge/>
</dataflow>
<dataflow id="98" from="i" to="tmp_2" fromId="19" toId="20">
</dataflow>
<dataflow id="100" from="stg_99" to="tmp_2" fromId="99" toId="20">
</dataflow>
<dataflow id="101" from="i" to="i_1" fromId="19" toId="21">
</dataflow>
<dataflow id="103" from="stg_102" to="i_1" fromId="102" toId="21">
</dataflow>
<dataflow id="104" from="i_1" to="tmp_9" fromId="21" toId="22">
</dataflow>
<dataflow id="105" from="shift_reg" to="shift_reg_addr" fromId="71" toId="23">
</dataflow>
<dataflow id="107" from="stg_106" to="shift_reg_addr" fromId="106" toId="23">
</dataflow>
<dataflow id="108" from="tmp_9" to="shift_reg_addr" fromId="22" toId="23">
</dataflow>
<dataflow id="109" from="shift_reg_addr" to="shift_reg_load_1" fromId="23" toId="24">
</dataflow>
<dataflow id="110" from="i" to="tmp_1" fromId="19" toId="25">
</dataflow>
<dataflow id="111" from="c" to="c_addr" fromId="72" toId="26">
</dataflow>
<dataflow id="112" from="stg_106" to="c_addr" fromId="106" toId="26">
</dataflow>
<dataflow id="113" from="tmp_1" to="c_addr" fromId="25" toId="26">
</dataflow>
<dataflow id="114" from="c_addr" to="c_load" fromId="26" toId="27">
</dataflow>
<dataflow id="115" from="shift_reg_addr" to="shift_reg_load_1" fromId="23" toId="28">
</dataflow>
<dataflow id="116" from="c_addr" to="c_load" fromId="26" toId="29">
</dataflow>
<dataflow id="117" from="shift_reg" to="shift_reg_addr_1" fromId="71" toId="30">
</dataflow>
<dataflow id="118" from="stg_106" to="shift_reg_addr_1" fromId="106" toId="30">
</dataflow>
<dataflow id="119" from="tmp_1" to="shift_reg_addr_1" fromId="25" toId="30">
</dataflow>
<dataflow id="120" from="shift_reg_load_1" to="stg_31" fromId="28" toId="31">
</dataflow>
<dataflow id="121" from="shift_reg_addr_1" to="stg_31" fromId="30" toId="31">
</dataflow>
<dataflow id="122" from="acc_cast_cast" to="acc1" fromId="17" toId="32">
<condition id="48">
<or_exp><and_exp></and_exp></or_exp>
</condition>
</dataflow>
<dataflow id="123" from="stg_18" to="acc1" fromId="18" toId="32">
</dataflow>
<dataflow id="124" from="acc_2" to="acc1" fromId="43" toId="32">
<BackEdge/>
<condition id="49">
<or_exp><and_exp><literal name="tmp_2" val="0"/>
</and_exp></or_exp>
</condition>
</dataflow>
<dataflow id="125" from="stg_45" to="acc1" fromId="45" toId="32">
<BackEdge/>
</dataflow>
<dataflow id="126" from="acc1" to="tmp" fromId="32" toId="33">
</dataflow>
<dataflow id="127" from="tmp_2" to="stg_34" fromId="20" toId="34">
</dataflow>
<dataflow id="129" from="_ssdm_op_SpecLoopTripCount" to="empty" fromId="128" toId="35">
</dataflow>
<dataflow id="131" from="stg_130" to="empty" fromId="130" toId="35">
</dataflow>
<dataflow id="132" from="stg_130" to="empty" fromId="130" toId="35">
</dataflow>
<dataflow id="133" from="stg_130" to="empty" fromId="130" toId="35">
</dataflow>
<dataflow id="135" from="_ssdm_op_SpecLoopName" to="stg_36" fromId="134" toId="36">
</dataflow>
<dataflow id="137" from="p_str" to="stg_36" fromId="136" toId="36">
</dataflow>
<dataflow id="139" from="_ssdm_op_SpecRegionBegin" to="tmp_s" fromId="138" toId="37">
</dataflow>
<dataflow id="140" from="p_str" to="tmp_s" fromId="136" toId="37">
</dataflow>
<dataflow id="142" from="_ssdm_op_SpecPipeline" to="stg_38" fromId="141" toId="38">
</dataflow>
<dataflow id="144" from="stg_143" to="stg_38" fromId="143" toId="38">
</dataflow>
<dataflow id="145" from="stg_143" to="stg_38" fromId="143" toId="38">
</dataflow>
<dataflow id="146" from="stg_143" to="stg_38" fromId="143" toId="38">
</dataflow>
<dataflow id="148" from="p_str1" to="stg_38" fromId="147" toId="38">
</dataflow>
<dataflow id="149" from="shift_reg_load_1" to="tmp_cast_4" fromId="28" toId="39">
</dataflow>
<dataflow id="150" from="c_load" to="tmp_5_cast" fromId="29" toId="40">
</dataflow>
<dataflow id="151" from="tmp_5_cast" to="tmp_8" fromId="40" toId="41">
</dataflow>
<dataflow id="152" from="tmp_cast_4" to="tmp_8" fromId="39" toId="41">
</dataflow>
<dataflow id="153" from="tmp_8" to="tmp_8_cast" fromId="41" toId="42">
</dataflow>
<dataflow id="154" from="tmp_8_cast" to="acc_2" fromId="42" toId="43">
</dataflow>
<dataflow id="155" from="acc1" to="acc_2" fromId="32" toId="43">
</dataflow>
<dataflow id="157" from="_ssdm_op_SpecRegionEnd" to="empty_5" fromId="156" toId="44">
</dataflow>
<dataflow id="158" from="p_str" to="empty_5" fromId="136" toId="44">
</dataflow>
<dataflow id="159" from="tmp_s" to="empty_5" fromId="37" toId="44">
</dataflow>
<dataflow id="160" from="x_read" to="tmp_3_cast" fromId="16" toId="46">
</dataflow>
<dataflow id="161" from="tmp_3_cast" to="tmp_4" fromId="46" toId="47">
</dataflow>
<dataflow id="162" from="stg_78" to="tmp_4" fromId="78" toId="47">
</dataflow>
<dataflow id="163" from="tmp_4" to="tmp_4_cast" fromId="47" toId="48">
</dataflow>
<dataflow id="164" from="tmp" to="acc_1" fromId="33" toId="49">
</dataflow>
<dataflow id="165" from="tmp_4_cast" to="acc_1" fromId="48" toId="49">
</dataflow>
<dataflow id="166" from="x_read" to="stg_50" fromId="16" toId="50">
</dataflow>
<dataflow id="168" from="stg_167" to="stg_50" fromId="167" toId="50">
</dataflow>
<dataflow id="170" from="_ssdm_op_PartSelect.i16.i31.i32.i32" to="tmp_7" fromId="169" toId="51">
</dataflow>
<dataflow id="171" from="acc_1" to="tmp_7" fromId="49" toId="51">
</dataflow>
<dataflow id="173" from="stg_172" to="tmp_7" fromId="172" toId="51">
</dataflow>
<dataflow id="175" from="stg_174" to="tmp_7" fromId="174" toId="51">
</dataflow>
<dataflow id="177" from="_ssdm_op_Write.ap_auto.i16P" to="stg_52" fromId="176" toId="52">
</dataflow>
<dataflow id="178" from="y" to="stg_52" fromId="69" toId="52">
</dataflow>
<dataflow id="179" from="tmp_7" to="stg_52" fromId="51" toId="52">
</dataflow>
<dataflow id="180" from="tmp_2" to="stg_5" fromId="20" toId="5">
</dataflow>
<dataflow id="181" from="tmp_2" to="stg_6" fromId="20" toId="6">
</dataflow>
<dataflow id="182" from="tmp_2" to="stg_7" fromId="20" toId="7">
</dataflow>
</dataflows>


</stg>
