<stg><name>dct</name>


<trans_list>

<trans id="85" from="1" to="2">
<condition id="45">
<or_exp><and_exp></and_exp></or_exp>
</condition>
</trans>

<trans id="98" from="2" to="4">
<condition id="61">
<or_exp><and_exp><literal name="exitcond_flatten" val="1"/>
</and_exp></or_exp>
</condition>
</trans>

<trans id="99" from="2" to="3">
<condition id="63">
<or_exp><and_exp><literal name="exitcond_flatten" val="0"/>
</and_exp></or_exp>
</condition>
</trans>

<trans id="97" from="3" to="2">
<condition id="62">
<or_exp><and_exp></and_exp></or_exp>
</condition>
</trans>

<trans id="90" from="4" to="5">
<condition id="52">
<or_exp><and_exp></and_exp></or_exp>
</condition>
</trans>

<trans id="91" from="5" to="6">
<condition id="54">
<or_exp><and_exp></and_exp></or_exp>
</condition>
</trans>

<trans id="102" from="6" to="8">
<condition id="64">
<or_exp><and_exp><literal name="exitcond_flatten1" val="1"/>
</and_exp></or_exp>
</condition>
</trans>

<trans id="103" from="6" to="7">
<condition id="66">
<or_exp><and_exp><literal name="exitcond_flatten1" val="0"/>
</and_exp></or_exp>
</condition>
</trans>

<trans id="101" from="7" to="6">
<condition id="65">
<or_exp><and_exp></and_exp></or_exp>
</condition>
</trans>
</trans_list>



<state_list>

<state id="1" st_id="1">

<operation id="9" st_id="1" stage="1" lat="1">
<core>NULL</core>
<MemPortIdVec></MemPortIdVec>
<condition id="40">
<or_exp><and_exp></and_exp></or_exp>
</condition>

<node id="11" bw="0" op_0_bw="0" op_1_bw="16">
<![CDATA[
:0  call void (...)* @_ssdm_op_SpecBitsMap([64 x i16]* %input_r) nounwind, !map !0

]]></node>
<StgValue><ssdm name=""/></StgValue>
</operation>

<operation id="10" st_id="1" stage="1" lat="1">
<core>NULL</core>
<MemPortIdVec></MemPortIdVec>
<condition id="40">
<or_exp><and_exp></and_exp></or_exp>
</condition>

<node id="12" bw="0" op_0_bw="0" op_1_bw="16">
<![CDATA[
:1  call void (...)* @_ssdm_op_SpecBitsMap([64 x i16]* %output_r) nounwind, !map !6

]]></node>
<StgValue><ssdm name=""/></StgValue>
</operation>

<operation id="11" st_id="1" stage="1" lat="1">
<core>NULL</core>
<MemPortIdVec></MemPortIdVec>
<condition id="40">
<or_exp><and_exp></and_exp></or_exp>
</condition>

<node id="13" bw="0" op_0_bw="0" op_1_bw="8">
<![CDATA[
:2  call void (...)* @_ssdm_op_SpecTopModule([4 x i8]* @str) nounwind

]]></node>
<StgValue><ssdm name=""/></StgValue>
</operation>

<operation id="12" st_id="1" stage="1" lat="1">
<core>RAM</core>
<MemPortIdVec></MemPortIdVec>
<condition id="40">
<or_exp><and_exp></and_exp></or_exp>
</condition>

<node id="14" bw="16" op_0_bw="32">
<![CDATA[
:3  %buf_2d_in = alloca [64 x i16], align 2

]]></node>
<StgValue><ssdm name="buf_2d_in"/></StgValue>
</operation>

<operation id="13" st_id="1" stage="1" lat="1">
<core>RAM</core>
<MemPortIdVec></MemPortIdVec>
<condition id="40">
<or_exp><and_exp></and_exp></or_exp>
</condition>

<node id="15" bw="16" op_0_bw="32">
<![CDATA[
:4  %buf_2d_out = alloca [64 x i16], align 2

]]></node>
<StgValue><ssdm name="buf_2d_out"/></StgValue>
</operation>

<operation id="14" st_id="1" stage="1" lat="1">
<core>NULL</core>
<MemPortIdVec></MemPortIdVec>
<condition id="40">
<or_exp><and_exp></and_exp></or_exp>
</condition>

<node id="16" bw="0" op_0_bw="0">
<![CDATA[
:5  br label %1

]]></node>
<StgValue><ssdm name=""/></StgValue>
</operation>
</state>

<state id="2" st_id="2">

<operation id="15" st_id="2" stage="1" lat="1">
<core>NULL</core>
<MemPortIdVec></MemPortIdVec>
<condition id="-1">
<or_exp><and_exp></and_exp></or_exp>
</condition>

<node id="18" bw="7" op_0_bw="7" op_1_bw="0">
<![CDATA[
:0  %indvar_flatten = phi i7 [ 0, %0 ], [ %indvar_flatten_next, %.reset ]

]]></node>
<StgValue><ssdm name="indvar_flatten"/></StgValue>
</operation>

<operation id="16" st_id="2" stage="1" lat="1">
<core>NULL</core>
<MemPortIdVec></MemPortIdVec>
<condition id="-1">
<or_exp><and_exp></and_exp></or_exp>
</condition>

<node id="19" bw="4" op_0_bw="4" op_1_bw="0">
<![CDATA[
:1  %r_i = phi i4 [ 0, %0 ], [ %r_i_mid2, %.reset ]

]]></node>
<StgValue><ssdm name="r_i"/></StgValue>
</operation>

<operation id="17" st_id="2" stage="1" lat="1">
<core>NULL</core>
<MemPortIdVec></MemPortIdVec>
<condition id="-1">
<or_exp><and_exp></and_exp></or_exp>
</condition>

<node id="20" bw="4" op_0_bw="4" op_1_bw="0">
<![CDATA[
:2  %c_i = phi i4 [ 0, %0 ], [ %c, %.reset ]

]]></node>
<StgValue><ssdm name="c_i"/></StgValue>
</operation>

<operation id="18" st_id="2" stage="1" lat="1">
<core>Cmp</core>
<MemPortIdVec></MemPortIdVec>
<condition id="-1">
<or_exp><and_exp></and_exp></or_exp>
</condition>

<node id="21" bw="1" op_0_bw="7" op_1_bw="7">
<![CDATA[
:3  %exitcond_flatten = icmp eq i7 %indvar_flatten, -64

]]></node>
<StgValue><ssdm name="exitcond_flatten"/></StgValue>
</operation>

<operation id="19" st_id="2" stage="1" lat="1">
<core>AddSub</core>
<MemPortIdVec></MemPortIdVec>
<condition id="-1">
<or_exp><and_exp></and_exp></or_exp>
</condition>

<node id="22" bw="7" op_0_bw="7" op_1_bw="7">
<![CDATA[
:4  %indvar_flatten_next = add i7 %indvar_flatten, 1

]]></node>
<StgValue><ssdm name="indvar_flatten_next"/></StgValue>
</operation>

<operation id="20" st_id="2" stage="1" lat="1">
<core>NULL</core>
<MemPortIdVec></MemPortIdVec>
<condition id="-1">
<or_exp><and_exp></and_exp></or_exp>
</condition>

<node id="23" bw="0" op_0_bw="1" op_1_bw="0" op_2_bw="0">
<![CDATA[
:5  br i1 %exitcond_flatten, label %read_data.exit, label %.reset

]]></node>
<StgValue><ssdm name=""/></StgValue>
</operation>

<operation id="21" st_id="2" stage="1" lat="1">
<core>Cmp</core>
<MemPortIdVec></MemPortIdVec>
<condition id="0">
<or_exp><and_exp><literal name="exitcond_flatten" val="0"/>
</and_exp></or_exp>
</condition>

<node id="27" bw="1" op_0_bw="4" op_1_bw="4">
<![CDATA[
.reset:2  %exitcond_i = icmp eq i4 %c_i, -8

]]></node>
<StgValue><ssdm name="exitcond_i"/></StgValue>
</operation>

<operation id="22" st_id="2" stage="1" lat="1">
<core>Sel</core>
<MemPortIdVec></MemPortIdVec>
<condition id="0">
<or_exp><and_exp><literal name="exitcond_flatten" val="0"/>
</and_exp></or_exp>
</condition>

<node id="28" bw="4" op_0_bw="1" op_1_bw="4" op_2_bw="4">
<![CDATA[
.reset:3  %c_i_mid2 = select i1 %exitcond_i, i4 0, i4 %c_i

]]></node>
<StgValue><ssdm name="c_i_mid2"/></StgValue>
</operation>

<operation id="23" st_id="2" stage="1" lat="1">
<core>AddSub</core>
<MemPortIdVec></MemPortIdVec>
<condition id="0">
<or_exp><and_exp><literal name="exitcond_flatten" val="0"/>
</and_exp></or_exp>
</condition>

<node id="29" bw="4" op_0_bw="4" op_1_bw="4">
<![CDATA[
.reset:4  %r = add i4 %r_i, 1

]]></node>
<StgValue><ssdm name="r"/></StgValue>
</operation>

<operation id="24" st_id="2" stage="1" lat="1">
<core>Sel</core>
<MemPortIdVec></MemPortIdVec>
<condition id="0">
<or_exp><and_exp><literal name="exitcond_flatten" val="0"/>
</and_exp></or_exp>
</condition>

<node id="30" bw="4" op_0_bw="1" op_1_bw="4" op_2_bw="4">
<![CDATA[
.reset:5  %r_i_mid2 = select i1 %exitcond_i, i4 %r, i4 %r_i

]]></node>
<StgValue><ssdm name="r_i_mid2"/></StgValue>
</operation>

<operation id="25" st_id="2" stage="1" lat="1">
<core>NULL</core>
<MemPortIdVec></MemPortIdVec>
<condition id="0">
<or_exp><and_exp><literal name="exitcond_flatten" val="0"/>
</and_exp></or_exp>
</condition>

<node id="31" bw="3" op_0_bw="4">
<![CDATA[
.reset:6  %tmp = trunc i4 %r_i_mid2 to i3

]]></node>
<StgValue><ssdm name="tmp"/></StgValue>
</operation>

<operation id="26" st_id="2" stage="1" lat="1">
<core>NULL</core>
<MemPortIdVec></MemPortIdVec>
<condition id="0">
<or_exp><and_exp><literal name="exitcond_flatten" val="0"/>
</and_exp></or_exp>
</condition>

<node id="32" bw="6" op_0_bw="6" op_1_bw="3" op_2_bw="3">
<![CDATA[
.reset:7  %tmp_i = call i6 @_ssdm_op_BitConcatenate.i6.i3.i3(i3 %tmp, i3 0)

]]></node>
<StgValue><ssdm name="tmp_i"/></StgValue>
</operation>

<operation id="27" st_id="2" stage="1" lat="1">
<core>NULL</core>
<MemPortIdVec></MemPortIdVec>
<condition id="0">
<or_exp><and_exp><literal name="exitcond_flatten" val="0"/>
</and_exp></or_exp>
</condition>

<node id="33" bw="6" op_0_bw="4">
<![CDATA[
.reset:8  %c_i_cast6 = zext i4 %c_i_mid2 to i6

]]></node>
<StgValue><ssdm name="c_i_cast6"/></StgValue>
</operation>

<operation id="28" st_id="2" stage="1" lat="1">
<core>AddSub</core>
<MemPortIdVec></MemPortIdVec>
<condition id="0">
<or_exp><and_exp><literal name="exitcond_flatten" val="0"/>
</and_exp></or_exp>
</condition>

<node id="38" bw="6" op_0_bw="6" op_1_bw="6">
<![CDATA[
.reset:13  %sum_i = add i6 %c_i_cast6, %tmp_i

]]></node>
<StgValue><ssdm name="sum_i"/></StgValue>
</operation>

<operation id="29" st_id="2" stage="1" lat="1">
<core>NULL</core>
<MemPortIdVec></MemPortIdVec>
<condition id="0">
<or_exp><and_exp><literal name="exitcond_flatten" val="0"/>
</and_exp></or_exp>
</condition>

<node id="39" bw="32" op_0_bw="6">
<![CDATA[
.reset:14  %sum_i_cast = zext i6 %sum_i to i32

]]></node>
<StgValue><ssdm name="sum_i_cast"/></StgValue>
</operation>

<operation id="30" st_id="2" stage="1" lat="1">
<core>NULL</core>
<MemPortIdVec></MemPortIdVec>
<condition id="0">
<or_exp><and_exp><literal name="exitcond_flatten" val="0"/>
</and_exp></or_exp>
</condition>

<node id="40" bw="6" op_0_bw="16" op_1_bw="32" op_2_bw="32">
<![CDATA[
.reset:15  %input_addr = getelementptr [64 x i16]* %input_r, i32 0, i32 %sum_i_cast

]]></node>
<StgValue><ssdm name="input_addr"/></StgValue>
</operation>

<operation id="31" st_id="2" stage="2" lat="2">
<core>RAM</core>
<MemPortIdVec></MemPortIdVec>
<condition id="0">
<or_exp><and_exp><literal name="exitcond_flatten" val="0"/>
</and_exp></or_exp>
</condition>

<node id="41" bw="16" op_0_bw="6">
<![CDATA[
.reset:16  %input_load = load i16* %input_addr, align 2

]]></node>
<StgValue><ssdm name="input_load"/></StgValue>
</operation>

<operation id="32" st_id="2" stage="1" lat="1">
<core>AddSub</core>
<MemPortIdVec></MemPortIdVec>
<condition id="0">
<or_exp><and_exp><literal name="exitcond_flatten" val="0"/>
</and_exp></or_exp>
</condition>

<node id="49" bw="4" op_0_bw="4" op_1_bw="4">
<![CDATA[
.reset:24  %c = add i4 %c_i_mid2, 1

]]></node>
<StgValue><ssdm name="c"/></StgValue>
</operation>
</state>

<state id="3" st_id="3">

<operation id="33" st_id="3" stage="1" lat="1">
<core>NULL</core>
<MemPortIdVec></MemPortIdVec>
<condition id="0">
<or_exp><and_exp><literal name="exitcond_flatten" val="0"/>
</and_exp></or_exp>
</condition>

<node id="25" bw="0" op_0_bw="0" op_1_bw="8">
<![CDATA[
.reset:0  call void (...)* @_ssdm_op_SpecLoopName([24 x i8]* @str1)

]]></node>
<StgValue><ssdm name=""/></StgValue>
</operation>

<operation id="34" st_id="3" stage="1" lat="1">
<core>NULL</core>
<MemPortIdVec></MemPortIdVec>
<condition id="0">
<or_exp><and_exp><literal name="exitcond_flatten" val="0"/>
</and_exp></or_exp>
</condition>

<node id="26" bw="32" op_0_bw="32" op_1_bw="64" op_2_bw="64" op_3_bw="64">
<![CDATA[
.reset:1  %empty = call i32 (...)* @_ssdm_op_SpecLoopTripCount(i64 64, i64 64, i64 64) nounwind

]]></node>
<StgValue><ssdm name="empty"/></StgValue>
</operation>

<operation id="35" st_id="3" stage="1" lat="1">
<core>NULL</core>
<MemPortIdVec></MemPortIdVec>
<condition id="0">
<or_exp><and_exp><literal name="exitcond_flatten" val="0"/>
</and_exp></or_exp>
</condition>

<node id="34" bw="8" op_0_bw="4">
<![CDATA[
.reset:9  %c_i_cast5_cast = zext i4 %c_i_mid2 to i8

]]></node>
<StgValue><ssdm name="c_i_cast5_cast"/></StgValue>
</operation>

<operation id="36" st_id="3" stage="1" lat="1">
<core>NULL</core>
<MemPortIdVec></MemPortIdVec>
<condition id="0">
<or_exp><and_exp><literal name="exitcond_flatten" val="0"/>
</and_exp></or_exp>
</condition>

<node id="35" bw="0" op_0_bw="0" op_1_bw="8">
<![CDATA[
.reset:10  call void (...)* @_ssdm_op_SpecLoopName([12 x i8]* @p_str10) nounwind

]]></node>
<StgValue><ssdm name=""/></StgValue>
</operation>

<operation id="37" st_id="3" stage="1" lat="1">
<core>NULL</core>
<MemPortIdVec></MemPortIdVec>
<condition id="0">
<or_exp><and_exp><literal name="exitcond_flatten" val="0"/>
</and_exp></or_exp>
</condition>

<node id="36" bw="32" op_0_bw="32" op_1_bw="8">
<![CDATA[
.reset:11  %tmp_9_i = call i32 (...)* @_ssdm_op_SpecRegionBegin([12 x i8]* @p_str10) nounwind

]]></node>
<StgValue><ssdm name="tmp_9_i"/></StgValue>
</operation>

<operation id="38" st_id="3" stage="1" lat="1">
<core>NULL</core>
<MemPortIdVec></MemPortIdVec>
<condition id="0">
<or_exp><and_exp><literal name="exitcond_flatten" val="0"/>
</and_exp></or_exp>
</condition>

<node id="37" bw="0" op_0_bw="0" op_1_bw="32" op_2_bw="32" op_3_bw="32" op_4_bw="8">
<![CDATA[
.reset:12  call void (...)* @_ssdm_op_SpecPipeline(i32 1, i32 1, i32 1, [1 x i8]* @p_str1) nounwind

]]></node>
<StgValue><ssdm name=""/></StgValue>
</operation>

<operation id="39" st_id="3" stage="1" lat="2">
<core>RAM</core>
<MemPortIdVec></MemPortIdVec>
<condition id="0">
<or_exp><and_exp><literal name="exitcond_flatten" val="0"/>
</and_exp></or_exp>
</condition>

<node id="41" bw="16" op_0_bw="6">
<![CDATA[
.reset:16  %input_load = load i16* %input_addr, align 2

]]></node>
<StgValue><ssdm name="input_load"/></StgValue>
</operation>

<operation id="40" st_id="3" stage="1" lat="1">
<core>NULL</core>
<MemPortIdVec></MemPortIdVec>
<condition id="0">
<or_exp><and_exp><literal name="exitcond_flatten" val="0"/>
</and_exp></or_exp>
</condition>

<node id="42" bw="7" op_0_bw="7" op_1_bw="4" op_2_bw="3">
<![CDATA[
.reset:17  %tmp_1 = call i7 @_ssdm_op_BitConcatenate.i7.i4.i3(i4 %r_i_mid2, i3 0)

]]></node>
<StgValue><ssdm name="tmp_1"/></StgValue>
</operation>

<operation id="41" st_id="3" stage="1" lat="1">
<core>NULL</core>
<MemPortIdVec></MemPortIdVec>
<condition id="0">
<or_exp><and_exp><literal name="exitcond_flatten" val="0"/>
</and_exp></or_exp>
</condition>

<node id="43" bw="8" op_0_bw="7">
<![CDATA[
.reset:18  %p_addr_cast = zext i7 %tmp_1 to i8

]]></node>
<StgValue><ssdm name="p_addr_cast"/></StgValue>
</operation>

<operation id="42" st_id="3" stage="1" lat="1">
<core>AddSub</core>
<MemPortIdVec></MemPortIdVec>
<condition id="0">
<or_exp><and_exp><literal name="exitcond_flatten" val="0"/>
</and_exp></or_exp>
</condition>

<node id="44" bw="8" op_0_bw="8" op_1_bw="8">
<![CDATA[
.reset:19  %p_addr1 = add i8 %p_addr_cast, %c_i_cast5_cast

]]></node>
<StgValue><ssdm name="p_addr1"/></StgValue>
</operation>

<operation id="43" st_id="3" stage="1" lat="1">
<core>NULL</core>
<MemPortIdVec></MemPortIdVec>
<condition id="0">
<or_exp><and_exp><literal name="exitcond_flatten" val="0"/>
</and_exp></or_exp>
</condition>

<node id="45" bw="32" op_0_bw="8">
<![CDATA[
.reset:20  %p_addr1_cast = zext i8 %p_addr1 to i32

]]></node>
<StgValue><ssdm name="p_addr1_cast"/></StgValue>
</operation>

<operation id="44" st_id="3" stage="1" lat="1">
<core>NULL</core>
<MemPortIdVec></MemPortIdVec>
<condition id="0">
<or_exp><and_exp><literal name="exitcond_flatten" val="0"/>
</and_exp></or_exp>
</condition>

<node id="46" bw="6" op_0_bw="16" op_1_bw="32" op_2_bw="32">
<![CDATA[
.reset:21  %buf_2d_in_addr = getelementptr [64 x i16]* %buf_2d_in, i32 0, i32 %p_addr1_cast

]]></node>
<StgValue><ssdm name="buf_2d_in_addr"/></StgValue>
</operation>

<operation id="45" st_id="3" stage="1" lat="1">
<core>RAM</core>
<MemPortIdVec></MemPortIdVec>
<condition id="0">
<or_exp><and_exp><literal name="exitcond_flatten" val="0"/>
</and_exp></or_exp>
</condition>

<node id="47" bw="0" op_0_bw="16" op_1_bw="6">
<![CDATA[
.reset:22  store i16 %input_load, i16* %buf_2d_in_addr, align 2

]]></node>
<StgValue><ssdm name=""/></StgValue>
</operation>

<operation id="46" st_id="3" stage="1" lat="1">
<core>NULL</core>
<MemPortIdVec></MemPortIdVec>
<condition id="0">
<or_exp><and_exp><literal name="exitcond_flatten" val="0"/>
</and_exp></or_exp>
</condition>

<node id="48" bw="32" op_0_bw="32" op_1_bw="8" op_2_bw="32">
<![CDATA[
.reset:23  %empty_15 = call i32 (...)* @_ssdm_op_SpecRegionEnd([12 x i8]* @p_str10, i32 %tmp_9_i) nounwind

]]></node>
<StgValue><ssdm name="empty_15"/></StgValue>
</operation>

<operation id="47" st_id="3" stage="1" lat="1">
<core>NULL</core>
<MemPortIdVec></MemPortIdVec>
<condition id="0">
<or_exp><and_exp><literal name="exitcond_flatten" val="0"/>
</and_exp></or_exp>
</condition>

<node id="50" bw="0" op_0_bw="0">
<![CDATA[
.reset:25  br label %1

]]></node>
<StgValue><ssdm name=""/></StgValue>
</operation>
</state>

<state id="4" st_id="4">

<operation id="48" st_id="4" stage="2" lat="2">
<core></core>
<MemPortIdVec></MemPortIdVec>
<condition id="41">
<or_exp><and_exp></and_exp></or_exp>
</condition>

<node id="52" bw="0" op_0_bw="0" op_1_bw="16" op_2_bw="16">
<![CDATA[
read_data.exit:0  call fastcc void @dct_2d([64 x i16]* nocapture %buf_2d_in, [64 x i16]* nocapture %buf_2d_out) nounwind

]]></node>
<StgValue><ssdm name=""/></StgValue>
</operation>
</state>

<state id="5" st_id="5">

<operation id="49" st_id="5" stage="1" lat="2">
<core></core>
<MemPortIdVec></MemPortIdVec>
<condition id="42">
<or_exp><and_exp></and_exp></or_exp>
</condition>

<node id="52" bw="0" op_0_bw="0" op_1_bw="16" op_2_bw="16">
<![CDATA[
read_data.exit:0  call fastcc void @dct_2d([64 x i16]* nocapture %buf_2d_in, [64 x i16]* nocapture %buf_2d_out) nounwind

]]></node>
<StgValue><ssdm name=""/></StgValue>
</operation>

<operation id="50" st_id="5" stage="1" lat="1">
<core>NULL</core>
<MemPortIdVec></MemPortIdVec>
<condition id="42">
<or_exp><and_exp></and_exp></or_exp>
</condition>

<node id="53" bw="0" op_0_bw="0">
<![CDATA[
read_data.exit:1  br label %2

]]></node>
<StgValue><ssdm name=""/></StgValue>
</operation>
</state>

<state id="6" st_id="6">

<operation id="51" st_id="6" stage="1" lat="1">
<core>NULL</core>
<MemPortIdVec></MemPortIdVec>
<condition id="-1">
<or_exp><and_exp></and_exp></or_exp>
</condition>

<node id="55" bw="7" op_0_bw="7" op_1_bw="0">
<![CDATA[
:0  %indvar_flatten1 = phi i7 [ 0, %read_data.exit ], [ %indvar_flatten_next1, %.reset10 ]

]]></node>
<StgValue><ssdm name="indvar_flatten1"/></StgValue>
</operation>

<operation id="52" st_id="6" stage="1" lat="1">
<core>NULL</core>
<MemPortIdVec></MemPortIdVec>
<condition id="-1">
<or_exp><and_exp></and_exp></or_exp>
</condition>

<node id="56" bw="4" op_0_bw="4" op_1_bw="0">
<![CDATA[
:1  %r_i2 = phi i4 [ 0, %read_data.exit ], [ %r_i2_mid2, %.reset10 ]

]]></node>
<StgValue><ssdm name="r_i2"/></StgValue>
</operation>

<operation id="53" st_id="6" stage="1" lat="1">
<core>NULL</core>
<MemPortIdVec></MemPortIdVec>
<condition id="-1">
<or_exp><and_exp></and_exp></or_exp>
</condition>

<node id="57" bw="4" op_0_bw="4" op_1_bw="0">
<![CDATA[
:2  %c_i5 = phi i4 [ 0, %read_data.exit ], [ %c_1, %.reset10 ]

]]></node>
<StgValue><ssdm name="c_i5"/></StgValue>
</operation>

<operation id="54" st_id="6" stage="1" lat="1">
<core>Cmp</core>
<MemPortIdVec></MemPortIdVec>
<condition id="-1">
<or_exp><and_exp></and_exp></or_exp>
</condition>

<node id="58" bw="1" op_0_bw="7" op_1_bw="7">
<![CDATA[
:3  %exitcond_flatten1 = icmp eq i7 %indvar_flatten1, -64

]]></node>
<StgValue><ssdm name="exitcond_flatten1"/></StgValue>
</operation>

<operation id="55" st_id="6" stage="1" lat="1">
<core>AddSub</core>
<MemPortIdVec></MemPortIdVec>
<condition id="-1">
<or_exp><and_exp></and_exp></or_exp>
</condition>

<node id="59" bw="7" op_0_bw="7" op_1_bw="7">
<![CDATA[
:4  %indvar_flatten_next1 = add i7 %indvar_flatten1, 1

]]></node>
<StgValue><ssdm name="indvar_flatten_next1"/></StgValue>
</operation>

<operation id="56" st_id="6" stage="1" lat="1">
<core>NULL</core>
<MemPortIdVec></MemPortIdVec>
<condition id="-1">
<or_exp><and_exp></and_exp></or_exp>
</condition>

<node id="60" bw="0" op_0_bw="1" op_1_bw="0" op_2_bw="0">
<![CDATA[
:5  br i1 %exitcond_flatten1, label %write_data.exit, label %.reset10

]]></node>
<StgValue><ssdm name=""/></StgValue>
</operation>

<operation id="57" st_id="6" stage="1" lat="1">
<core>Cmp</core>
<MemPortIdVec></MemPortIdVec>
<condition id="3">
<or_exp><and_exp><literal name="exitcond_flatten1" val="0"/>
</and_exp></or_exp>
</condition>

<node id="64" bw="1" op_0_bw="4" op_1_bw="4">
<![CDATA[
.reset10:2  %exitcond_i1 = icmp eq i4 %c_i5, -8

]]></node>
<StgValue><ssdm name="exitcond_i1"/></StgValue>
</operation>

<operation id="58" st_id="6" stage="1" lat="1">
<core>Sel</core>
<MemPortIdVec></MemPortIdVec>
<condition id="3">
<or_exp><and_exp><literal name="exitcond_flatten1" val="0"/>
</and_exp></or_exp>
</condition>

<node id="65" bw="4" op_0_bw="1" op_1_bw="4" op_2_bw="4">
<![CDATA[
.reset10:3  %c_i5_mid2 = select i1 %exitcond_i1, i4 0, i4 %c_i5

]]></node>
<StgValue><ssdm name="c_i5_mid2"/></StgValue>
</operation>

<operation id="59" st_id="6" stage="1" lat="1">
<core>AddSub</core>
<MemPortIdVec></MemPortIdVec>
<condition id="3">
<or_exp><and_exp><literal name="exitcond_flatten1" val="0"/>
</and_exp></or_exp>
</condition>

<node id="66" bw="4" op_0_bw="4" op_1_bw="4">
<![CDATA[
.reset10:4  %r_s = add i4 %r_i2, 1

]]></node>
<StgValue><ssdm name="r_s"/></StgValue>
</operation>

<operation id="60" st_id="6" stage="1" lat="1">
<core>Sel</core>
<MemPortIdVec></MemPortIdVec>
<condition id="3">
<or_exp><and_exp><literal name="exitcond_flatten1" val="0"/>
</and_exp></or_exp>
</condition>

<node id="67" bw="4" op_0_bw="1" op_1_bw="4" op_2_bw="4">
<![CDATA[
.reset10:5  %r_i2_mid2 = select i1 %exitcond_i1, i4 %r_s, i4 %r_i2

]]></node>
<StgValue><ssdm name="r_i2_mid2"/></StgValue>
</operation>

<operation id="61" st_id="6" stage="1" lat="1">
<core>NULL</core>
<MemPortIdVec></MemPortIdVec>
<condition id="3">
<or_exp><and_exp><literal name="exitcond_flatten1" val="0"/>
</and_exp></or_exp>
</condition>

<node id="68" bw="3" op_0_bw="4">
<![CDATA[
.reset10:6  %tmp_2 = trunc i4 %r_i2_mid2 to i3

]]></node>
<StgValue><ssdm name="tmp_2"/></StgValue>
</operation>

<operation id="62" st_id="6" stage="1" lat="1">
<core>NULL</core>
<MemPortIdVec></MemPortIdVec>
<condition id="3">
<or_exp><and_exp><literal name="exitcond_flatten1" val="0"/>
</and_exp></or_exp>
</condition>

<node id="69" bw="6" op_0_bw="6" op_1_bw="3" op_2_bw="3">
<![CDATA[
.reset10:7  %tmp_i4 = call i6 @_ssdm_op_BitConcatenate.i6.i3.i3(i3 %tmp_2, i3 0)

]]></node>
<StgValue><ssdm name="tmp_i4"/></StgValue>
</operation>

<operation id="63" st_id="6" stage="1" lat="1">
<core>NULL</core>
<MemPortIdVec></MemPortIdVec>
<condition id="3">
<or_exp><and_exp><literal name="exitcond_flatten1" val="0"/>
</and_exp></or_exp>
</condition>

<node id="70" bw="6" op_0_bw="4">
<![CDATA[
.reset10:8  %c_i5_cast2 = zext i4 %c_i5_mid2 to i6

]]></node>
<StgValue><ssdm name="c_i5_cast2"/></StgValue>
</operation>

<operation id="64" st_id="6" stage="1" lat="1">
<core>NULL</core>
<MemPortIdVec></MemPortIdVec>
<condition id="3">
<or_exp><and_exp><literal name="exitcond_flatten1" val="0"/>
</and_exp></or_exp>
</condition>

<node id="71" bw="8" op_0_bw="4">
<![CDATA[
.reset10:9  %c_i5_cast1_cast = zext i4 %c_i5_mid2 to i8

]]></node>
<StgValue><ssdm name="c_i5_cast1_cast"/></StgValue>
</operation>

<operation id="65" st_id="6" stage="1" lat="1">
<core>NULL</core>
<MemPortIdVec></MemPortIdVec>
<condition id="3">
<or_exp><and_exp><literal name="exitcond_flatten1" val="0"/>
</and_exp></or_exp>
</condition>

<node id="75" bw="7" op_0_bw="7" op_1_bw="4" op_2_bw="3">
<![CDATA[
.reset10:13  %tmp_3 = call i7 @_ssdm_op_BitConcatenate.i7.i4.i3(i4 %r_i2_mid2, i3 0)

]]></node>
<StgValue><ssdm name="tmp_3"/></StgValue>
</operation>

<operation id="66" st_id="6" stage="1" lat="1">
<core>NULL</core>
<MemPortIdVec></MemPortIdVec>
<condition id="3">
<or_exp><and_exp><literal name="exitcond_flatten1" val="0"/>
</and_exp></or_exp>
</condition>

<node id="76" bw="8" op_0_bw="7">
<![CDATA[
.reset10:14  %p_addr2_cast = zext i7 %tmp_3 to i8

]]></node>
<StgValue><ssdm name="p_addr2_cast"/></StgValue>
</operation>

<operation id="67" st_id="6" stage="1" lat="1">
<core>AddSub</core>
<MemPortIdVec></MemPortIdVec>
<condition id="3">
<or_exp><and_exp><literal name="exitcond_flatten1" val="0"/>
</and_exp></or_exp>
</condition>

<node id="77" bw="8" op_0_bw="8" op_1_bw="8">
<![CDATA[
.reset10:15  %p_addr3 = add i8 %p_addr2_cast, %c_i5_cast1_cast

]]></node>
<StgValue><ssdm name="p_addr3"/></StgValue>
</operation>

<operation id="68" st_id="6" stage="1" lat="1">
<core>NULL</core>
<MemPortIdVec></MemPortIdVec>
<condition id="3">
<or_exp><and_exp><literal name="exitcond_flatten1" val="0"/>
</and_exp></or_exp>
</condition>

<node id="78" bw="32" op_0_bw="8">
<![CDATA[
.reset10:16  %p_addr3_cast = zext i8 %p_addr3 to i32

]]></node>
<StgValue><ssdm name="p_addr3_cast"/></StgValue>
</operation>

<operation id="69" st_id="6" stage="1" lat="1">
<core>NULL</core>
<MemPortIdVec></MemPortIdVec>
<condition id="3">
<or_exp><and_exp><literal name="exitcond_flatten1" val="0"/>
</and_exp></or_exp>
</condition>

<node id="79" bw="6" op_0_bw="16" op_1_bw="32" op_2_bw="32">
<![CDATA[
.reset10:17  %buf_2d_out_addr = getelementptr [64 x i16]* %buf_2d_out, i32 0, i32 %p_addr3_cast

]]></node>
<StgValue><ssdm name="buf_2d_out_addr"/></StgValue>
</operation>

<operation id="70" st_id="6" stage="2" lat="2">
<core>RAM</core>
<MemPortIdVec></MemPortIdVec>
<condition id="3">
<or_exp><and_exp><literal name="exitcond_flatten1" val="0"/>
</and_exp></or_exp>
</condition>

<node id="80" bw="16" op_0_bw="6">
<![CDATA[
.reset10:18  %buf_2d_out_load = load i16* %buf_2d_out_addr, align 2

]]></node>
<StgValue><ssdm name="buf_2d_out_load"/></StgValue>
</operation>

<operation id="71" st_id="6" stage="1" lat="1">
<core>AddSub</core>
<MemPortIdVec></MemPortIdVec>
<condition id="3">
<or_exp><and_exp><literal name="exitcond_flatten1" val="0"/>
</and_exp></or_exp>
</condition>

<node id="81" bw="6" op_0_bw="6" op_1_bw="6">
<![CDATA[
.reset10:19  %sum3_i = add i6 %c_i5_cast2, %tmp_i4

]]></node>
<StgValue><ssdm name="sum3_i"/></StgValue>
</operation>

<operation id="72" st_id="6" stage="1" lat="1">
<core>AddSub</core>
<MemPortIdVec></MemPortIdVec>
<condition id="3">
<or_exp><and_exp><literal name="exitcond_flatten1" val="0"/>
</and_exp></or_exp>
</condition>

<node id="86" bw="4" op_0_bw="4" op_1_bw="4">
<![CDATA[
.reset10:24  %c_1 = add i4 %c_i5_mid2, 1

]]></node>
<StgValue><ssdm name="c_1"/></StgValue>
</operation>
</state>

<state id="7" st_id="7">

<operation id="73" st_id="7" stage="1" lat="1">
<core>NULL</core>
<MemPortIdVec></MemPortIdVec>
<condition id="3">
<or_exp><and_exp><literal name="exitcond_flatten1" val="0"/>
</and_exp></or_exp>
</condition>

<node id="62" bw="0" op_0_bw="0" op_1_bw="8">
<![CDATA[
.reset10:0  call void (...)* @_ssdm_op_SpecLoopName([24 x i8]* @str2)

]]></node>
<StgValue><ssdm name=""/></StgValue>
</operation>

<operation id="74" st_id="7" stage="1" lat="1">
<core>NULL</core>
<MemPortIdVec></MemPortIdVec>
<condition id="3">
<or_exp><and_exp><literal name="exitcond_flatten1" val="0"/>
</and_exp></or_exp>
</condition>

<node id="63" bw="32" op_0_bw="32" op_1_bw="64" op_2_bw="64" op_3_bw="64">
<![CDATA[
.reset10:1  %empty_16 = call i32 (...)* @_ssdm_op_SpecLoopTripCount(i64 64, i64 64, i64 64) nounwind

]]></node>
<StgValue><ssdm name="empty_16"/></StgValue>
</operation>

<operation id="75" st_id="7" stage="1" lat="1">
<core>NULL</core>
<MemPortIdVec></MemPortIdVec>
<condition id="3">
<or_exp><and_exp><literal name="exitcond_flatten1" val="0"/>
</and_exp></or_exp>
</condition>

<node id="72" bw="0" op_0_bw="0" op_1_bw="8">
<![CDATA[
.reset10:10  call void (...)* @_ssdm_op_SpecLoopName([12 x i8]* @p_str12) nounwind

]]></node>
<StgValue><ssdm name=""/></StgValue>
</operation>

<operation id="76" st_id="7" stage="1" lat="1">
<core>NULL</core>
<MemPortIdVec></MemPortIdVec>
<condition id="3">
<or_exp><and_exp><literal name="exitcond_flatten1" val="0"/>
</and_exp></or_exp>
</condition>

<node id="73" bw="32" op_0_bw="32" op_1_bw="8">
<![CDATA[
.reset10:11  %tmp_2_i = call i32 (...)* @_ssdm_op_SpecRegionBegin([12 x i8]* @p_str12) nounwind

]]></node>
<StgValue><ssdm name="tmp_2_i"/></StgValue>
</operation>

<operation id="77" st_id="7" stage="1" lat="1">
<core>NULL</core>
<MemPortIdVec></MemPortIdVec>
<condition id="3">
<or_exp><and_exp><literal name="exitcond_flatten1" val="0"/>
</and_exp></or_exp>
</condition>

<node id="74" bw="0" op_0_bw="0" op_1_bw="32" op_2_bw="32" op_3_bw="32" op_4_bw="8">
<![CDATA[
.reset10:12  call void (...)* @_ssdm_op_SpecPipeline(i32 1, i32 1, i32 1, [1 x i8]* @p_str1) nounwind

]]></node>
<StgValue><ssdm name=""/></StgValue>
</operation>

<operation id="78" st_id="7" stage="1" lat="2">
<core>RAM</core>
<MemPortIdVec></MemPortIdVec>
<condition id="3">
<or_exp><and_exp><literal name="exitcond_flatten1" val="0"/>
</and_exp></or_exp>
</condition>

<node id="80" bw="16" op_0_bw="6">
<![CDATA[
.reset10:18  %buf_2d_out_load = load i16* %buf_2d_out_addr, align 2

]]></node>
<StgValue><ssdm name="buf_2d_out_load"/></StgValue>
</operation>

<operation id="79" st_id="7" stage="1" lat="1">
<core>NULL</core>
<MemPortIdVec></MemPortIdVec>
<condition id="3">
<or_exp><and_exp><literal name="exitcond_flatten1" val="0"/>
</and_exp></or_exp>
</condition>

<node id="82" bw="32" op_0_bw="6">
<![CDATA[
.reset10:20  %sum3_i_cast = zext i6 %sum3_i to i32

]]></node>
<StgValue><ssdm name="sum3_i_cast"/></StgValue>
</operation>

<operation id="80" st_id="7" stage="1" lat="1">
<core>NULL</core>
<MemPortIdVec></MemPortIdVec>
<condition id="3">
<or_exp><and_exp><literal name="exitcond_flatten1" val="0"/>
</and_exp></or_exp>
</condition>

<node id="83" bw="6" op_0_bw="16" op_1_bw="32" op_2_bw="32">
<![CDATA[
.reset10:21  %output_addr = getelementptr [64 x i16]* %output_r, i32 0, i32 %sum3_i_cast

]]></node>
<StgValue><ssdm name="output_addr"/></StgValue>
</operation>

<operation id="81" st_id="7" stage="1" lat="1">
<core>RAM</core>
<MemPortIdVec></MemPortIdVec>
<condition id="3">
<or_exp><and_exp><literal name="exitcond_flatten1" val="0"/>
</and_exp></or_exp>
</condition>

<node id="84" bw="0" op_0_bw="16" op_1_bw="6">
<![CDATA[
.reset10:22  store i16 %buf_2d_out_load, i16* %output_addr, align 2

]]></node>
<StgValue><ssdm name=""/></StgValue>
</operation>

<operation id="82" st_id="7" stage="1" lat="1">
<core>NULL</core>
<MemPortIdVec></MemPortIdVec>
<condition id="3">
<or_exp><and_exp><literal name="exitcond_flatten1" val="0"/>
</and_exp></or_exp>
</condition>

<node id="85" bw="32" op_0_bw="32" op_1_bw="8" op_2_bw="32">
<![CDATA[
.reset10:23  %empty_17 = call i32 (...)* @_ssdm_op_SpecRegionEnd([12 x i8]* @p_str12, i32 %tmp_2_i) nounwind

]]></node>
<StgValue><ssdm name="empty_17"/></StgValue>
</operation>

<operation id="83" st_id="7" stage="1" lat="1">
<core>NULL</core>
<MemPortIdVec></MemPortIdVec>
<condition id="3">
<or_exp><and_exp><literal name="exitcond_flatten1" val="0"/>
</and_exp></or_exp>
</condition>

<node id="87" bw="0" op_0_bw="0">
<![CDATA[
.reset10:25  br label %2

]]></node>
<StgValue><ssdm name=""/></StgValue>
</operation>
</state>

<state id="8" st_id="8">

<operation id="84" st_id="8" stage="1" lat="1">
<core>NULL</core>
<MemPortIdVec></MemPortIdVec>
<condition id="43">
<or_exp><and_exp></and_exp></or_exp>
</condition>

<node id="89" bw="0">
<![CDATA[
write_data.exit:0  ret void

]]></node>
<StgValue><ssdm name=""/></StgValue>
</operation>
</state>
</state_list>


<ports>
</ports>


<dataflows>
</dataflows>


</stg>
