<stg><name>dct_2d</name>


<trans_list>

<trans id="100" from="1" to="2">
<condition id="51">
<or_exp><and_exp></and_exp></or_exp>
</condition>
</trans>

<trans id="101" from="2" to="3">
<condition id="54">
<or_exp><and_exp><literal name="exitcond7" val="0"/>
</and_exp></or_exp>
</condition>
</trans>

<trans id="102" from="2" to="4">
<condition id="53">
<or_exp><and_exp><literal name="exitcond7" val="1"/>
</and_exp></or_exp>
</condition>
</trans>

<trans id="104" from="3" to="2">
<condition id="57">
<or_exp><and_exp></and_exp></or_exp>
</condition>
</trans>

<trans id="119" from="4" to="6">
<condition id="76">
<or_exp><and_exp><literal name="exitcond_flatten" val="1"/>
</and_exp></or_exp>
</condition>
</trans>

<trans id="120" from="4" to="5">
<condition id="78">
<or_exp><and_exp><literal name="exitcond_flatten" val="0"/>
</and_exp></or_exp>
</condition>
</trans>

<trans id="118" from="5" to="4">
<condition id="77">
<or_exp><and_exp></and_exp></or_exp>
</condition>
</trans>

<trans id="109" from="6" to="7">
<condition id="66">
<or_exp><and_exp><literal name="exitcond4" val="0"/>
</and_exp></or_exp>
</condition>
</trans>

<trans id="110" from="6" to="8">
<condition id="65">
<or_exp><and_exp><literal name="exitcond4" val="1"/>
</and_exp></or_exp>
</condition>
</trans>

<trans id="112" from="7" to="6">
<condition id="69">
<or_exp><and_exp></and_exp></or_exp>
</condition>
</trans>

<trans id="123" from="8" to="10">
<condition id="79">
<or_exp><and_exp><literal name="exitcond_flatten2" val="1"/>
</and_exp></or_exp>
</condition>
</trans>

<trans id="124" from="8" to="9">
<condition id="81">
<or_exp><and_exp><literal name="exitcond_flatten2" val="0"/>
</and_exp></or_exp>
</condition>
</trans>

<trans id="122" from="9" to="8">
<condition id="80">
<or_exp><and_exp></and_exp></or_exp>
</condition>
</trans>
</trans_list>



<state_list>

<state id="1" st_id="1">

<operation id="11" st_id="1" stage="1" lat="1">
<core>RAM</core>
<MemPortIdVec></MemPortIdVec>
<condition id="40">
<or_exp><and_exp></and_exp></or_exp>
</condition>

<node id="11" bw="16" op_0_bw="32">
<![CDATA[
:0  %row_outbuf = alloca [64 x i16], align 2

]]></node>
<StgValue><ssdm name="row_outbuf"/><MemPortTyVec>2 3 </MemPortTyVec>
</StgValue>
</operation>

<operation id="12" st_id="1" stage="1" lat="1">
<core>RAM</core>
<MemPortIdVec></MemPortIdVec>
<condition id="40">
<or_exp><and_exp></and_exp></or_exp>
</condition>

<node id="12" bw="16" op_0_bw="32">
<![CDATA[
:1  %col_outbuf = alloca [64 x i16], align 2

]]></node>
<StgValue><ssdm name="col_outbuf"/><MemPortTyVec>2 3 </MemPortTyVec>
</StgValue>
</operation>

<operation id="13" st_id="1" stage="1" lat="1">
<core>RAM</core>
<MemPortIdVec></MemPortIdVec>
<condition id="40">
<or_exp><and_exp></and_exp></or_exp>
</condition>

<node id="13" bw="16" op_0_bw="32">
<![CDATA[
:2  %col_inbuf = alloca [64 x i16], align 2

]]></node>
<StgValue><ssdm name="col_inbuf"/><MemPortTyVec>2 1 </MemPortTyVec>
</StgValue>
</operation>

<operation id="14" st_id="1" stage="1" lat="1">
<core>NULL</core>
<MemPortIdVec></MemPortIdVec>
<condition id="40">
<or_exp><and_exp></and_exp></or_exp>
</condition>

<node id="14" bw="0" op_0_bw="0">
<![CDATA[
:3  br label %1

]]></node>
<StgValue><ssdm name=""/></StgValue>
</operation>
</state>

<state id="2" st_id="2">

<operation id="15" st_id="2" stage="1" lat="1">
<core>NULL</core>
<MemPortIdVec></MemPortIdVec>
<condition id="41">
<or_exp><and_exp></and_exp></or_exp>
</condition>

<node id="16" bw="4" op_0_bw="4" op_1_bw="0">
<![CDATA[
:0  %i = phi i4 [ 0, %0 ], [ %i_4, %2 ]

]]></node>
<StgValue><ssdm name="i"/></StgValue>
</operation>

<operation id="16" st_id="2" stage="1" lat="1">
<core>Cmp</core>
<MemPortIdVec></MemPortIdVec>
<condition id="41">
<or_exp><and_exp></and_exp></or_exp>
</condition>

<node id="17" bw="1" op_0_bw="4" op_1_bw="4">
<![CDATA[
:1  %exitcond7 = icmp eq i4 %i, -8

]]></node>
<StgValue><ssdm name="exitcond7"/></StgValue>
</operation>

<operation id="17" st_id="2" stage="1" lat="1">
<core>NULL</core>
<MemPortIdVec></MemPortIdVec>
<condition id="41">
<or_exp><and_exp></and_exp></or_exp>
</condition>

<node id="18" bw="32" op_0_bw="32" op_1_bw="64" op_2_bw="64" op_3_bw="64">
<![CDATA[
:2  %empty = call i32 (...)* @_ssdm_op_SpecLoopTripCount(i64 8, i64 8, i64 8)

]]></node>
<StgValue><ssdm name="empty"/></StgValue>
</operation>

<operation id="18" st_id="2" stage="1" lat="1">
<core>AddSub</core>
<MemPortIdVec></MemPortIdVec>
<condition id="41">
<or_exp><and_exp></and_exp></or_exp>
</condition>

<node id="19" bw="4" op_0_bw="4" op_1_bw="4">
<![CDATA[
:3  %i_4 = add i4 %i, 1

]]></node>
<StgValue><ssdm name="i_4"/></StgValue>
</operation>

<operation id="19" st_id="2" stage="1" lat="1">
<core>NULL</core>
<MemPortIdVec></MemPortIdVec>
<condition id="41">
<or_exp><and_exp></and_exp></or_exp>
</condition>

<node id="20" bw="0" op_0_bw="1" op_1_bw="0" op_2_bw="0">
<![CDATA[
:4  br i1 %exitcond7, label %.preheader2.preheader, label %2

]]></node>
<StgValue><ssdm name=""/></StgValue>
</operation>

<operation id="20" st_id="2" stage="2" lat="2">
<core></core>
<MemPortIdVec></MemPortIdVec>
<condition id="43">
<or_exp><and_exp><literal name="exitcond7" val="0"/>
</and_exp></or_exp>
</condition>

<node id="23" bw="0" op_0_bw="0" op_1_bw="16" op_2_bw="4" op_3_bw="16" op_4_bw="4">
<![CDATA[
:1  call fastcc void @dct_1d([64 x i16]* nocapture %in_block, i4 %i, [64 x i16]* nocapture %row_outbuf, i4 %i)

]]></node>
<StgValue><ssdm name=""/></StgValue>
</operation>
</state>

<state id="3" st_id="3">

<operation id="21" st_id="3" stage="1" lat="1">
<core>NULL</core>
<MemPortIdVec></MemPortIdVec>
<condition id="44">
<or_exp><and_exp></and_exp></or_exp>
</condition>

<node id="22" bw="0" op_0_bw="0" op_1_bw="8">
<![CDATA[
:0  call void (...)* @_ssdm_op_SpecLoopName([13 x i8]* @p_str3) nounwind

]]></node>
<StgValue><ssdm name=""/></StgValue>
</operation>

<operation id="22" st_id="3" stage="1" lat="2">
<core></core>
<MemPortIdVec></MemPortIdVec>
<condition id="44">
<or_exp><and_exp></and_exp></or_exp>
</condition>

<node id="23" bw="0" op_0_bw="0" op_1_bw="16" op_2_bw="4" op_3_bw="16" op_4_bw="4">
<![CDATA[
:1  call fastcc void @dct_1d([64 x i16]* nocapture %in_block, i4 %i, [64 x i16]* nocapture %row_outbuf, i4 %i)

]]></node>
<StgValue><ssdm name=""/></StgValue>
</operation>

<operation id="23" st_id="3" stage="1" lat="1">
<core>NULL</core>
<MemPortIdVec></MemPortIdVec>
<condition id="44">
<or_exp><and_exp></and_exp></or_exp>
</condition>

<node id="24" bw="0" op_0_bw="0">
<![CDATA[
:2  br label %1

]]></node>
<StgValue><ssdm name=""/></StgValue>
</operation>
</state>

<state id="4" st_id="4">

<operation id="24" st_id="4" stage="1" lat="1">
<core>NULL</core>
<MemPortIdVec></MemPortIdVec>
<condition id="-1">
<or_exp><and_exp></and_exp></or_exp>
</condition>

<node id="26" bw="7" op_0_bw="7" op_1_bw="0">
<![CDATA[
.preheader2.preheader:0  %indvar_flatten = phi i7 [ %indvar_flatten_next, %.preheader2 ], [ 0, %1 ]

]]></node>
<StgValue><ssdm name="indvar_flatten"/></StgValue>
</operation>

<operation id="25" st_id="4" stage="1" lat="1">
<core>NULL</core>
<MemPortIdVec></MemPortIdVec>
<condition id="-1">
<or_exp><and_exp></and_exp></or_exp>
</condition>

<node id="27" bw="4" op_0_bw="4" op_1_bw="0">
<![CDATA[
.preheader2.preheader:1  %j = phi i4 [ %j_mid2, %.preheader2 ], [ 0, %1 ]

]]></node>
<StgValue><ssdm name="j"/></StgValue>
</operation>

<operation id="26" st_id="4" stage="1" lat="1">
<core>NULL</core>
<MemPortIdVec></MemPortIdVec>
<condition id="-1">
<or_exp><and_exp></and_exp></or_exp>
</condition>

<node id="28" bw="4" op_0_bw="4" op_1_bw="0">
<![CDATA[
.preheader2.preheader:2  %i_1 = phi i4 [ %i_6, %.preheader2 ], [ 0, %1 ]

]]></node>
<StgValue><ssdm name="i_1"/></StgValue>
</operation>

<operation id="27" st_id="4" stage="1" lat="1">
<core>Cmp</core>
<MemPortIdVec></MemPortIdVec>
<condition id="-1">
<or_exp><and_exp></and_exp></or_exp>
</condition>

<node id="29" bw="1" op_0_bw="7" op_1_bw="7">
<![CDATA[
.preheader2.preheader:3  %exitcond_flatten = icmp eq i7 %indvar_flatten, -64

]]></node>
<StgValue><ssdm name="exitcond_flatten"/></StgValue>
</operation>

<operation id="28" st_id="4" stage="1" lat="1">
<core>AddSub</core>
<MemPortIdVec></MemPortIdVec>
<condition id="-1">
<or_exp><and_exp></and_exp></or_exp>
</condition>

<node id="30" bw="7" op_0_bw="7" op_1_bw="7">
<![CDATA[
.preheader2.preheader:4  %indvar_flatten_next = add i7 %indvar_flatten, 1

]]></node>
<StgValue><ssdm name="indvar_flatten_next"/></StgValue>
</operation>

<operation id="29" st_id="4" stage="1" lat="1">
<core>NULL</core>
<MemPortIdVec></MemPortIdVec>
<condition id="-1">
<or_exp><and_exp></and_exp></or_exp>
</condition>

<node id="31" bw="0" op_0_bw="1" op_1_bw="0" op_2_bw="0">
<![CDATA[
.preheader2.preheader:5  br i1 %exitcond_flatten, label %.preheader1, label %.preheader2

]]></node>
<StgValue><ssdm name=""/></StgValue>
</operation>

<operation id="30" st_id="4" stage="1" lat="1">
<core>Cmp</core>
<MemPortIdVec></MemPortIdVec>
<condition id="0">
<or_exp><and_exp><literal name="exitcond_flatten" val="0"/>
</and_exp></or_exp>
</condition>

<node id="35" bw="1" op_0_bw="4" op_1_bw="4">
<![CDATA[
.preheader2:2  %exitcond = icmp eq i4 %i_1, -8

]]></node>
<StgValue><ssdm name="exitcond"/></StgValue>
</operation>

<operation id="31" st_id="4" stage="1" lat="1">
<core>Sel</core>
<MemPortIdVec></MemPortIdVec>
<condition id="0">
<or_exp><and_exp><literal name="exitcond_flatten" val="0"/>
</and_exp></or_exp>
</condition>

<node id="36" bw="4" op_0_bw="1" op_1_bw="4" op_2_bw="4">
<![CDATA[
.preheader2:3  %i_1_mid2 = select i1 %exitcond, i4 0, i4 %i_1

]]></node>
<StgValue><ssdm name="i_1_mid2"/></StgValue>
</operation>

<operation id="32" st_id="4" stage="1" lat="1">
<core>AddSub</core>
<MemPortIdVec></MemPortIdVec>
<condition id="0">
<or_exp><and_exp><literal name="exitcond_flatten" val="0"/>
</and_exp></or_exp>
</condition>

<node id="37" bw="4" op_0_bw="4" op_1_bw="4">
<![CDATA[
.preheader2:4  %j_s = add i4 %j, 1

]]></node>
<StgValue><ssdm name="j_s"/></StgValue>
</operation>

<operation id="33" st_id="4" stage="1" lat="1">
<core>Sel</core>
<MemPortIdVec></MemPortIdVec>
<condition id="0">
<or_exp><and_exp><literal name="exitcond_flatten" val="0"/>
</and_exp></or_exp>
</condition>

<node id="38" bw="4" op_0_bw="1" op_1_bw="4" op_2_bw="4">
<![CDATA[
.preheader2:5  %j_mid2 = select i1 %exitcond, i4 %j_s, i4 %j

]]></node>
<StgValue><ssdm name="j_mid2"/></StgValue>
</operation>

<operation id="34" st_id="4" stage="1" lat="1">
<core>NULL</core>
<MemPortIdVec></MemPortIdVec>
<condition id="0">
<or_exp><and_exp><literal name="exitcond_flatten" val="0"/>
</and_exp></or_exp>
</condition>

<node id="39" bw="8" op_0_bw="4">
<![CDATA[
.preheader2:6  %j_cast5_cast = zext i4 %j_mid2 to i8

]]></node>
<StgValue><ssdm name="j_cast5_cast"/></StgValue>
</operation>

<operation id="35" st_id="4" stage="1" lat="1">
<core>NULL</core>
<MemPortIdVec></MemPortIdVec>
<condition id="0">
<or_exp><and_exp><literal name="exitcond_flatten" val="0"/>
</and_exp></or_exp>
</condition>

<node id="44" bw="7" op_0_bw="7" op_1_bw="4" op_2_bw="3">
<![CDATA[
.preheader2:11  %tmp = call i7 @_ssdm_op_BitConcatenate.i7.i4.i3(i4 %i_1_mid2, i3 0)

]]></node>
<StgValue><ssdm name="tmp"/></StgValue>
</operation>

<operation id="36" st_id="4" stage="1" lat="1">
<core>NULL</core>
<MemPortIdVec></MemPortIdVec>
<condition id="0">
<or_exp><and_exp><literal name="exitcond_flatten" val="0"/>
</and_exp></or_exp>
</condition>

<node id="45" bw="8" op_0_bw="7">
<![CDATA[
.preheader2:12  %p_addr_cast = zext i7 %tmp to i8

]]></node>
<StgValue><ssdm name="p_addr_cast"/></StgValue>
</operation>

<operation id="37" st_id="4" stage="1" lat="1">
<core>AddSub</core>
<MemPortIdVec></MemPortIdVec>
<condition id="0">
<or_exp><and_exp><literal name="exitcond_flatten" val="0"/>
</and_exp></or_exp>
</condition>

<node id="46" bw="8" op_0_bw="8" op_1_bw="8">
<![CDATA[
.preheader2:13  %p_addr4 = add i8 %p_addr_cast, %j_cast5_cast

]]></node>
<StgValue><ssdm name="p_addr4"/></StgValue>
</operation>

<operation id="38" st_id="4" stage="1" lat="1">
<core>NULL</core>
<MemPortIdVec></MemPortIdVec>
<condition id="0">
<or_exp><and_exp><literal name="exitcond_flatten" val="0"/>
</and_exp></or_exp>
</condition>

<node id="47" bw="32" op_0_bw="8">
<![CDATA[
.preheader2:14  %p_addr4_cast = zext i8 %p_addr4 to i32

]]></node>
<StgValue><ssdm name="p_addr4_cast"/></StgValue>
</operation>

<operation id="39" st_id="4" stage="1" lat="1">
<core>NULL</core>
<MemPortIdVec></MemPortIdVec>
<condition id="0">
<or_exp><and_exp><literal name="exitcond_flatten" val="0"/>
</and_exp></or_exp>
</condition>

<node id="48" bw="6" op_0_bw="16" op_1_bw="32" op_2_bw="32">
<![CDATA[
.preheader2:15  %row_outbuf_addr = getelementptr [64 x i16]* %row_outbuf, i32 0, i32 %p_addr4_cast

]]></node>
<StgValue><ssdm name="row_outbuf_addr"/></StgValue>
</operation>

<operation id="40" st_id="4" stage="2" lat="2">
<core>RAM</core>
<MemPortIdVec>0 </MemPortIdVec>
<condition id="0">
<or_exp><and_exp><literal name="exitcond_flatten" val="0"/>
</and_exp></or_exp>
</condition>

<node id="49" bw="16" op_0_bw="6">
<![CDATA[
.preheader2:16  %row_outbuf_load = load i16* %row_outbuf_addr, align 2

]]></node>
<StgValue><ssdm name="row_outbuf_load"/></StgValue>
</operation>

<operation id="41" st_id="4" stage="1" lat="1">
<core>AddSub</core>
<MemPortIdVec></MemPortIdVec>
<condition id="0">
<or_exp><and_exp><literal name="exitcond_flatten" val="0"/>
</and_exp></or_exp>
</condition>

<node id="57" bw="4" op_0_bw="4" op_1_bw="4">
<![CDATA[
.preheader2:24  %i_6 = add i4 %i_1_mid2, 1

]]></node>
<StgValue><ssdm name="i_6"/></StgValue>
</operation>
</state>

<state id="5" st_id="5">

<operation id="42" st_id="5" stage="1" lat="1">
<core>NULL</core>
<MemPortIdVec></MemPortIdVec>
<condition id="0">
<or_exp><and_exp><literal name="exitcond_flatten" val="0"/>
</and_exp></or_exp>
</condition>

<node id="33" bw="0" op_0_bw="0" op_1_bw="8">
<![CDATA[
.preheader2:0  call void (...)* @_ssdm_op_SpecLoopName([42 x i8]* @str3)

]]></node>
<StgValue><ssdm name=""/></StgValue>
</operation>

<operation id="43" st_id="5" stage="1" lat="1">
<core>NULL</core>
<MemPortIdVec></MemPortIdVec>
<condition id="0">
<or_exp><and_exp><literal name="exitcond_flatten" val="0"/>
</and_exp></or_exp>
</condition>

<node id="34" bw="32" op_0_bw="32" op_1_bw="64" op_2_bw="64" op_3_bw="64">
<![CDATA[
.preheader2:1  %empty_18 = call i32 (...)* @_ssdm_op_SpecLoopTripCount(i64 64, i64 64, i64 64)

]]></node>
<StgValue><ssdm name="empty_18"/></StgValue>
</operation>

<operation id="44" st_id="5" stage="1" lat="1">
<core>NULL</core>
<MemPortIdVec></MemPortIdVec>
<condition id="0">
<or_exp><and_exp><literal name="exitcond_flatten" val="0"/>
</and_exp></or_exp>
</condition>

<node id="40" bw="8" op_0_bw="4">
<![CDATA[
.preheader2:7  %i_1_cast4_cast = zext i4 %i_1_mid2 to i8

]]></node>
<StgValue><ssdm name="i_1_cast4_cast"/></StgValue>
</operation>

<operation id="45" st_id="5" stage="1" lat="1">
<core>NULL</core>
<MemPortIdVec></MemPortIdVec>
<condition id="0">
<or_exp><and_exp><literal name="exitcond_flatten" val="0"/>
</and_exp></or_exp>
</condition>

<node id="41" bw="0" op_0_bw="0" op_1_bw="8">
<![CDATA[
.preheader2:8  call void (...)* @_ssdm_op_SpecLoopName([21 x i8]* @p_str5) nounwind

]]></node>
<StgValue><ssdm name=""/></StgValue>
</operation>

<operation id="46" st_id="5" stage="1" lat="1">
<core>NULL</core>
<MemPortIdVec></MemPortIdVec>
<condition id="0">
<or_exp><and_exp><literal name="exitcond_flatten" val="0"/>
</and_exp></or_exp>
</condition>

<node id="42" bw="32" op_0_bw="32" op_1_bw="8">
<![CDATA[
.preheader2:9  %tmp_6 = call i32 (...)* @_ssdm_op_SpecRegionBegin([21 x i8]* @p_str5)

]]></node>
<StgValue><ssdm name="tmp_6"/></StgValue>
</operation>

<operation id="47" st_id="5" stage="1" lat="1">
<core>NULL</core>
<MemPortIdVec></MemPortIdVec>
<condition id="0">
<or_exp><and_exp><literal name="exitcond_flatten" val="0"/>
</and_exp></or_exp>
</condition>

<node id="43" bw="0" op_0_bw="0" op_1_bw="32" op_2_bw="32" op_3_bw="32" op_4_bw="8">
<![CDATA[
.preheader2:10  call void (...)* @_ssdm_op_SpecPipeline(i32 1, i32 1, i32 1, [1 x i8]* @p_str1) nounwind

]]></node>
<StgValue><ssdm name=""/></StgValue>
</operation>

<operation id="48" st_id="5" stage="1" lat="2">
<core>RAM</core>
<MemPortIdVec>0 </MemPortIdVec>
<condition id="0">
<or_exp><and_exp><literal name="exitcond_flatten" val="0"/>
</and_exp></or_exp>
</condition>

<node id="49" bw="16" op_0_bw="6">
<![CDATA[
.preheader2:16  %row_outbuf_load = load i16* %row_outbuf_addr, align 2

]]></node>
<StgValue><ssdm name="row_outbuf_load"/></StgValue>
</operation>

<operation id="49" st_id="5" stage="1" lat="1">
<core>NULL</core>
<MemPortIdVec></MemPortIdVec>
<condition id="0">
<or_exp><and_exp><literal name="exitcond_flatten" val="0"/>
</and_exp></or_exp>
</condition>

<node id="50" bw="7" op_0_bw="7" op_1_bw="4" op_2_bw="3">
<![CDATA[
.preheader2:17  %tmp_4 = call i7 @_ssdm_op_BitConcatenate.i7.i4.i3(i4 %j_mid2, i3 0)

]]></node>
<StgValue><ssdm name="tmp_4"/></StgValue>
</operation>

<operation id="50" st_id="5" stage="1" lat="1">
<core>NULL</core>
<MemPortIdVec></MemPortIdVec>
<condition id="0">
<or_exp><and_exp><literal name="exitcond_flatten" val="0"/>
</and_exp></or_exp>
</condition>

<node id="51" bw="8" op_0_bw="7">
<![CDATA[
.preheader2:18  %p_addr5_cast = zext i7 %tmp_4 to i8

]]></node>
<StgValue><ssdm name="p_addr5_cast"/></StgValue>
</operation>

<operation id="51" st_id="5" stage="1" lat="1">
<core>AddSub</core>
<MemPortIdVec></MemPortIdVec>
<condition id="0">
<or_exp><and_exp><literal name="exitcond_flatten" val="0"/>
</and_exp></or_exp>
</condition>

<node id="52" bw="8" op_0_bw="8" op_1_bw="8">
<![CDATA[
.preheader2:19  %p_addr6 = add i8 %p_addr5_cast, %i_1_cast4_cast

]]></node>
<StgValue><ssdm name="p_addr6"/></StgValue>
</operation>

<operation id="52" st_id="5" stage="1" lat="1">
<core>NULL</core>
<MemPortIdVec></MemPortIdVec>
<condition id="0">
<or_exp><and_exp><literal name="exitcond_flatten" val="0"/>
</and_exp></or_exp>
</condition>

<node id="53" bw="32" op_0_bw="8">
<![CDATA[
.preheader2:20  %p_addr6_cast = zext i8 %p_addr6 to i32

]]></node>
<StgValue><ssdm name="p_addr6_cast"/></StgValue>
</operation>

<operation id="53" st_id="5" stage="1" lat="1">
<core>NULL</core>
<MemPortIdVec></MemPortIdVec>
<condition id="0">
<or_exp><and_exp><literal name="exitcond_flatten" val="0"/>
</and_exp></or_exp>
</condition>

<node id="54" bw="6" op_0_bw="16" op_1_bw="32" op_2_bw="32">
<![CDATA[
.preheader2:21  %col_inbuf_addr = getelementptr [64 x i16]* %col_inbuf, i32 0, i32 %p_addr6_cast

]]></node>
<StgValue><ssdm name="col_inbuf_addr"/></StgValue>
</operation>

<operation id="54" st_id="5" stage="1" lat="1">
<core>RAM</core>
<MemPortIdVec>0 </MemPortIdVec>
<condition id="0">
<or_exp><and_exp><literal name="exitcond_flatten" val="0"/>
</and_exp></or_exp>
</condition>

<node id="55" bw="0" op_0_bw="16" op_1_bw="6">
<![CDATA[
.preheader2:22  store i16 %row_outbuf_load, i16* %col_inbuf_addr, align 2

]]></node>
<StgValue><ssdm name=""/></StgValue>
</operation>

<operation id="55" st_id="5" stage="1" lat="1">
<core>NULL</core>
<MemPortIdVec></MemPortIdVec>
<condition id="0">
<or_exp><and_exp><literal name="exitcond_flatten" val="0"/>
</and_exp></or_exp>
</condition>

<node id="56" bw="32" op_0_bw="32" op_1_bw="8" op_2_bw="32">
<![CDATA[
.preheader2:23  %empty_19 = call i32 (...)* @_ssdm_op_SpecRegionEnd([21 x i8]* @p_str5, i32 %tmp_6)

]]></node>
<StgValue><ssdm name="empty_19"/></StgValue>
</operation>

<operation id="56" st_id="5" stage="1" lat="1">
<core>NULL</core>
<MemPortIdVec></MemPortIdVec>
<condition id="0">
<or_exp><and_exp><literal name="exitcond_flatten" val="0"/>
</and_exp></or_exp>
</condition>

<node id="58" bw="0" op_0_bw="0">
<![CDATA[
.preheader2:25  br label %.preheader2.preheader

]]></node>
<StgValue><ssdm name=""/></StgValue>
</operation>
</state>

<state id="6" st_id="6">

<operation id="57" st_id="6" stage="1" lat="1">
<core>NULL</core>
<MemPortIdVec></MemPortIdVec>
<condition id="45">
<or_exp><and_exp></and_exp></or_exp>
</condition>

<node id="60" bw="4" op_0_bw="4" op_1_bw="0">
<![CDATA[
.preheader1:0  %i_2 = phi i4 [ %i_5, %3 ], [ 0, %.preheader2.preheader ]

]]></node>
<StgValue><ssdm name="i_2"/></StgValue>
</operation>

<operation id="58" st_id="6" stage="1" lat="1">
<core>Cmp</core>
<MemPortIdVec></MemPortIdVec>
<condition id="45">
<or_exp><and_exp></and_exp></or_exp>
</condition>

<node id="61" bw="1" op_0_bw="4" op_1_bw="4">
<![CDATA[
.preheader1:1  %exitcond4 = icmp eq i4 %i_2, -8

]]></node>
<StgValue><ssdm name="exitcond4"/></StgValue>
</operation>

<operation id="59" st_id="6" stage="1" lat="1">
<core>NULL</core>
<MemPortIdVec></MemPortIdVec>
<condition id="45">
<or_exp><and_exp></and_exp></or_exp>
</condition>

<node id="62" bw="32" op_0_bw="32" op_1_bw="64" op_2_bw="64" op_3_bw="64">
<![CDATA[
.preheader1:2  %empty_20 = call i32 (...)* @_ssdm_op_SpecLoopTripCount(i64 8, i64 8, i64 8)

]]></node>
<StgValue><ssdm name="empty_20"/></StgValue>
</operation>

<operation id="60" st_id="6" stage="1" lat="1">
<core>AddSub</core>
<MemPortIdVec></MemPortIdVec>
<condition id="45">
<or_exp><and_exp></and_exp></or_exp>
</condition>

<node id="63" bw="4" op_0_bw="4" op_1_bw="4">
<![CDATA[
.preheader1:3  %i_5 = add i4 %i_2, 1

]]></node>
<StgValue><ssdm name="i_5"/></StgValue>
</operation>

<operation id="61" st_id="6" stage="1" lat="1">
<core>NULL</core>
<MemPortIdVec></MemPortIdVec>
<condition id="45">
<or_exp><and_exp></and_exp></or_exp>
</condition>

<node id="64" bw="0" op_0_bw="1" op_1_bw="0" op_2_bw="0">
<![CDATA[
.preheader1:4  br i1 %exitcond4, label %.preheader.preheader, label %3

]]></node>
<StgValue><ssdm name=""/></StgValue>
</operation>

<operation id="62" st_id="6" stage="2" lat="2">
<core></core>
<MemPortIdVec></MemPortIdVec>
<condition id="47">
<or_exp><and_exp><literal name="exitcond4" val="0"/>
</and_exp></or_exp>
</condition>

<node id="67" bw="0" op_0_bw="0" op_1_bw="16" op_2_bw="4" op_3_bw="16" op_4_bw="4">
<![CDATA[
:1  call fastcc void @dct_1d([64 x i16]* nocapture %col_inbuf, i4 %i_2, [64 x i16]* nocapture %col_outbuf, i4 %i_2)

]]></node>
<StgValue><ssdm name=""/></StgValue>
</operation>
</state>

<state id="7" st_id="7">

<operation id="63" st_id="7" stage="1" lat="1">
<core>NULL</core>
<MemPortIdVec></MemPortIdVec>
<condition id="48">
<or_exp><and_exp></and_exp></or_exp>
</condition>

<node id="66" bw="0" op_0_bw="0" op_1_bw="8">
<![CDATA[
:0  call void (...)* @_ssdm_op_SpecLoopName([13 x i8]* @p_str6) nounwind

]]></node>
<StgValue><ssdm name=""/></StgValue>
</operation>

<operation id="64" st_id="7" stage="1" lat="2">
<core></core>
<MemPortIdVec></MemPortIdVec>
<condition id="48">
<or_exp><and_exp></and_exp></or_exp>
</condition>

<node id="67" bw="0" op_0_bw="0" op_1_bw="16" op_2_bw="4" op_3_bw="16" op_4_bw="4">
<![CDATA[
:1  call fastcc void @dct_1d([64 x i16]* nocapture %col_inbuf, i4 %i_2, [64 x i16]* nocapture %col_outbuf, i4 %i_2)

]]></node>
<StgValue><ssdm name=""/></StgValue>
</operation>

<operation id="65" st_id="7" stage="1" lat="1">
<core>NULL</core>
<MemPortIdVec></MemPortIdVec>
<condition id="48">
<or_exp><and_exp></and_exp></or_exp>
</condition>

<node id="68" bw="0" op_0_bw="0">
<![CDATA[
:2  br label %.preheader1

]]></node>
<StgValue><ssdm name=""/></StgValue>
</operation>
</state>

<state id="8" st_id="8">

<operation id="66" st_id="8" stage="1" lat="1">
<core>NULL</core>
<MemPortIdVec></MemPortIdVec>
<condition id="-1">
<or_exp><and_exp></and_exp></or_exp>
</condition>

<node id="70" bw="7" op_0_bw="7" op_1_bw="0">
<![CDATA[
.preheader.preheader:0  %indvar_flatten2 = phi i7 [ %indvar_flatten_next2, %.preheader ], [ 0, %.preheader1 ]

]]></node>
<StgValue><ssdm name="indvar_flatten2"/></StgValue>
</operation>

<operation id="67" st_id="8" stage="1" lat="1">
<core>NULL</core>
<MemPortIdVec></MemPortIdVec>
<condition id="-1">
<or_exp><and_exp></and_exp></or_exp>
</condition>

<node id="71" bw="4" op_0_bw="4" op_1_bw="0">
<![CDATA[
.preheader.preheader:1  %j_1 = phi i4 [ %j_1_mid2, %.preheader ], [ 0, %.preheader1 ]

]]></node>
<StgValue><ssdm name="j_1"/></StgValue>
</operation>

<operation id="68" st_id="8" stage="1" lat="1">
<core>NULL</core>
<MemPortIdVec></MemPortIdVec>
<condition id="-1">
<or_exp><and_exp></and_exp></or_exp>
</condition>

<node id="72" bw="4" op_0_bw="4" op_1_bw="0">
<![CDATA[
.preheader.preheader:2  %i_3 = phi i4 [ %i_7, %.preheader ], [ 0, %.preheader1 ]

]]></node>
<StgValue><ssdm name="i_3"/></StgValue>
</operation>

<operation id="69" st_id="8" stage="1" lat="1">
<core>Cmp</core>
<MemPortIdVec></MemPortIdVec>
<condition id="-1">
<or_exp><and_exp></and_exp></or_exp>
</condition>

<node id="73" bw="1" op_0_bw="7" op_1_bw="7">
<![CDATA[
.preheader.preheader:3  %exitcond_flatten2 = icmp eq i7 %indvar_flatten2, -64

]]></node>
<StgValue><ssdm name="exitcond_flatten2"/></StgValue>
</operation>

<operation id="70" st_id="8" stage="1" lat="1">
<core>AddSub</core>
<MemPortIdVec></MemPortIdVec>
<condition id="-1">
<or_exp><and_exp></and_exp></or_exp>
</condition>

<node id="74" bw="7" op_0_bw="7" op_1_bw="7">
<![CDATA[
.preheader.preheader:4  %indvar_flatten_next2 = add i7 %indvar_flatten2, 1

]]></node>
<StgValue><ssdm name="indvar_flatten_next2"/></StgValue>
</operation>

<operation id="71" st_id="8" stage="1" lat="1">
<core>NULL</core>
<MemPortIdVec></MemPortIdVec>
<condition id="-1">
<or_exp><and_exp></and_exp></or_exp>
</condition>

<node id="75" bw="0" op_0_bw="1" op_1_bw="0" op_2_bw="0">
<![CDATA[
.preheader.preheader:5  br i1 %exitcond_flatten2, label %4, label %.preheader

]]></node>
<StgValue><ssdm name=""/></StgValue>
</operation>

<operation id="72" st_id="8" stage="1" lat="1">
<core>Cmp</core>
<MemPortIdVec></MemPortIdVec>
<condition id="3">
<or_exp><and_exp><literal name="exitcond_flatten2" val="0"/>
</and_exp></or_exp>
</condition>

<node id="79" bw="1" op_0_bw="4" op_1_bw="4">
<![CDATA[
.preheader:2  %exitcond9 = icmp eq i4 %i_3, -8

]]></node>
<StgValue><ssdm name="exitcond9"/></StgValue>
</operation>

<operation id="73" st_id="8" stage="1" lat="1">
<core>Sel</core>
<MemPortIdVec></MemPortIdVec>
<condition id="3">
<or_exp><and_exp><literal name="exitcond_flatten2" val="0"/>
</and_exp></or_exp>
</condition>

<node id="80" bw="4" op_0_bw="1" op_1_bw="4" op_2_bw="4">
<![CDATA[
.preheader:3  %i_3_mid2 = select i1 %exitcond9, i4 0, i4 %i_3

]]></node>
<StgValue><ssdm name="i_3_mid2"/></StgValue>
</operation>

<operation id="74" st_id="8" stage="1" lat="1">
<core>AddSub</core>
<MemPortIdVec></MemPortIdVec>
<condition id="3">
<or_exp><and_exp><literal name="exitcond_flatten2" val="0"/>
</and_exp></or_exp>
</condition>

<node id="81" bw="4" op_0_bw="4" op_1_bw="4">
<![CDATA[
.preheader:4  %j_2 = add i4 %j_1, 1

]]></node>
<StgValue><ssdm name="j_2"/></StgValue>
</operation>

<operation id="75" st_id="8" stage="1" lat="1">
<core>Sel</core>
<MemPortIdVec></MemPortIdVec>
<condition id="3">
<or_exp><and_exp><literal name="exitcond_flatten2" val="0"/>
</and_exp></or_exp>
</condition>

<node id="82" bw="4" op_0_bw="1" op_1_bw="4" op_2_bw="4">
<![CDATA[
.preheader:5  %j_1_mid2 = select i1 %exitcond9, i4 %j_2, i4 %j_1

]]></node>
<StgValue><ssdm name="j_1_mid2"/></StgValue>
</operation>

<operation id="76" st_id="8" stage="1" lat="1">
<core>NULL</core>
<MemPortIdVec></MemPortIdVec>
<condition id="3">
<or_exp><and_exp><literal name="exitcond_flatten2" val="0"/>
</and_exp></or_exp>
</condition>

<node id="83" bw="8" op_0_bw="4">
<![CDATA[
.preheader:6  %j_1_cast2_cast = zext i4 %j_1_mid2 to i8

]]></node>
<StgValue><ssdm name="j_1_cast2_cast"/></StgValue>
</operation>

<operation id="77" st_id="8" stage="1" lat="1">
<core>NULL</core>
<MemPortIdVec></MemPortIdVec>
<condition id="3">
<or_exp><and_exp><literal name="exitcond_flatten2" val="0"/>
</and_exp></or_exp>
</condition>

<node id="88" bw="7" op_0_bw="7" op_1_bw="4" op_2_bw="3">
<![CDATA[
.preheader:11  %tmp_5 = call i7 @_ssdm_op_BitConcatenate.i7.i4.i3(i4 %i_3_mid2, i3 0)

]]></node>
<StgValue><ssdm name="tmp_5"/></StgValue>
</operation>

<operation id="78" st_id="8" stage="1" lat="1">
<core>NULL</core>
<MemPortIdVec></MemPortIdVec>
<condition id="3">
<or_exp><and_exp><literal name="exitcond_flatten2" val="0"/>
</and_exp></or_exp>
</condition>

<node id="89" bw="8" op_0_bw="7">
<![CDATA[
.preheader:12  %p_addr7_cast = zext i7 %tmp_5 to i8

]]></node>
<StgValue><ssdm name="p_addr7_cast"/></StgValue>
</operation>

<operation id="79" st_id="8" stage="1" lat="1">
<core>AddSub</core>
<MemPortIdVec></MemPortIdVec>
<condition id="3">
<or_exp><and_exp><literal name="exitcond_flatten2" val="0"/>
</and_exp></or_exp>
</condition>

<node id="90" bw="8" op_0_bw="8" op_1_bw="8">
<![CDATA[
.preheader:13  %p_addr8 = add i8 %p_addr7_cast, %j_1_cast2_cast

]]></node>
<StgValue><ssdm name="p_addr8"/></StgValue>
</operation>

<operation id="80" st_id="8" stage="1" lat="1">
<core>NULL</core>
<MemPortIdVec></MemPortIdVec>
<condition id="3">
<or_exp><and_exp><literal name="exitcond_flatten2" val="0"/>
</and_exp></or_exp>
</condition>

<node id="91" bw="32" op_0_bw="8">
<![CDATA[
.preheader:14  %p_addr8_cast = zext i8 %p_addr8 to i32

]]></node>
<StgValue><ssdm name="p_addr8_cast"/></StgValue>
</operation>

<operation id="81" st_id="8" stage="1" lat="1">
<core>NULL</core>
<MemPortIdVec></MemPortIdVec>
<condition id="3">
<or_exp><and_exp><literal name="exitcond_flatten2" val="0"/>
</and_exp></or_exp>
</condition>

<node id="92" bw="6" op_0_bw="16" op_1_bw="32" op_2_bw="32">
<![CDATA[
.preheader:15  %col_outbuf_addr = getelementptr [64 x i16]* %col_outbuf, i32 0, i32 %p_addr8_cast

]]></node>
<StgValue><ssdm name="col_outbuf_addr"/></StgValue>
</operation>

<operation id="82" st_id="8" stage="2" lat="2">
<core>RAM</core>
<MemPortIdVec>0 </MemPortIdVec>
<condition id="3">
<or_exp><and_exp><literal name="exitcond_flatten2" val="0"/>
</and_exp></or_exp>
</condition>

<node id="93" bw="16" op_0_bw="6">
<![CDATA[
.preheader:16  %col_outbuf_load = load i16* %col_outbuf_addr, align 2

]]></node>
<StgValue><ssdm name="col_outbuf_load"/></StgValue>
</operation>

<operation id="83" st_id="8" stage="1" lat="1">
<core>AddSub</core>
<MemPortIdVec></MemPortIdVec>
<condition id="3">
<or_exp><and_exp><literal name="exitcond_flatten2" val="0"/>
</and_exp></or_exp>
</condition>

<node id="101" bw="4" op_0_bw="4" op_1_bw="4">
<![CDATA[
.preheader:24  %i_7 = add i4 %i_3_mid2, 1

]]></node>
<StgValue><ssdm name="i_7"/></StgValue>
</operation>
</state>

<state id="9" st_id="9">

<operation id="84" st_id="9" stage="1" lat="1">
<core>NULL</core>
<MemPortIdVec></MemPortIdVec>
<condition id="3">
<or_exp><and_exp><literal name="exitcond_flatten2" val="0"/>
</and_exp></or_exp>
</condition>

<node id="77" bw="0" op_0_bw="0" op_1_bw="8">
<![CDATA[
.preheader:0  call void (...)* @_ssdm_op_SpecLoopName([42 x i8]* @str4)

]]></node>
<StgValue><ssdm name=""/></StgValue>
</operation>

<operation id="85" st_id="9" stage="1" lat="1">
<core>NULL</core>
<MemPortIdVec></MemPortIdVec>
<condition id="3">
<or_exp><and_exp><literal name="exitcond_flatten2" val="0"/>
</and_exp></or_exp>
</condition>

<node id="78" bw="32" op_0_bw="32" op_1_bw="64" op_2_bw="64" op_3_bw="64">
<![CDATA[
.preheader:1  %empty_21 = call i32 (...)* @_ssdm_op_SpecLoopTripCount(i64 64, i64 64, i64 64)

]]></node>
<StgValue><ssdm name="empty_21"/></StgValue>
</operation>

<operation id="86" st_id="9" stage="1" lat="1">
<core>NULL</core>
<MemPortIdVec></MemPortIdVec>
<condition id="3">
<or_exp><and_exp><literal name="exitcond_flatten2" val="0"/>
</and_exp></or_exp>
</condition>

<node id="84" bw="8" op_0_bw="4">
<![CDATA[
.preheader:7  %i_3_cast1_cast = zext i4 %i_3_mid2 to i8

]]></node>
<StgValue><ssdm name="i_3_cast1_cast"/></StgValue>
</operation>

<operation id="87" st_id="9" stage="1" lat="1">
<core>NULL</core>
<MemPortIdVec></MemPortIdVec>
<condition id="3">
<or_exp><and_exp><literal name="exitcond_flatten2" val="0"/>
</and_exp></or_exp>
</condition>

<node id="85" bw="0" op_0_bw="0" op_1_bw="8">
<![CDATA[
.preheader:8  call void (...)* @_ssdm_op_SpecLoopName([21 x i8]* @p_str8) nounwind

]]></node>
<StgValue><ssdm name=""/></StgValue>
</operation>

<operation id="88" st_id="9" stage="1" lat="1">
<core>NULL</core>
<MemPortIdVec></MemPortIdVec>
<condition id="3">
<or_exp><and_exp><literal name="exitcond_flatten2" val="0"/>
</and_exp></or_exp>
</condition>

<node id="86" bw="32" op_0_bw="32" op_1_bw="8">
<![CDATA[
.preheader:9  %tmp_7 = call i32 (...)* @_ssdm_op_SpecRegionBegin([21 x i8]* @p_str8)

]]></node>
<StgValue><ssdm name="tmp_7"/></StgValue>
</operation>

<operation id="89" st_id="9" stage="1" lat="1">
<core>NULL</core>
<MemPortIdVec></MemPortIdVec>
<condition id="3">
<or_exp><and_exp><literal name="exitcond_flatten2" val="0"/>
</and_exp></or_exp>
</condition>

<node id="87" bw="0" op_0_bw="0" op_1_bw="32" op_2_bw="32" op_3_bw="32" op_4_bw="8">
<![CDATA[
.preheader:10  call void (...)* @_ssdm_op_SpecPipeline(i32 1, i32 1, i32 1, [1 x i8]* @p_str1) nounwind

]]></node>
<StgValue><ssdm name=""/></StgValue>
</operation>

<operation id="90" st_id="9" stage="1" lat="2">
<core>RAM</core>
<MemPortIdVec>0 </MemPortIdVec>
<condition id="3">
<or_exp><and_exp><literal name="exitcond_flatten2" val="0"/>
</and_exp></or_exp>
</condition>

<node id="93" bw="16" op_0_bw="6">
<![CDATA[
.preheader:16  %col_outbuf_load = load i16* %col_outbuf_addr, align 2

]]></node>
<StgValue><ssdm name="col_outbuf_load"/></StgValue>
</operation>

<operation id="91" st_id="9" stage="1" lat="1">
<core>NULL</core>
<MemPortIdVec></MemPortIdVec>
<condition id="3">
<or_exp><and_exp><literal name="exitcond_flatten2" val="0"/>
</and_exp></or_exp>
</condition>

<node id="94" bw="7" op_0_bw="7" op_1_bw="4" op_2_bw="3">
<![CDATA[
.preheader:17  %tmp_8 = call i7 @_ssdm_op_BitConcatenate.i7.i4.i3(i4 %j_1_mid2, i3 0)

]]></node>
<StgValue><ssdm name="tmp_8"/></StgValue>
</operation>

<operation id="92" st_id="9" stage="1" lat="1">
<core>NULL</core>
<MemPortIdVec></MemPortIdVec>
<condition id="3">
<or_exp><and_exp><literal name="exitcond_flatten2" val="0"/>
</and_exp></or_exp>
</condition>

<node id="95" bw="8" op_0_bw="7">
<![CDATA[
.preheader:18  %p_addr1_cast = zext i7 %tmp_8 to i8

]]></node>
<StgValue><ssdm name="p_addr1_cast"/></StgValue>
</operation>

<operation id="93" st_id="9" stage="1" lat="1">
<core>AddSub</core>
<MemPortIdVec></MemPortIdVec>
<condition id="3">
<or_exp><and_exp><literal name="exitcond_flatten2" val="0"/>
</and_exp></or_exp>
</condition>

<node id="96" bw="8" op_0_bw="8" op_1_bw="8">
<![CDATA[
.preheader:19  %p_addr2 = add i8 %p_addr1_cast, %i_3_cast1_cast

]]></node>
<StgValue><ssdm name="p_addr2"/></StgValue>
</operation>

<operation id="94" st_id="9" stage="1" lat="1">
<core>NULL</core>
<MemPortIdVec></MemPortIdVec>
<condition id="3">
<or_exp><and_exp><literal name="exitcond_flatten2" val="0"/>
</and_exp></or_exp>
</condition>

<node id="97" bw="32" op_0_bw="8">
<![CDATA[
.preheader:20  %p_addr2_cast = zext i8 %p_addr2 to i32

]]></node>
<StgValue><ssdm name="p_addr2_cast"/></StgValue>
</operation>

<operation id="95" st_id="9" stage="1" lat="1">
<core>NULL</core>
<MemPortIdVec></MemPortIdVec>
<condition id="3">
<or_exp><and_exp><literal name="exitcond_flatten2" val="0"/>
</and_exp></or_exp>
</condition>

<node id="98" bw="6" op_0_bw="16" op_1_bw="32" op_2_bw="32">
<![CDATA[
.preheader:21  %out_block_addr = getelementptr [64 x i16]* %out_block, i32 0, i32 %p_addr2_cast

]]></node>
<StgValue><ssdm name="out_block_addr"/></StgValue>
</operation>

<operation id="96" st_id="9" stage="1" lat="1">
<core>RAM</core>
<MemPortIdVec>0 </MemPortIdVec>
<condition id="3">
<or_exp><and_exp><literal name="exitcond_flatten2" val="0"/>
</and_exp></or_exp>
</condition>

<node id="99" bw="0" op_0_bw="16" op_1_bw="6">
<![CDATA[
.preheader:22  store i16 %col_outbuf_load, i16* %out_block_addr, align 2

]]></node>
<StgValue><ssdm name=""/></StgValue>
</operation>

<operation id="97" st_id="9" stage="1" lat="1">
<core>NULL</core>
<MemPortIdVec></MemPortIdVec>
<condition id="3">
<or_exp><and_exp><literal name="exitcond_flatten2" val="0"/>
</and_exp></or_exp>
</condition>

<node id="100" bw="32" op_0_bw="32" op_1_bw="8" op_2_bw="32">
<![CDATA[
.preheader:23  %empty_22 = call i32 (...)* @_ssdm_op_SpecRegionEnd([21 x i8]* @p_str8, i32 %tmp_7)

]]></node>
<StgValue><ssdm name="empty_22"/></StgValue>
</operation>

<operation id="98" st_id="9" stage="1" lat="1">
<core>NULL</core>
<MemPortIdVec></MemPortIdVec>
<condition id="3">
<or_exp><and_exp><literal name="exitcond_flatten2" val="0"/>
</and_exp></or_exp>
</condition>

<node id="102" bw="0" op_0_bw="0">
<![CDATA[
.preheader:25  br label %.preheader.preheader

]]></node>
<StgValue><ssdm name=""/></StgValue>
</operation>
</state>

<state id="10" st_id="10">

<operation id="99" st_id="10" stage="1" lat="1">
<core>NULL</core>
<MemPortIdVec></MemPortIdVec>
<condition id="49">
<or_exp><and_exp></and_exp></or_exp>
</condition>

<node id="104" bw="0">
<![CDATA[
:0  ret void

]]></node>
<StgValue><ssdm name=""/></StgValue>
</operation>
</state>
</state_list>


<ports>
<port id="125" name="in_block" dir="0" iftype="1">
<core>RAM</core><StgValue><ssdm name="in_block"/><MemPortTyVec>1 1 </MemPortTyVec>
</StgValue>
</port>
<port id="126" name="out_block" dir="1" iftype="1">
<core>RAM</core><StgValue><ssdm name="out_block"/><MemPortTyVec>0 3 </MemPortTyVec>
</StgValue>
</port>
<port id="127" name="dct_coeff_table_0" dir="0" iftype="1">
<core>ROM_nP</core><StgValue><ssdm name="dct_coeff_table_0"/><MemPortTyVec>1 </MemPortTyVec>
</StgValue>
</port>
<port id="128" name="dct_coeff_table_1" dir="0" iftype="1">
<core>ROM_nP</core><StgValue><ssdm name="dct_coeff_table_1"/><MemPortTyVec>1 </MemPortTyVec>
</StgValue>
</port>
<port id="129" name="dct_coeff_table_2" dir="0" iftype="1">
<core>ROM_nP</core><StgValue><ssdm name="dct_coeff_table_2"/><MemPortTyVec>1 </MemPortTyVec>
</StgValue>
</port>
<port id="130" name="dct_coeff_table_3" dir="0" iftype="1">
<core>ROM_nP</core><StgValue><ssdm name="dct_coeff_table_3"/><MemPortTyVec>1 </MemPortTyVec>
</StgValue>
</port>
<port id="131" name="dct_coeff_table_4" dir="0" iftype="1">
<core>ROM_nP</core><StgValue><ssdm name="dct_coeff_table_4"/><MemPortTyVec>1 </MemPortTyVec>
</StgValue>
</port>
<port id="132" name="dct_coeff_table_5" dir="0" iftype="1">
<core>ROM_nP</core><StgValue><ssdm name="dct_coeff_table_5"/><MemPortTyVec>1 </MemPortTyVec>
</StgValue>
</port>
<port id="133" name="dct_coeff_table_6" dir="0" iftype="1">
<core>ROM_nP</core><StgValue><ssdm name="dct_coeff_table_6"/><MemPortTyVec>1 </MemPortTyVec>
</StgValue>
</port>
<port id="134" name="dct_coeff_table_7" dir="0" iftype="1">
<core>ROM_nP</core><StgValue><ssdm name="dct_coeff_table_7"/><MemPortTyVec>1 </MemPortTyVec>
</StgValue>
</port>
</ports>


<dataflows>
<dataflow id="136" from="stg_135" to="row_outbuf" fromId="135" toId="11">
</dataflow>
<dataflow id="137" from="stg_135" to="col_outbuf" fromId="135" toId="12">
</dataflow>
<dataflow id="138" from="stg_135" to="col_inbuf" fromId="135" toId="13">
</dataflow>
<dataflow id="140" from="stg_139" to="i" fromId="139" toId="15">
<condition id="159">
<or_exp><and_exp></and_exp></or_exp>
</condition>
</dataflow>
<dataflow id="141" from="stg_14" to="i" fromId="14" toId="15">
</dataflow>
<dataflow id="142" from="i_4" to="i" fromId="18" toId="15">
<BackEdge/>
<condition id="160">
<or_exp><and_exp></and_exp></or_exp>
</condition>
</dataflow>
<dataflow id="143" from="stg_23" to="i" fromId="23" toId="15">
<BackEdge/>
</dataflow>
<dataflow id="144" from="i" to="exitcond7" fromId="15" toId="16">
</dataflow>
<dataflow id="146" from="stg_145" to="exitcond7" fromId="145" toId="16">
</dataflow>
<dataflow id="148" from="_ssdm_op_SpecLoopTripCount" to="empty" fromId="147" toId="17">
</dataflow>
<dataflow id="150" from="stg_149" to="empty" fromId="149" toId="17">
</dataflow>
<dataflow id="151" from="stg_149" to="empty" fromId="149" toId="17">
</dataflow>
<dataflow id="152" from="stg_149" to="empty" fromId="149" toId="17">
</dataflow>
<dataflow id="153" from="i" to="i_4" fromId="15" toId="18">
</dataflow>
<dataflow id="155" from="stg_154" to="i_4" fromId="154" toId="18">
</dataflow>
<dataflow id="156" from="exitcond7" to="stg_19" fromId="16" toId="19">
</dataflow>
<dataflow id="158" from="dct_1d" to="stg_20" fromId="157" toId="20">
</dataflow>
<dataflow id="159" from="in_block" to="stg_20" fromId="125" toId="20">
</dataflow>
<dataflow id="160" from="i" to="stg_20" fromId="15" toId="20">
</dataflow>
<dataflow id="161" from="row_outbuf" to="stg_20" fromId="11" toId="20">
</dataflow>
<dataflow id="162" from="i" to="stg_20" fromId="15" toId="20">
</dataflow>
<dataflow id="163" from="dct_coeff_table_0" to="stg_20" fromId="127" toId="20">
</dataflow>
<dataflow id="164" from="dct_coeff_table_1" to="stg_20" fromId="128" toId="20">
</dataflow>
<dataflow id="165" from="dct_coeff_table_2" to="stg_20" fromId="129" toId="20">
</dataflow>
<dataflow id="166" from="dct_coeff_table_3" to="stg_20" fromId="130" toId="20">
</dataflow>
<dataflow id="167" from="dct_coeff_table_4" to="stg_20" fromId="131" toId="20">
</dataflow>
<dataflow id="168" from="dct_coeff_table_5" to="stg_20" fromId="132" toId="20">
</dataflow>
<dataflow id="169" from="dct_coeff_table_6" to="stg_20" fromId="133" toId="20">
</dataflow>
<dataflow id="170" from="dct_coeff_table_7" to="stg_20" fromId="134" toId="20">
</dataflow>
<dataflow id="172" from="_ssdm_op_SpecLoopName" to="stg_21" fromId="171" toId="21">
</dataflow>
<dataflow id="174" from="p_str3" to="stg_21" fromId="173" toId="21">
</dataflow>
<dataflow id="175" from="dct_1d" to="stg_22" fromId="157" toId="22">
</dataflow>
<dataflow id="176" from="in_block" to="stg_22" fromId="125" toId="22">
</dataflow>
<dataflow id="177" from="i" to="stg_22" fromId="15" toId="22">
</dataflow>
<dataflow id="178" from="row_outbuf" to="stg_22" fromId="11" toId="22">
</dataflow>
<dataflow id="179" from="i" to="stg_22" fromId="15" toId="22">
</dataflow>
<dataflow id="180" from="dct_coeff_table_0" to="stg_22" fromId="127" toId="22">
</dataflow>
<dataflow id="181" from="dct_coeff_table_1" to="stg_22" fromId="128" toId="22">
</dataflow>
<dataflow id="182" from="dct_coeff_table_2" to="stg_22" fromId="129" toId="22">
</dataflow>
<dataflow id="183" from="dct_coeff_table_3" to="stg_22" fromId="130" toId="22">
</dataflow>
<dataflow id="184" from="dct_coeff_table_4" to="stg_22" fromId="131" toId="22">
</dataflow>
<dataflow id="185" from="dct_coeff_table_5" to="stg_22" fromId="132" toId="22">
</dataflow>
<dataflow id="186" from="dct_coeff_table_6" to="stg_22" fromId="133" toId="22">
</dataflow>
<dataflow id="187" from="dct_coeff_table_7" to="stg_22" fromId="134" toId="22">
</dataflow>
<dataflow id="188" from="indvar_flatten_next" to="indvar_flatten" fromId="28" toId="24">
<BackEdge/>
<condition id="161">
<or_exp><and_exp><literal name="exitcond_flatten" val="0"/>
</and_exp></or_exp>
</condition>
</dataflow>
<dataflow id="189" from="stg_56" to="indvar_flatten" fromId="56" toId="24">
<BackEdge/>
</dataflow>
<dataflow id="191" from="stg_190" to="indvar_flatten" fromId="190" toId="24">
<condition id="162">
<or_exp><and_exp><literal name="exitcond7" val="1"/>
</and_exp></or_exp>
</condition>
</dataflow>
<dataflow id="192" from="stg_19" to="indvar_flatten" fromId="19" toId="24">
</dataflow>
<dataflow id="193" from="j_mid2" to="j" fromId="33" toId="25">
<BackEdge/>
<condition id="163">
<or_exp><and_exp><literal name="exitcond_flatten" val="0"/>
</and_exp></or_exp>
</condition>
</dataflow>
<dataflow id="194" from="stg_56" to="j" fromId="56" toId="25">
<BackEdge/>
</dataflow>
<dataflow id="195" from="stg_139" to="j" fromId="139" toId="25">
<condition id="164">
<or_exp><and_exp><literal name="exitcond7" val="1"/>
</and_exp></or_exp>
</condition>
</dataflow>
<dataflow id="196" from="stg_19" to="j" fromId="19" toId="25">
</dataflow>
<dataflow id="197" from="i_6" to="i_1" fromId="41" toId="26">
<BackEdge/>
<condition id="165">
<or_exp><and_exp><literal name="exitcond_flatten" val="0"/>
</and_exp></or_exp>
</condition>
</dataflow>
<dataflow id="198" from="stg_56" to="i_1" fromId="56" toId="26">
<BackEdge/>
</dataflow>
<dataflow id="199" from="stg_139" to="i_1" fromId="139" toId="26">
<condition id="166">
<or_exp><and_exp><literal name="exitcond7" val="1"/>
</and_exp></or_exp>
</condition>
</dataflow>
<dataflow id="200" from="stg_19" to="i_1" fromId="19" toId="26">
</dataflow>
<dataflow id="201" from="indvar_flatten" to="exitcond_flatten" fromId="24" toId="27">
</dataflow>
<dataflow id="203" from="stg_202" to="exitcond_flatten" fromId="202" toId="27">
</dataflow>
<dataflow id="204" from="indvar_flatten" to="indvar_flatten_next" fromId="24" toId="28">
</dataflow>
<dataflow id="206" from="stg_205" to="indvar_flatten_next" fromId="205" toId="28">
</dataflow>
<dataflow id="207" from="exitcond_flatten" to="stg_29" fromId="27" toId="29">
</dataflow>
<dataflow id="208" from="i_1" to="exitcond" fromId="26" toId="30">
</dataflow>
<dataflow id="209" from="stg_145" to="exitcond" fromId="145" toId="30">
</dataflow>
<dataflow id="210" from="exitcond" to="i_1_mid2" fromId="30" toId="31">
</dataflow>
<dataflow id="211" from="stg_139" to="i_1_mid2" fromId="139" toId="31">
</dataflow>
<dataflow id="212" from="i_1" to="i_1_mid2" fromId="26" toId="31">
</dataflow>
<dataflow id="213" from="j" to="j_s" fromId="25" toId="32">
</dataflow>
<dataflow id="214" from="stg_154" to="j_s" fromId="154" toId="32">
</dataflow>
<dataflow id="215" from="exitcond" to="j_mid2" fromId="30" toId="33">
</dataflow>
<dataflow id="216" from="j_s" to="j_mid2" fromId="32" toId="33">
</dataflow>
<dataflow id="217" from="j" to="j_mid2" fromId="25" toId="33">
</dataflow>
<dataflow id="218" from="j_mid2" to="j_cast5_cast" fromId="33" toId="34">
</dataflow>
<dataflow id="220" from="_ssdm_op_BitConcatenate.i7.i4.i3" to="tmp" fromId="219" toId="35">
</dataflow>
<dataflow id="221" from="i_1_mid2" to="tmp" fromId="31" toId="35">
</dataflow>
<dataflow id="223" from="stg_222" to="tmp" fromId="222" toId="35">
</dataflow>
<dataflow id="224" from="tmp" to="p_addr_cast" fromId="35" toId="36">
</dataflow>
<dataflow id="225" from="p_addr_cast" to="p_addr4" fromId="36" toId="37">
</dataflow>
<dataflow id="226" from="j_cast5_cast" to="p_addr4" fromId="34" toId="37">
</dataflow>
<dataflow id="227" from="p_addr4" to="p_addr4_cast" fromId="37" toId="38">
</dataflow>
<dataflow id="228" from="row_outbuf" to="row_outbuf_addr" fromId="11" toId="39">
</dataflow>
<dataflow id="230" from="stg_229" to="row_outbuf_addr" fromId="229" toId="39">
</dataflow>
<dataflow id="231" from="p_addr4_cast" to="row_outbuf_addr" fromId="38" toId="39">
</dataflow>
<dataflow id="232" from="row_outbuf_addr" to="row_outbuf_load" fromId="39" toId="40">
</dataflow>
<dataflow id="233" from="i_1_mid2" to="i_6" fromId="31" toId="41">
</dataflow>
<dataflow id="234" from="stg_154" to="i_6" fromId="154" toId="41">
</dataflow>
<dataflow id="235" from="_ssdm_op_SpecLoopName" to="stg_42" fromId="171" toId="42">
</dataflow>
<dataflow id="237" from="str3" to="stg_42" fromId="236" toId="42">
</dataflow>
<dataflow id="238" from="_ssdm_op_SpecLoopTripCount" to="empty_18" fromId="147" toId="43">
</dataflow>
<dataflow id="240" from="stg_239" to="empty_18" fromId="239" toId="43">
</dataflow>
<dataflow id="241" from="stg_239" to="empty_18" fromId="239" toId="43">
</dataflow>
<dataflow id="242" from="stg_239" to="empty_18" fromId="239" toId="43">
</dataflow>
<dataflow id="243" from="i_1_mid2" to="i_1_cast4_cast" fromId="31" toId="44">
</dataflow>
<dataflow id="244" from="_ssdm_op_SpecLoopName" to="stg_45" fromId="171" toId="45">
</dataflow>
<dataflow id="246" from="p_str5" to="stg_45" fromId="245" toId="45">
</dataflow>
<dataflow id="248" from="_ssdm_op_SpecRegionBegin" to="tmp_6" fromId="247" toId="46">
</dataflow>
<dataflow id="249" from="p_str5" to="tmp_6" fromId="245" toId="46">
</dataflow>
<dataflow id="251" from="_ssdm_op_SpecPipeline" to="stg_47" fromId="250" toId="47">
</dataflow>
<dataflow id="252" from="stg_135" to="stg_47" fromId="135" toId="47">
</dataflow>
<dataflow id="253" from="stg_135" to="stg_47" fromId="135" toId="47">
</dataflow>
<dataflow id="254" from="stg_135" to="stg_47" fromId="135" toId="47">
</dataflow>
<dataflow id="256" from="p_str1" to="stg_47" fromId="255" toId="47">
</dataflow>
<dataflow id="257" from="row_outbuf_addr" to="row_outbuf_load" fromId="39" toId="48">
</dataflow>
<dataflow id="258" from="_ssdm_op_BitConcatenate.i7.i4.i3" to="tmp_4" fromId="219" toId="49">
</dataflow>
<dataflow id="259" from="j_mid2" to="tmp_4" fromId="33" toId="49">
</dataflow>
<dataflow id="260" from="stg_222" to="tmp_4" fromId="222" toId="49">
</dataflow>
<dataflow id="261" from="tmp_4" to="p_addr5_cast" fromId="49" toId="50">
</dataflow>
<dataflow id="262" from="p_addr5_cast" to="p_addr6" fromId="50" toId="51">
</dataflow>
<dataflow id="263" from="i_1_cast4_cast" to="p_addr6" fromId="44" toId="51">
</dataflow>
<dataflow id="264" from="p_addr6" to="p_addr6_cast" fromId="51" toId="52">
</dataflow>
<dataflow id="265" from="col_inbuf" to="col_inbuf_addr" fromId="13" toId="53">
</dataflow>
<dataflow id="266" from="stg_229" to="col_inbuf_addr" fromId="229" toId="53">
</dataflow>
<dataflow id="267" from="p_addr6_cast" to="col_inbuf_addr" fromId="52" toId="53">
</dataflow>
<dataflow id="268" from="row_outbuf_load" to="stg_54" fromId="48" toId="54">
</dataflow>
<dataflow id="269" from="col_inbuf_addr" to="stg_54" fromId="53" toId="54">
</dataflow>
<dataflow id="271" from="_ssdm_op_SpecRegionEnd" to="empty_19" fromId="270" toId="55">
</dataflow>
<dataflow id="272" from="p_str5" to="empty_19" fromId="245" toId="55">
</dataflow>
<dataflow id="273" from="tmp_6" to="empty_19" fromId="46" toId="55">
</dataflow>
<dataflow id="274" from="i_5" to="i_2" fromId="60" toId="57">
<BackEdge/>
<condition id="167">
<or_exp><and_exp></and_exp></or_exp>
</condition>
</dataflow>
<dataflow id="275" from="stg_65" to="i_2" fromId="65" toId="57">
<BackEdge/>
</dataflow>
<dataflow id="276" from="stg_139" to="i_2" fromId="139" toId="57">
<condition id="168">
<or_exp><and_exp><literal name="exitcond_flatten" val="1"/>
</and_exp></or_exp>
</condition>
</dataflow>
<dataflow id="277" from="stg_29" to="i_2" fromId="29" toId="57">
</dataflow>
<dataflow id="278" from="i_2" to="exitcond4" fromId="57" toId="58">
</dataflow>
<dataflow id="279" from="stg_145" to="exitcond4" fromId="145" toId="58">
</dataflow>
<dataflow id="280" from="_ssdm_op_SpecLoopTripCount" to="empty_20" fromId="147" toId="59">
</dataflow>
<dataflow id="281" from="stg_149" to="empty_20" fromId="149" toId="59">
</dataflow>
<dataflow id="282" from="stg_149" to="empty_20" fromId="149" toId="59">
</dataflow>
<dataflow id="283" from="stg_149" to="empty_20" fromId="149" toId="59">
</dataflow>
<dataflow id="284" from="i_2" to="i_5" fromId="57" toId="60">
</dataflow>
<dataflow id="285" from="stg_154" to="i_5" fromId="154" toId="60">
</dataflow>
<dataflow id="286" from="exitcond4" to="stg_61" fromId="58" toId="61">
</dataflow>
<dataflow id="287" from="dct_1d" to="stg_62" fromId="157" toId="62">
</dataflow>
<dataflow id="288" from="col_inbuf" to="stg_62" fromId="13" toId="62">
</dataflow>
<dataflow id="289" from="i_2" to="stg_62" fromId="57" toId="62">
</dataflow>
<dataflow id="290" from="col_outbuf" to="stg_62" fromId="12" toId="62">
</dataflow>
<dataflow id="291" from="i_2" to="stg_62" fromId="57" toId="62">
</dataflow>
<dataflow id="292" from="dct_coeff_table_0" to="stg_62" fromId="127" toId="62">
</dataflow>
<dataflow id="293" from="dct_coeff_table_1" to="stg_62" fromId="128" toId="62">
</dataflow>
<dataflow id="294" from="dct_coeff_table_2" to="stg_62" fromId="129" toId="62">
</dataflow>
<dataflow id="295" from="dct_coeff_table_3" to="stg_62" fromId="130" toId="62">
</dataflow>
<dataflow id="296" from="dct_coeff_table_4" to="stg_62" fromId="131" toId="62">
</dataflow>
<dataflow id="297" from="dct_coeff_table_5" to="stg_62" fromId="132" toId="62">
</dataflow>
<dataflow id="298" from="dct_coeff_table_6" to="stg_62" fromId="133" toId="62">
</dataflow>
<dataflow id="299" from="dct_coeff_table_7" to="stg_62" fromId="134" toId="62">
</dataflow>
<dataflow id="300" from="_ssdm_op_SpecLoopName" to="stg_63" fromId="171" toId="63">
</dataflow>
<dataflow id="302" from="p_str6" to="stg_63" fromId="301" toId="63">
</dataflow>
<dataflow id="303" from="dct_1d" to="stg_64" fromId="157" toId="64">
</dataflow>
<dataflow id="304" from="col_inbuf" to="stg_64" fromId="13" toId="64">
</dataflow>
<dataflow id="305" from="i_2" to="stg_64" fromId="57" toId="64">
</dataflow>
<dataflow id="306" from="col_outbuf" to="stg_64" fromId="12" toId="64">
</dataflow>
<dataflow id="307" from="i_2" to="stg_64" fromId="57" toId="64">
</dataflow>
<dataflow id="308" from="dct_coeff_table_0" to="stg_64" fromId="127" toId="64">
</dataflow>
<dataflow id="309" from="dct_coeff_table_1" to="stg_64" fromId="128" toId="64">
</dataflow>
<dataflow id="310" from="dct_coeff_table_2" to="stg_64" fromId="129" toId="64">
</dataflow>
<dataflow id="311" from="dct_coeff_table_3" to="stg_64" fromId="130" toId="64">
</dataflow>
<dataflow id="312" from="dct_coeff_table_4" to="stg_64" fromId="131" toId="64">
</dataflow>
<dataflow id="313" from="dct_coeff_table_5" to="stg_64" fromId="132" toId="64">
</dataflow>
<dataflow id="314" from="dct_coeff_table_6" to="stg_64" fromId="133" toId="64">
</dataflow>
<dataflow id="315" from="dct_coeff_table_7" to="stg_64" fromId="134" toId="64">
</dataflow>
<dataflow id="316" from="indvar_flatten_next2" to="indvar_flatten2" fromId="70" toId="66">
<BackEdge/>
<condition id="169">
<or_exp><and_exp><literal name="exitcond_flatten2" val="0"/>
</and_exp></or_exp>
</condition>
</dataflow>
<dataflow id="317" from="stg_98" to="indvar_flatten2" fromId="98" toId="66">
<BackEdge/>
</dataflow>
<dataflow id="318" from="stg_190" to="indvar_flatten2" fromId="190" toId="66">
<condition id="170">
<or_exp><and_exp><literal name="exitcond4" val="1"/>
</and_exp></or_exp>
</condition>
</dataflow>
<dataflow id="319" from="stg_61" to="indvar_flatten2" fromId="61" toId="66">
</dataflow>
<dataflow id="320" from="j_1_mid2" to="j_1" fromId="75" toId="67">
<BackEdge/>
<condition id="171">
<or_exp><and_exp><literal name="exitcond_flatten2" val="0"/>
</and_exp></or_exp>
</condition>
</dataflow>
<dataflow id="321" from="stg_98" to="j_1" fromId="98" toId="67">
<BackEdge/>
</dataflow>
<dataflow id="322" from="stg_139" to="j_1" fromId="139" toId="67">
<condition id="172">
<or_exp><and_exp><literal name="exitcond4" val="1"/>
</and_exp></or_exp>
</condition>
</dataflow>
<dataflow id="323" from="stg_61" to="j_1" fromId="61" toId="67">
</dataflow>
<dataflow id="324" from="i_7" to="i_3" fromId="83" toId="68">
<BackEdge/>
<condition id="173">
<or_exp><and_exp><literal name="exitcond_flatten2" val="0"/>
</and_exp></or_exp>
</condition>
</dataflow>
<dataflow id="325" from="stg_98" to="i_3" fromId="98" toId="68">
<BackEdge/>
</dataflow>
<dataflow id="326" from="stg_139" to="i_3" fromId="139" toId="68">
<condition id="174">
<or_exp><and_exp><literal name="exitcond4" val="1"/>
</and_exp></or_exp>
</condition>
</dataflow>
<dataflow id="327" from="stg_61" to="i_3" fromId="61" toId="68">
</dataflow>
<dataflow id="328" from="indvar_flatten2" to="exitcond_flatten2" fromId="66" toId="69">
</dataflow>
<dataflow id="329" from="stg_202" to="exitcond_flatten2" fromId="202" toId="69">
</dataflow>
<dataflow id="330" from="indvar_flatten2" to="indvar_flatten_next2" fromId="66" toId="70">
</dataflow>
<dataflow id="331" from="stg_205" to="indvar_flatten_next2" fromId="205" toId="70">
</dataflow>
<dataflow id="332" from="exitcond_flatten2" to="stg_71" fromId="69" toId="71">
</dataflow>
<dataflow id="333" from="i_3" to="exitcond9" fromId="68" toId="72">
</dataflow>
<dataflow id="334" from="stg_145" to="exitcond9" fromId="145" toId="72">
</dataflow>
<dataflow id="335" from="exitcond9" to="i_3_mid2" fromId="72" toId="73">
</dataflow>
<dataflow id="336" from="stg_139" to="i_3_mid2" fromId="139" toId="73">
</dataflow>
<dataflow id="337" from="i_3" to="i_3_mid2" fromId="68" toId="73">
</dataflow>
<dataflow id="338" from="j_1" to="j_2" fromId="67" toId="74">
</dataflow>
<dataflow id="339" from="stg_154" to="j_2" fromId="154" toId="74">
</dataflow>
<dataflow id="340" from="exitcond9" to="j_1_mid2" fromId="72" toId="75">
</dataflow>
<dataflow id="341" from="j_2" to="j_1_mid2" fromId="74" toId="75">
</dataflow>
<dataflow id="342" from="j_1" to="j_1_mid2" fromId="67" toId="75">
</dataflow>
<dataflow id="343" from="j_1_mid2" to="j_1_cast2_cast" fromId="75" toId="76">
</dataflow>
<dataflow id="344" from="_ssdm_op_BitConcatenate.i7.i4.i3" to="tmp_5" fromId="219" toId="77">
</dataflow>
<dataflow id="345" from="i_3_mid2" to="tmp_5" fromId="73" toId="77">
</dataflow>
<dataflow id="346" from="stg_222" to="tmp_5" fromId="222" toId="77">
</dataflow>
<dataflow id="347" from="tmp_5" to="p_addr7_cast" fromId="77" toId="78">
</dataflow>
<dataflow id="348" from="p_addr7_cast" to="p_addr8" fromId="78" toId="79">
</dataflow>
<dataflow id="349" from="j_1_cast2_cast" to="p_addr8" fromId="76" toId="79">
</dataflow>
<dataflow id="350" from="p_addr8" to="p_addr8_cast" fromId="79" toId="80">
</dataflow>
<dataflow id="351" from="col_outbuf" to="col_outbuf_addr" fromId="12" toId="81">
</dataflow>
<dataflow id="352" from="stg_229" to="col_outbuf_addr" fromId="229" toId="81">
</dataflow>
<dataflow id="353" from="p_addr8_cast" to="col_outbuf_addr" fromId="80" toId="81">
</dataflow>
<dataflow id="354" from="col_outbuf_addr" to="col_outbuf_load" fromId="81" toId="82">
</dataflow>
<dataflow id="355" from="i_3_mid2" to="i_7" fromId="73" toId="83">
</dataflow>
<dataflow id="356" from="stg_154" to="i_7" fromId="154" toId="83">
</dataflow>
<dataflow id="357" from="_ssdm_op_SpecLoopName" to="stg_84" fromId="171" toId="84">
</dataflow>
<dataflow id="359" from="str4" to="stg_84" fromId="358" toId="84">
</dataflow>
<dataflow id="360" from="_ssdm_op_SpecLoopTripCount" to="empty_21" fromId="147" toId="85">
</dataflow>
<dataflow id="361" from="stg_239" to="empty_21" fromId="239" toId="85">
</dataflow>
<dataflow id="362" from="stg_239" to="empty_21" fromId="239" toId="85">
</dataflow>
<dataflow id="363" from="stg_239" to="empty_21" fromId="239" toId="85">
</dataflow>
<dataflow id="364" from="i_3_mid2" to="i_3_cast1_cast" fromId="73" toId="86">
</dataflow>
<dataflow id="365" from="_ssdm_op_SpecLoopName" to="stg_87" fromId="171" toId="87">
</dataflow>
<dataflow id="367" from="p_str8" to="stg_87" fromId="366" toId="87">
</dataflow>
<dataflow id="368" from="_ssdm_op_SpecRegionBegin" to="tmp_7" fromId="247" toId="88">
</dataflow>
<dataflow id="369" from="p_str8" to="tmp_7" fromId="366" toId="88">
</dataflow>
<dataflow id="370" from="_ssdm_op_SpecPipeline" to="stg_89" fromId="250" toId="89">
</dataflow>
<dataflow id="371" from="stg_135" to="stg_89" fromId="135" toId="89">
</dataflow>
<dataflow id="372" from="stg_135" to="stg_89" fromId="135" toId="89">
</dataflow>
<dataflow id="373" from="stg_135" to="stg_89" fromId="135" toId="89">
</dataflow>
<dataflow id="374" from="p_str1" to="stg_89" fromId="255" toId="89">
</dataflow>
<dataflow id="375" from="col_outbuf_addr" to="col_outbuf_load" fromId="81" toId="90">
</dataflow>
<dataflow id="376" from="_ssdm_op_BitConcatenate.i7.i4.i3" to="tmp_8" fromId="219" toId="91">
</dataflow>
<dataflow id="377" from="j_1_mid2" to="tmp_8" fromId="75" toId="91">
</dataflow>
<dataflow id="378" from="stg_222" to="tmp_8" fromId="222" toId="91">
</dataflow>
<dataflow id="379" from="tmp_8" to="p_addr1_cast" fromId="91" toId="92">
</dataflow>
<dataflow id="380" from="p_addr1_cast" to="p_addr2" fromId="92" toId="93">
</dataflow>
<dataflow id="381" from="i_3_cast1_cast" to="p_addr2" fromId="86" toId="93">
</dataflow>
<dataflow id="382" from="p_addr2" to="p_addr2_cast" fromId="93" toId="94">
</dataflow>
<dataflow id="383" from="out_block" to="out_block_addr" fromId="126" toId="95">
</dataflow>
<dataflow id="384" from="stg_229" to="out_block_addr" fromId="229" toId="95">
</dataflow>
<dataflow id="385" from="p_addr2_cast" to="out_block_addr" fromId="94" toId="95">
</dataflow>
<dataflow id="386" from="col_outbuf_load" to="stg_96" fromId="90" toId="96">
</dataflow>
<dataflow id="387" from="out_block_addr" to="stg_96" fromId="95" toId="96">
</dataflow>
<dataflow id="388" from="_ssdm_op_SpecRegionEnd" to="empty_22" fromId="270" toId="97">
</dataflow>
<dataflow id="389" from="p_str8" to="empty_22" fromId="366" toId="97">
</dataflow>
<dataflow id="390" from="tmp_7" to="empty_22" fromId="88" toId="97">
</dataflow>
<dataflow id="391" from="exitcond7" to="stg_2" fromId="16" toId="2">
</dataflow>
<dataflow id="392" from="exitcond_flatten" to="stg_4" fromId="27" toId="4">
</dataflow>
<dataflow id="393" from="exitcond_flatten" to="stg_5" fromId="27" toId="5">
</dataflow>
<dataflow id="394" from="exitcond4" to="stg_6" fromId="58" toId="6">
</dataflow>
<dataflow id="395" from="exitcond_flatten2" to="stg_8" fromId="69" toId="8">
</dataflow>
<dataflow id="396" from="exitcond_flatten2" to="stg_9" fromId="69" toId="9">
</dataflow>
</dataflows>


</stg>
