<stg><name>dct_1d</name>


<trans_list>

<trans id="136" from="1" to="2">
<condition id="18">
<or_exp><and_exp></and_exp></or_exp>
</condition>
</trans>

<trans id="155" from="2" to="10">
<condition id="31">
<or_exp><and_exp><literal name="exitcond1" val="1"/>
</and_exp></or_exp>
</condition>
</trans>

<trans id="156" from="2" to="3">
<condition id="39">
<or_exp><and_exp><literal name="exitcond1" val="0"/>
</and_exp></or_exp>
</condition>
</trans>

<trans id="148" from="3" to="4">
<condition id="32">
<or_exp><and_exp></and_exp></or_exp>
</condition>
</trans>

<trans id="149" from="4" to="5">
<condition id="33">
<or_exp><and_exp></and_exp></or_exp>
</condition>
</trans>

<trans id="150" from="5" to="6">
<condition id="34">
<or_exp><and_exp></and_exp></or_exp>
</condition>
</trans>

<trans id="151" from="6" to="7">
<condition id="35">
<or_exp><and_exp></and_exp></or_exp>
</condition>
</trans>

<trans id="152" from="7" to="8">
<condition id="36">
<or_exp><and_exp></and_exp></or_exp>
</condition>
</trans>

<trans id="153" from="8" to="9">
<condition id="37">
<or_exp><and_exp></and_exp></or_exp>
</condition>
</trans>

<trans id="154" from="9" to="2">
<condition id="38">
<or_exp><and_exp></and_exp></or_exp>
</condition>
</trans>
</trans_list>



<state_list>

<state id="1" st_id="1">

<operation id="11" st_id="1" stage="1" lat="1">
<core>NULL</core>
<MemPortIdVec></MemPortIdVec>
<condition id="15">
<or_exp><and_exp></and_exp></or_exp>
</condition>

<node id="13" bw="4" op_0_bw="4" op_1_bw="4">
<![CDATA[
:0  %i_21_read = call i4 @_ssdm_op_Read.ap_auto.i4(i4 %i_21)

]]></node>
<StgValue><ssdm name="i_21_read"/></StgValue>
</operation>

<operation id="12" st_id="1" stage="1" lat="1">
<core>NULL</core>
<MemPortIdVec></MemPortIdVec>
<condition id="15">
<or_exp><and_exp></and_exp></or_exp>
</condition>

<node id="14" bw="4" op_0_bw="4" op_1_bw="4">
<![CDATA[
:1  %i_2_read = call i4 @_ssdm_op_Read.ap_auto.i4(i4 %i_2)

]]></node>
<StgValue><ssdm name="i_2_read"/></StgValue>
</operation>

<operation id="13" st_id="1" stage="1" lat="1">
<core>NULL</core>
<MemPortIdVec></MemPortIdVec>
<condition id="15">
<or_exp><and_exp></and_exp></or_exp>
</condition>

<node id="15" bw="7" op_0_bw="7" op_1_bw="4" op_2_bw="3">
<![CDATA[
:2  %tmp_9 = call i7 @_ssdm_op_BitConcatenate.i7.i4.i3(i4 %i_2_read, i3 0)

]]></node>
<StgValue><ssdm name="tmp_9"/></StgValue>
</operation>

<operation id="14" st_id="1" stage="1" lat="1">
<core>NULL</core>
<MemPortIdVec></MemPortIdVec>
<condition id="15">
<or_exp><and_exp></and_exp></or_exp>
</condition>

<node id="16" bw="32" op_0_bw="7">
<![CDATA[
:3  %p_addr = zext i7 %tmp_9 to i32

]]></node>
<StgValue><ssdm name="p_addr"/></StgValue>
</operation>

<operation id="15" st_id="1" stage="1" lat="1">
<core>NULL</core>
<MemPortIdVec></MemPortIdVec>
<condition id="15">
<or_exp><and_exp></and_exp></or_exp>
</condition>

<node id="17" bw="6" op_0_bw="16" op_1_bw="32" op_2_bw="32">
<![CDATA[
:4  %src_addr = getelementptr [64 x i16]* %src, i32 0, i32 %p_addr

]]></node>
<StgValue><ssdm name="src_addr"/></StgValue>
</operation>

<operation id="16" st_id="1" stage="1" lat="1">
<core>NULL</core>
<MemPortIdVec></MemPortIdVec>
<condition id="15">
<or_exp><and_exp></and_exp></or_exp>
</condition>

<node id="18" bw="7" op_0_bw="7" op_1_bw="4" op_2_bw="3">
<![CDATA[
:5  %tmp_s = call i7 @_ssdm_op_BitConcatenate.i7.i4.i3(i4 %i_2_read, i3 1)

]]></node>
<StgValue><ssdm name="tmp_s"/></StgValue>
</operation>

<operation id="17" st_id="1" stage="1" lat="1">
<core>NULL</core>
<MemPortIdVec></MemPortIdVec>
<condition id="15">
<or_exp><and_exp></and_exp></or_exp>
</condition>

<node id="19" bw="32" op_0_bw="7">
<![CDATA[
:6  %p_addr9 = zext i7 %tmp_s to i32

]]></node>
<StgValue><ssdm name="p_addr9"/></StgValue>
</operation>

<operation id="18" st_id="1" stage="1" lat="1">
<core>NULL</core>
<MemPortIdVec></MemPortIdVec>
<condition id="15">
<or_exp><and_exp></and_exp></or_exp>
</condition>

<node id="20" bw="6" op_0_bw="16" op_1_bw="32" op_2_bw="32">
<![CDATA[
:7  %src_addr_1 = getelementptr [64 x i16]* %src, i32 0, i32 %p_addr9

]]></node>
<StgValue><ssdm name="src_addr_1"/></StgValue>
</operation>

<operation id="19" st_id="1" stage="1" lat="1">
<core>NULL</core>
<MemPortIdVec></MemPortIdVec>
<condition id="15">
<or_exp><and_exp></and_exp></or_exp>
</condition>

<node id="21" bw="7" op_0_bw="7" op_1_bw="4" op_2_bw="3">
<![CDATA[
:8  %tmp_2 = call i7 @_ssdm_op_BitConcatenate.i7.i4.i3(i4 %i_2_read, i3 2)

]]></node>
<StgValue><ssdm name="tmp_2"/></StgValue>
</operation>

<operation id="20" st_id="1" stage="1" lat="1">
<core>NULL</core>
<MemPortIdVec></MemPortIdVec>
<condition id="15">
<or_exp><and_exp></and_exp></or_exp>
</condition>

<node id="22" bw="32" op_0_bw="7">
<![CDATA[
:9  %p_addr1 = zext i7 %tmp_2 to i32

]]></node>
<StgValue><ssdm name="p_addr1"/></StgValue>
</operation>

<operation id="21" st_id="1" stage="1" lat="1">
<core>NULL</core>
<MemPortIdVec></MemPortIdVec>
<condition id="15">
<or_exp><and_exp></and_exp></or_exp>
</condition>

<node id="23" bw="6" op_0_bw="16" op_1_bw="32" op_2_bw="32">
<![CDATA[
:10  %src_addr_2 = getelementptr [64 x i16]* %src, i32 0, i32 %p_addr1

]]></node>
<StgValue><ssdm name="src_addr_2"/></StgValue>
</operation>

<operation id="22" st_id="1" stage="1" lat="1">
<core>NULL</core>
<MemPortIdVec></MemPortIdVec>
<condition id="15">
<or_exp><and_exp></and_exp></or_exp>
</condition>

<node id="24" bw="7" op_0_bw="7" op_1_bw="4" op_2_bw="3">
<![CDATA[
:11  %tmp_4 = call i7 @_ssdm_op_BitConcatenate.i7.i4.i3(i4 %i_2_read, i3 3)

]]></node>
<StgValue><ssdm name="tmp_4"/></StgValue>
</operation>

<operation id="23" st_id="1" stage="1" lat="1">
<core>NULL</core>
<MemPortIdVec></MemPortIdVec>
<condition id="15">
<or_exp><and_exp></and_exp></or_exp>
</condition>

<node id="25" bw="32" op_0_bw="7">
<![CDATA[
:12  %p_addr2 = zext i7 %tmp_4 to i32

]]></node>
<StgValue><ssdm name="p_addr2"/></StgValue>
</operation>

<operation id="24" st_id="1" stage="1" lat="1">
<core>NULL</core>
<MemPortIdVec></MemPortIdVec>
<condition id="15">
<or_exp><and_exp></and_exp></or_exp>
</condition>

<node id="26" bw="6" op_0_bw="16" op_1_bw="32" op_2_bw="32">
<![CDATA[
:13  %src_addr_3 = getelementptr [64 x i16]* %src, i32 0, i32 %p_addr2

]]></node>
<StgValue><ssdm name="src_addr_3"/></StgValue>
</operation>

<operation id="25" st_id="1" stage="1" lat="1">
<core>NULL</core>
<MemPortIdVec></MemPortIdVec>
<condition id="15">
<or_exp><and_exp></and_exp></or_exp>
</condition>

<node id="27" bw="7" op_0_bw="7" op_1_bw="4" op_2_bw="3">
<![CDATA[
:14  %tmp_5 = call i7 @_ssdm_op_BitConcatenate.i7.i4.i3(i4 %i_2_read, i3 -4)

]]></node>
<StgValue><ssdm name="tmp_5"/></StgValue>
</operation>

<operation id="26" st_id="1" stage="1" lat="1">
<core>NULL</core>
<MemPortIdVec></MemPortIdVec>
<condition id="15">
<or_exp><and_exp></and_exp></or_exp>
</condition>

<node id="28" bw="32" op_0_bw="7">
<![CDATA[
:15  %p_addr3 = zext i7 %tmp_5 to i32

]]></node>
<StgValue><ssdm name="p_addr3"/></StgValue>
</operation>

<operation id="27" st_id="1" stage="1" lat="1">
<core>NULL</core>
<MemPortIdVec></MemPortIdVec>
<condition id="15">
<or_exp><and_exp></and_exp></or_exp>
</condition>

<node id="29" bw="6" op_0_bw="16" op_1_bw="32" op_2_bw="32">
<![CDATA[
:16  %src_addr_4 = getelementptr [64 x i16]* %src, i32 0, i32 %p_addr3

]]></node>
<StgValue><ssdm name="src_addr_4"/></StgValue>
</operation>

<operation id="28" st_id="1" stage="1" lat="1">
<core>NULL</core>
<MemPortIdVec></MemPortIdVec>
<condition id="15">
<or_exp><and_exp></and_exp></or_exp>
</condition>

<node id="30" bw="7" op_0_bw="7" op_1_bw="4" op_2_bw="3">
<![CDATA[
:17  %tmp_7 = call i7 @_ssdm_op_BitConcatenate.i7.i4.i3(i4 %i_2_read, i3 -3)

]]></node>
<StgValue><ssdm name="tmp_7"/></StgValue>
</operation>

<operation id="29" st_id="1" stage="1" lat="1">
<core>NULL</core>
<MemPortIdVec></MemPortIdVec>
<condition id="15">
<or_exp><and_exp></and_exp></or_exp>
</condition>

<node id="31" bw="32" op_0_bw="7">
<![CDATA[
:18  %p_addr4 = zext i7 %tmp_7 to i32

]]></node>
<StgValue><ssdm name="p_addr4"/></StgValue>
</operation>

<operation id="30" st_id="1" stage="1" lat="1">
<core>NULL</core>
<MemPortIdVec></MemPortIdVec>
<condition id="15">
<or_exp><and_exp></and_exp></or_exp>
</condition>

<node id="32" bw="6" op_0_bw="16" op_1_bw="32" op_2_bw="32">
<![CDATA[
:19  %src_addr_5 = getelementptr [64 x i16]* %src, i32 0, i32 %p_addr4

]]></node>
<StgValue><ssdm name="src_addr_5"/></StgValue>
</operation>

<operation id="31" st_id="1" stage="1" lat="1">
<core>NULL</core>
<MemPortIdVec></MemPortIdVec>
<condition id="15">
<or_exp><and_exp></and_exp></or_exp>
</condition>

<node id="33" bw="7" op_0_bw="7" op_1_bw="4" op_2_bw="3">
<![CDATA[
:20  %tmp_8 = call i7 @_ssdm_op_BitConcatenate.i7.i4.i3(i4 %i_2_read, i3 -2)

]]></node>
<StgValue><ssdm name="tmp_8"/></StgValue>
</operation>

<operation id="32" st_id="1" stage="1" lat="1">
<core>NULL</core>
<MemPortIdVec></MemPortIdVec>
<condition id="15">
<or_exp><and_exp></and_exp></or_exp>
</condition>

<node id="34" bw="32" op_0_bw="7">
<![CDATA[
:21  %p_addr5 = zext i7 %tmp_8 to i32

]]></node>
<StgValue><ssdm name="p_addr5"/></StgValue>
</operation>

<operation id="33" st_id="1" stage="1" lat="1">
<core>NULL</core>
<MemPortIdVec></MemPortIdVec>
<condition id="15">
<or_exp><and_exp></and_exp></or_exp>
</condition>

<node id="35" bw="6" op_0_bw="16" op_1_bw="32" op_2_bw="32">
<![CDATA[
:22  %src_addr_6 = getelementptr [64 x i16]* %src, i32 0, i32 %p_addr5

]]></node>
<StgValue><ssdm name="src_addr_6"/></StgValue>
</operation>

<operation id="34" st_id="1" stage="1" lat="1">
<core>NULL</core>
<MemPortIdVec></MemPortIdVec>
<condition id="15">
<or_exp><and_exp></and_exp></or_exp>
</condition>

<node id="36" bw="7" op_0_bw="7" op_1_bw="4" op_2_bw="3">
<![CDATA[
:23  %tmp_10 = call i7 @_ssdm_op_BitConcatenate.i7.i4.i3(i4 %i_2_read, i3 -1)

]]></node>
<StgValue><ssdm name="tmp_10"/></StgValue>
</operation>

<operation id="35" st_id="1" stage="1" lat="1">
<core>NULL</core>
<MemPortIdVec></MemPortIdVec>
<condition id="15">
<or_exp><and_exp></and_exp></or_exp>
</condition>

<node id="37" bw="32" op_0_bw="7">
<![CDATA[
:24  %p_addr6 = zext i7 %tmp_10 to i32

]]></node>
<StgValue><ssdm name="p_addr6"/></StgValue>
</operation>

<operation id="36" st_id="1" stage="1" lat="1">
<core>NULL</core>
<MemPortIdVec></MemPortIdVec>
<condition id="15">
<or_exp><and_exp></and_exp></or_exp>
</condition>

<node id="38" bw="6" op_0_bw="16" op_1_bw="32" op_2_bw="32">
<![CDATA[
:25  %src_addr_7 = getelementptr [64 x i16]* %src, i32 0, i32 %p_addr6

]]></node>
<StgValue><ssdm name="src_addr_7"/></StgValue>
</operation>

<operation id="37" st_id="1" stage="1" lat="1">
<core>NULL</core>
<MemPortIdVec></MemPortIdVec>
<condition id="15">
<or_exp><and_exp></and_exp></or_exp>
</condition>

<node id="39" bw="0" op_0_bw="0">
<![CDATA[
:26  br label %1

]]></node>
<StgValue><ssdm name=""/></StgValue>
</operation>
</state>

<state id="2" st_id="2">

<operation id="38" st_id="2" stage="1" lat="1">
<core>NULL</core>
<MemPortIdVec></MemPortIdVec>
<condition id="-1">
<or_exp><and_exp></and_exp></or_exp>
</condition>

<node id="41" bw="4" op_0_bw="4" op_1_bw="0">
<![CDATA[
:0  %k = phi i4 [ 0, %0 ], [ %k_1, %2 ]

]]></node>
<StgValue><ssdm name="k"/></StgValue>
</operation>

<operation id="39" st_id="2" stage="1" lat="1">
<core>Cmp</core>
<MemPortIdVec></MemPortIdVec>
<condition id="-1">
<or_exp><and_exp></and_exp></or_exp>
</condition>

<node id="42" bw="1" op_0_bw="4" op_1_bw="4">
<![CDATA[
:1  %exitcond1 = icmp eq i4 %k, -8

]]></node>
<StgValue><ssdm name="exitcond1"/></StgValue>
</operation>

<operation id="40" st_id="2" stage="1" lat="1">
<core>AddSub</core>
<MemPortIdVec></MemPortIdVec>
<condition id="-1">
<or_exp><and_exp></and_exp></or_exp>
</condition>

<node id="43" bw="4" op_0_bw="4" op_1_bw="4">
<![CDATA[
:2  %k_1 = add i4 %k, 1

]]></node>
<StgValue><ssdm name="k_1"/></StgValue>
</operation>

<operation id="41" st_id="2" stage="1" lat="1">
<core>NULL</core>
<MemPortIdVec></MemPortIdVec>
<condition id="-1">
<or_exp><and_exp></and_exp></or_exp>
</condition>

<node id="44" bw="0" op_0_bw="1" op_1_bw="0" op_2_bw="0">
<![CDATA[
:3  br i1 %exitcond1, label %3, label %2

]]></node>
<StgValue><ssdm name=""/></StgValue>
</operation>

<operation id="42" st_id="2" stage="1" lat="1">
<core>NULL</core>
<MemPortIdVec></MemPortIdVec>
<condition id="0">
<or_exp><and_exp><literal name="exitcond1" val="0"/>
</and_exp></or_exp>
</condition>

<node id="46" bw="32" op_0_bw="4">
<![CDATA[
:0  %k_cast8 = zext i4 %k to i32

]]></node>
<StgValue><ssdm name="k_cast8"/></StgValue>
</operation>

<operation id="43" st_id="2" stage="1" lat="1">
<core>NULL</core>
<MemPortIdVec></MemPortIdVec>
<condition id="0">
<or_exp><and_exp><literal name="exitcond1" val="0"/>
</and_exp></or_exp>
</condition>

<node id="47" bw="8" op_0_bw="4">
<![CDATA[
:1  %k_cast8_cast = zext i4 %k to i8

]]></node>
<StgValue><ssdm name="k_cast8_cast"/></StgValue>
</operation>

<operation id="44" st_id="2" stage="1" lat="1">
<core>NULL</core>
<MemPortIdVec></MemPortIdVec>
<condition id="0">
<or_exp><and_exp><literal name="exitcond1" val="0"/>
</and_exp></or_exp>
</condition>

<node id="52" bw="3" op_0_bw="14" op_1_bw="32" op_2_bw="32">
<![CDATA[
:6  %dct_coeff_table_0_addr = getelementptr [8 x i14]* @dct_coeff_table_0, i32 0, i32 %k_cast8

]]></node>
<StgValue><ssdm name="dct_coeff_table_0_addr"/></StgValue>
</operation>

<operation id="45" st_id="2" stage="2" lat="2">
<core>ROM_nP</core>
<MemPortIdVec>0 </MemPortIdVec>
<condition id="0">
<or_exp><and_exp><literal name="exitcond1" val="0"/>
</and_exp></or_exp>
</condition>

<node id="53" bw="14" op_0_bw="3">
<![CDATA[
:7  %dct_coeff_table_0_load = load i14* %dct_coeff_table_0_addr, align 2

]]></node>
<StgValue><ssdm name="dct_coeff_table_0_load"/></StgValue>
</operation>

<operation id="46" st_id="2" stage="2" lat="2">
<core>RAM</core>
<MemPortIdVec>0 </MemPortIdVec>
<condition id="0">
<or_exp><and_exp><literal name="exitcond1" val="0"/>
</and_exp></or_exp>
</condition>

<node id="55" bw="16" op_0_bw="6">
<![CDATA[
:9  %src_load = load i16* %src_addr, align 2

]]></node>
<StgValue><ssdm name="src_load"/></StgValue>
</operation>

<operation id="47" st_id="2" stage="1" lat="1">
<core>NULL</core>
<MemPortIdVec></MemPortIdVec>
<condition id="0">
<or_exp><and_exp><literal name="exitcond1" val="0"/>
</and_exp></or_exp>
</condition>

<node id="58" bw="3" op_0_bw="15" op_1_bw="32" op_2_bw="32">
<![CDATA[
:12  %dct_coeff_table_1_addr = getelementptr [8 x i15]* @dct_coeff_table_1, i32 0, i32 %k_cast8

]]></node>
<StgValue><ssdm name="dct_coeff_table_1_addr"/></StgValue>
</operation>

<operation id="48" st_id="2" stage="2" lat="2">
<core>ROM_nP</core>
<MemPortIdVec>0 </MemPortIdVec>
<condition id="0">
<or_exp><and_exp><literal name="exitcond1" val="0"/>
</and_exp></or_exp>
</condition>

<node id="59" bw="15" op_0_bw="3">
<![CDATA[
:13  %dct_coeff_table_1_load = load i15* %dct_coeff_table_1_addr, align 2

]]></node>
<StgValue><ssdm name="dct_coeff_table_1_load"/></StgValue>
</operation>

<operation id="49" st_id="2" stage="2" lat="2">
<core>RAM</core>
<MemPortIdVec>1 </MemPortIdVec>
<condition id="0">
<or_exp><and_exp><literal name="exitcond1" val="0"/>
</and_exp></or_exp>
</condition>

<node id="61" bw="16" op_0_bw="6">
<![CDATA[
:15  %src_load_1 = load i16* %src_addr_1, align 2

]]></node>
<StgValue><ssdm name="src_load_1"/></StgValue>
</operation>

<operation id="50" st_id="2" stage="1" lat="1">
<core>NULL</core>
<MemPortIdVec></MemPortIdVec>
<condition id="0">
<or_exp><and_exp><literal name="exitcond1" val="0"/>
</and_exp></or_exp>
</condition>

<node id="109" bw="7" op_0_bw="7" op_1_bw="4" op_2_bw="3">
<![CDATA[
:63  %tmp_11 = call i7 @_ssdm_op_BitConcatenate.i7.i4.i3(i4 %i_21_read, i3 0)

]]></node>
<StgValue><ssdm name="tmp_11"/></StgValue>
</operation>

<operation id="51" st_id="2" stage="1" lat="1">
<core>NULL</core>
<MemPortIdVec></MemPortIdVec>
<condition id="0">
<or_exp><and_exp><literal name="exitcond1" val="0"/>
</and_exp></or_exp>
</condition>

<node id="110" bw="8" op_0_bw="7">
<![CDATA[
:64  %p_addr16_cast = zext i7 %tmp_11 to i8

]]></node>
<StgValue><ssdm name="p_addr16_cast"/></StgValue>
</operation>

<operation id="52" st_id="2" stage="1" lat="1">
<core>AddSub</core>
<MemPortIdVec></MemPortIdVec>
<condition id="0">
<or_exp><and_exp><literal name="exitcond1" val="0"/>
</and_exp></or_exp>
</condition>

<node id="111" bw="8" op_0_bw="8" op_1_bw="8">
<![CDATA[
:65  %p_addr7 = add i8 %p_addr16_cast, %k_cast8_cast

]]></node>
<StgValue><ssdm name="p_addr7"/></StgValue>
</operation>
</state>

<state id="3" st_id="3">

<operation id="53" st_id="3" stage="1" lat="2">
<core>ROM_nP</core>
<MemPortIdVec>0 </MemPortIdVec>
<condition id="0">
<or_exp><and_exp><literal name="exitcond1" val="0"/>
</and_exp></or_exp>
</condition>

<node id="53" bw="14" op_0_bw="3">
<![CDATA[
:7  %dct_coeff_table_0_load = load i14* %dct_coeff_table_0_addr, align 2

]]></node>
<StgValue><ssdm name="dct_coeff_table_0_load"/></StgValue>
</operation>

<operation id="54" st_id="3" stage="1" lat="1">
<core>NULL</core>
<MemPortIdVec></MemPortIdVec>
<condition id="0">
<or_exp><and_exp><literal name="exitcond1" val="0"/>
</and_exp></or_exp>
</condition>

<node id="54" bw="29" op_0_bw="14">
<![CDATA[
:8  %coeff_cast = zext i14 %dct_coeff_table_0_load to i29

]]></node>
<StgValue><ssdm name="coeff_cast"/></StgValue>
</operation>

<operation id="55" st_id="3" stage="1" lat="2">
<core>RAM</core>
<MemPortIdVec>0 </MemPortIdVec>
<condition id="0">
<or_exp><and_exp><literal name="exitcond1" val="0"/>
</and_exp></or_exp>
</condition>

<node id="55" bw="16" op_0_bw="6">
<![CDATA[
:9  %src_load = load i16* %src_addr, align 2

]]></node>
<StgValue><ssdm name="src_load"/></StgValue>
</operation>

<operation id="56" st_id="3" stage="1" lat="1">
<core>NULL</core>
<MemPortIdVec></MemPortIdVec>
<condition id="0">
<or_exp><and_exp><literal name="exitcond1" val="0"/>
</and_exp></or_exp>
</condition>

<node id="56" bw="29" op_0_bw="16">
<![CDATA[
:10  %tmp_5_cast = sext i16 %src_load to i29

]]></node>
<StgValue><ssdm name="tmp_5_cast"/></StgValue>
</operation>

<operation id="57" st_id="3" stage="3" lat="3">
<core>MAC3S</core>
<MemPortIdVec></MemPortIdVec>
<condition id="0">
<or_exp><and_exp><literal name="exitcond1" val="0"/>
</and_exp></or_exp>
</condition>

<node id="57" bw="29" op_0_bw="29" op_1_bw="29">
<![CDATA[
:11  %tmp_6 = mul i29 %tmp_5_cast, %coeff_cast

]]></node>
<StgValue><ssdm name="tmp_6"/></StgValue>
</operation>

<operation id="58" st_id="3" stage="1" lat="2">
<core>ROM_nP</core>
<MemPortIdVec>0 </MemPortIdVec>
<condition id="0">
<or_exp><and_exp><literal name="exitcond1" val="0"/>
</and_exp></or_exp>
</condition>

<node id="59" bw="15" op_0_bw="3">
<![CDATA[
:13  %dct_coeff_table_1_load = load i15* %dct_coeff_table_1_addr, align 2

]]></node>
<StgValue><ssdm name="dct_coeff_table_1_load"/></StgValue>
</operation>

<operation id="59" st_id="3" stage="1" lat="2">
<core>RAM</core>
<MemPortIdVec>1 </MemPortIdVec>
<condition id="0">
<or_exp><and_exp><literal name="exitcond1" val="0"/>
</and_exp></or_exp>
</condition>

<node id="61" bw="16" op_0_bw="6">
<![CDATA[
:15  %src_load_1 = load i16* %src_addr_1, align 2

]]></node>
<StgValue><ssdm name="src_load_1"/></StgValue>
</operation>

<operation id="60" st_id="3" stage="1" lat="1">
<core>NULL</core>
<MemPortIdVec></MemPortIdVec>
<condition id="0">
<or_exp><and_exp><literal name="exitcond1" val="0"/>
</and_exp></or_exp>
</condition>

<node id="64" bw="3" op_0_bw="15" op_1_bw="32" op_2_bw="32">
<![CDATA[
:18  %dct_coeff_table_2_addr = getelementptr [8 x i15]* @dct_coeff_table_2, i32 0, i32 %k_cast8

]]></node>
<StgValue><ssdm name="dct_coeff_table_2_addr"/></StgValue>
</operation>

<operation id="61" st_id="3" stage="2" lat="2">
<core>ROM_nP</core>
<MemPortIdVec>0 </MemPortIdVec>
<condition id="0">
<or_exp><and_exp><literal name="exitcond1" val="0"/>
</and_exp></or_exp>
</condition>

<node id="65" bw="15" op_0_bw="3">
<![CDATA[
:19  %dct_coeff_table_2_load = load i15* %dct_coeff_table_2_addr, align 2

]]></node>
<StgValue><ssdm name="dct_coeff_table_2_load"/></StgValue>
</operation>

<operation id="62" st_id="3" stage="2" lat="2">
<core>RAM</core>
<MemPortIdVec>0 </MemPortIdVec>
<condition id="0">
<or_exp><and_exp><literal name="exitcond1" val="0"/>
</and_exp></or_exp>
</condition>

<node id="67" bw="16" op_0_bw="6">
<![CDATA[
:21  %src_load_2 = load i16* %src_addr_2, align 2

]]></node>
<StgValue><ssdm name="src_load_2"/></StgValue>
</operation>

<operation id="63" st_id="3" stage="1" lat="1">
<core>NULL</core>
<MemPortIdVec></MemPortIdVec>
<condition id="0">
<or_exp><and_exp><literal name="exitcond1" val="0"/>
</and_exp></or_exp>
</condition>

<node id="70" bw="3" op_0_bw="15" op_1_bw="32" op_2_bw="32">
<![CDATA[
:24  %dct_coeff_table_3_addr = getelementptr [8 x i15]* @dct_coeff_table_3, i32 0, i32 %k_cast8

]]></node>
<StgValue><ssdm name="dct_coeff_table_3_addr"/></StgValue>
</operation>

<operation id="64" st_id="3" stage="2" lat="2">
<core>ROM_nP</core>
<MemPortIdVec>0 </MemPortIdVec>
<condition id="0">
<or_exp><and_exp><literal name="exitcond1" val="0"/>
</and_exp></or_exp>
</condition>

<node id="71" bw="15" op_0_bw="3">
<![CDATA[
:25  %dct_coeff_table_3_load = load i15* %dct_coeff_table_3_addr, align 2

]]></node>
<StgValue><ssdm name="dct_coeff_table_3_load"/></StgValue>
</operation>

<operation id="65" st_id="3" stage="2" lat="2">
<core>RAM</core>
<MemPortIdVec>1 </MemPortIdVec>
<condition id="0">
<or_exp><and_exp><literal name="exitcond1" val="0"/>
</and_exp></or_exp>
</condition>

<node id="73" bw="16" op_0_bw="6">
<![CDATA[
:27  %src_load_3 = load i16* %src_addr_3, align 2

]]></node>
<StgValue><ssdm name="src_load_3"/></StgValue>
</operation>
</state>

<state id="4" st_id="4">

<operation id="66" st_id="4" stage="2" lat="3">
<core>MAC3S</core>
<MemPortIdVec></MemPortIdVec>
<condition id="0">
<or_exp><and_exp><literal name="exitcond1" val="0"/>
</and_exp></or_exp>
</condition>

<node id="57" bw="29" op_0_bw="29" op_1_bw="29">
<![CDATA[
:11  %tmp_6 = mul i29 %tmp_5_cast, %coeff_cast

]]></node>
<StgValue><ssdm name="tmp_6"/></StgValue>
</operation>

<operation id="67" st_id="4" stage="1" lat="1">
<core>NULL</core>
<MemPortIdVec></MemPortIdVec>
<condition id="0">
<or_exp><and_exp><literal name="exitcond1" val="0"/>
</and_exp></or_exp>
</condition>

<node id="60" bw="29" op_0_bw="15">
<![CDATA[
:14  %coeff_1_cast = sext i15 %dct_coeff_table_1_load to i29

]]></node>
<StgValue><ssdm name="coeff_1_cast"/></StgValue>
</operation>

<operation id="68" st_id="4" stage="1" lat="1">
<core>NULL</core>
<MemPortIdVec></MemPortIdVec>
<condition id="0">
<or_exp><and_exp><literal name="exitcond1" val="0"/>
</and_exp></or_exp>
</condition>

<node id="62" bw="29" op_0_bw="16">
<![CDATA[
:16  %tmp_5_1_cast = sext i16 %src_load_1 to i29

]]></node>
<StgValue><ssdm name="tmp_5_1_cast"/></StgValue>
</operation>

<operation id="69" st_id="4" stage="1" lat="1">
<core>Mul</core>
<MemPortIdVec></MemPortIdVec>
<condition id="0">
<or_exp><and_exp><literal name="exitcond1" val="0"/>
</and_exp></or_exp>
</condition>

<node id="63" bw="29" op_0_bw="29" op_1_bw="29">
<![CDATA[
:17  %tmp_6_1 = mul i29 %tmp_5_1_cast, %coeff_1_cast

]]></node>
<StgValue><ssdm name="tmp_6_1"/></StgValue>
</operation>

<operation id="70" st_id="4" stage="1" lat="2">
<core>ROM_nP</core>
<MemPortIdVec>0 </MemPortIdVec>
<condition id="0">
<or_exp><and_exp><literal name="exitcond1" val="0"/>
</and_exp></or_exp>
</condition>

<node id="65" bw="15" op_0_bw="3">
<![CDATA[
:19  %dct_coeff_table_2_load = load i15* %dct_coeff_table_2_addr, align 2

]]></node>
<StgValue><ssdm name="dct_coeff_table_2_load"/></StgValue>
</operation>

<operation id="71" st_id="4" stage="1" lat="2">
<core>RAM</core>
<MemPortIdVec>0 </MemPortIdVec>
<condition id="0">
<or_exp><and_exp><literal name="exitcond1" val="0"/>
</and_exp></or_exp>
</condition>

<node id="67" bw="16" op_0_bw="6">
<![CDATA[
:21  %src_load_2 = load i16* %src_addr_2, align 2

]]></node>
<StgValue><ssdm name="src_load_2"/></StgValue>
</operation>

<operation id="72" st_id="4" stage="1" lat="2">
<core>ROM_nP</core>
<MemPortIdVec>0 </MemPortIdVec>
<condition id="0">
<or_exp><and_exp><literal name="exitcond1" val="0"/>
</and_exp></or_exp>
</condition>

<node id="71" bw="15" op_0_bw="3">
<![CDATA[
:25  %dct_coeff_table_3_load = load i15* %dct_coeff_table_3_addr, align 2

]]></node>
<StgValue><ssdm name="dct_coeff_table_3_load"/></StgValue>
</operation>

<operation id="73" st_id="4" stage="1" lat="1">
<core>NULL</core>
<MemPortIdVec></MemPortIdVec>
<condition id="0">
<or_exp><and_exp><literal name="exitcond1" val="0"/>
</and_exp></or_exp>
</condition>

<node id="72" bw="29" op_0_bw="15">
<![CDATA[
:26  %coeff_3_cast = sext i15 %dct_coeff_table_3_load to i29

]]></node>
<StgValue><ssdm name="coeff_3_cast"/></StgValue>
</operation>

<operation id="74" st_id="4" stage="1" lat="2">
<core>RAM</core>
<MemPortIdVec>1 </MemPortIdVec>
<condition id="0">
<or_exp><and_exp><literal name="exitcond1" val="0"/>
</and_exp></or_exp>
</condition>

<node id="73" bw="16" op_0_bw="6">
<![CDATA[
:27  %src_load_3 = load i16* %src_addr_3, align 2

]]></node>
<StgValue><ssdm name="src_load_3"/></StgValue>
</operation>

<operation id="75" st_id="4" stage="1" lat="1">
<core>NULL</core>
<MemPortIdVec></MemPortIdVec>
<condition id="0">
<or_exp><and_exp><literal name="exitcond1" val="0"/>
</and_exp></or_exp>
</condition>

<node id="74" bw="29" op_0_bw="16">
<![CDATA[
:28  %tmp_5_3_cast = sext i16 %src_load_3 to i29

]]></node>
<StgValue><ssdm name="tmp_5_3_cast"/></StgValue>
</operation>

<operation id="76" st_id="4" stage="3" lat="3">
<core>MAC3S</core>
<MemPortIdVec></MemPortIdVec>
<condition id="0">
<or_exp><and_exp><literal name="exitcond1" val="0"/>
</and_exp></or_exp>
</condition>

<node id="75" bw="29" op_0_bw="29" op_1_bw="29">
<![CDATA[
:29  %tmp_6_3 = mul i29 %tmp_5_3_cast, %coeff_3_cast

]]></node>
<StgValue><ssdm name="tmp_6_3"/></StgValue>
</operation>

<operation id="77" st_id="4" stage="1" lat="1">
<core>NULL</core>
<MemPortIdVec></MemPortIdVec>
<condition id="0">
<or_exp><and_exp><literal name="exitcond1" val="0"/>
</and_exp></or_exp>
</condition>

<node id="76" bw="3" op_0_bw="15" op_1_bw="32" op_2_bw="32">
<![CDATA[
:30  %dct_coeff_table_4_addr = getelementptr [8 x i15]* @dct_coeff_table_4, i32 0, i32 %k_cast8

]]></node>
<StgValue><ssdm name="dct_coeff_table_4_addr"/></StgValue>
</operation>

<operation id="78" st_id="4" stage="2" lat="2">
<core>ROM_nP</core>
<MemPortIdVec>0 </MemPortIdVec>
<condition id="0">
<or_exp><and_exp><literal name="exitcond1" val="0"/>
</and_exp></or_exp>
</condition>

<node id="77" bw="15" op_0_bw="3">
<![CDATA[
:31  %dct_coeff_table_4_load = load i15* %dct_coeff_table_4_addr, align 2

]]></node>
<StgValue><ssdm name="dct_coeff_table_4_load"/></StgValue>
</operation>

<operation id="79" st_id="4" stage="2" lat="2">
<core>RAM</core>
<MemPortIdVec>0 </MemPortIdVec>
<condition id="0">
<or_exp><and_exp><literal name="exitcond1" val="0"/>
</and_exp></or_exp>
</condition>

<node id="79" bw="16" op_0_bw="6">
<![CDATA[
:33  %src_load_4 = load i16* %src_addr_4, align 2

]]></node>
<StgValue><ssdm name="src_load_4"/></StgValue>
</operation>

<operation id="80" st_id="4" stage="1" lat="1">
<core>NULL</core>
<MemPortIdVec></MemPortIdVec>
<condition id="0">
<or_exp><and_exp><literal name="exitcond1" val="0"/>
</and_exp></or_exp>
</condition>

<node id="82" bw="3" op_0_bw="15" op_1_bw="32" op_2_bw="32">
<![CDATA[
:36  %dct_coeff_table_5_addr = getelementptr [8 x i15]* @dct_coeff_table_5, i32 0, i32 %k_cast8

]]></node>
<StgValue><ssdm name="dct_coeff_table_5_addr"/></StgValue>
</operation>

<operation id="81" st_id="4" stage="2" lat="2">
<core>ROM_nP</core>
<MemPortIdVec>0 </MemPortIdVec>
<condition id="0">
<or_exp><and_exp><literal name="exitcond1" val="0"/>
</and_exp></or_exp>
</condition>

<node id="83" bw="15" op_0_bw="3">
<![CDATA[
:37  %dct_coeff_table_5_load = load i15* %dct_coeff_table_5_addr, align 2

]]></node>
<StgValue><ssdm name="dct_coeff_table_5_load"/></StgValue>
</operation>

<operation id="82" st_id="4" stage="2" lat="2">
<core>RAM</core>
<MemPortIdVec>1 </MemPortIdVec>
<condition id="0">
<or_exp><and_exp><literal name="exitcond1" val="0"/>
</and_exp></or_exp>
</condition>

<node id="85" bw="16" op_0_bw="6">
<![CDATA[
:39  %src_load_5 = load i16* %src_addr_5, align 2

]]></node>
<StgValue><ssdm name="src_load_5"/></StgValue>
</operation>

<operation id="83" st_id="4" stage="1" lat="1">
<core>NULL</core>
<MemPortIdVec></MemPortIdVec>
<condition id="0">
<or_exp><and_exp><literal name="exitcond1" val="0"/>
</and_exp></or_exp>
</condition>

<node id="88" bw="3" op_0_bw="15" op_1_bw="32" op_2_bw="32">
<![CDATA[
:42  %dct_coeff_table_6_addr = getelementptr [8 x i15]* @dct_coeff_table_6, i32 0, i32 %k_cast8

]]></node>
<StgValue><ssdm name="dct_coeff_table_6_addr"/></StgValue>
</operation>

<operation id="84" st_id="4" stage="2" lat="2">
<core>ROM_nP</core>
<MemPortIdVec>0 </MemPortIdVec>
<condition id="0">
<or_exp><and_exp><literal name="exitcond1" val="0"/>
</and_exp></or_exp>
</condition>

<node id="89" bw="15" op_0_bw="3">
<![CDATA[
:43  %dct_coeff_table_6_load = load i15* %dct_coeff_table_6_addr, align 2

]]></node>
<StgValue><ssdm name="dct_coeff_table_6_load"/></StgValue>
</operation>

<operation id="85" st_id="4" stage="1" lat="1">
<core>NULL</core>
<MemPortIdVec></MemPortIdVec>
<condition id="0">
<or_exp><and_exp><literal name="exitcond1" val="0"/>
</and_exp></or_exp>
</condition>

<node id="94" bw="3" op_0_bw="15" op_1_bw="32" op_2_bw="32">
<![CDATA[
:48  %dct_coeff_table_7_addr = getelementptr [8 x i15]* @dct_coeff_table_7, i32 0, i32 %k_cast8

]]></node>
<StgValue><ssdm name="dct_coeff_table_7_addr"/></StgValue>
</operation>

<operation id="86" st_id="4" stage="2" lat="2">
<core>ROM_nP</core>
<MemPortIdVec>0 </MemPortIdVec>
<condition id="0">
<or_exp><and_exp><literal name="exitcond1" val="0"/>
</and_exp></or_exp>
</condition>

<node id="95" bw="15" op_0_bw="3">
<![CDATA[
:49  %dct_coeff_table_7_load = load i15* %dct_coeff_table_7_addr, align 2

]]></node>
<StgValue><ssdm name="dct_coeff_table_7_load"/></StgValue>
</operation>
</state>

<state id="5" st_id="5">

<operation id="87" st_id="5" stage="1" lat="3">
<core>MAC3S</core>
<MemPortIdVec></MemPortIdVec>
<condition id="0">
<or_exp><and_exp><literal name="exitcond1" val="0"/>
</and_exp></or_exp>
</condition>

<node id="57" bw="29" op_0_bw="29" op_1_bw="29">
<![CDATA[
:11  %tmp_6 = mul i29 %tmp_5_cast, %coeff_cast

]]></node>
<StgValue><ssdm name="tmp_6"/></StgValue>
</operation>

<operation id="88" st_id="5" stage="1" lat="1">
<core>NULL</core>
<MemPortIdVec></MemPortIdVec>
<condition id="0">
<or_exp><and_exp><literal name="exitcond1" val="0"/>
</and_exp></or_exp>
</condition>

<node id="66" bw="29" op_0_bw="15">
<![CDATA[
:20  %coeff_2_cast = sext i15 %dct_coeff_table_2_load to i29

]]></node>
<StgValue><ssdm name="coeff_2_cast"/></StgValue>
</operation>

<operation id="89" st_id="5" stage="1" lat="1">
<core>NULL</core>
<MemPortIdVec></MemPortIdVec>
<condition id="0">
<or_exp><and_exp><literal name="exitcond1" val="0"/>
</and_exp></or_exp>
</condition>

<node id="68" bw="29" op_0_bw="16">
<![CDATA[
:22  %tmp_5_2_cast = sext i16 %src_load_2 to i29

]]></node>
<StgValue><ssdm name="tmp_5_2_cast"/></StgValue>
</operation>

<operation id="90" st_id="5" stage="1" lat="1">
<core>Mul</core>
<MemPortIdVec></MemPortIdVec>
<condition id="0">
<or_exp><and_exp><literal name="exitcond1" val="0"/>
</and_exp></or_exp>
</condition>

<node id="69" bw="29" op_0_bw="29" op_1_bw="29">
<![CDATA[
:23  %tmp_6_2 = mul i29 %tmp_5_2_cast, %coeff_2_cast

]]></node>
<StgValue><ssdm name="tmp_6_2"/></StgValue>
</operation>

<operation id="91" st_id="5" stage="2" lat="3">
<core>MAC3S</core>
<MemPortIdVec></MemPortIdVec>
<condition id="0">
<or_exp><and_exp><literal name="exitcond1" val="0"/>
</and_exp></or_exp>
</condition>

<node id="75" bw="29" op_0_bw="29" op_1_bw="29">
<![CDATA[
:29  %tmp_6_3 = mul i29 %tmp_5_3_cast, %coeff_3_cast

]]></node>
<StgValue><ssdm name="tmp_6_3"/></StgValue>
</operation>

<operation id="92" st_id="5" stage="1" lat="2">
<core>ROM_nP</core>
<MemPortIdVec>0 </MemPortIdVec>
<condition id="0">
<or_exp><and_exp><literal name="exitcond1" val="0"/>
</and_exp></or_exp>
</condition>

<node id="77" bw="15" op_0_bw="3">
<![CDATA[
:31  %dct_coeff_table_4_load = load i15* %dct_coeff_table_4_addr, align 2

]]></node>
<StgValue><ssdm name="dct_coeff_table_4_load"/></StgValue>
</operation>

<operation id="93" st_id="5" stage="1" lat="2">
<core>RAM</core>
<MemPortIdVec>0 </MemPortIdVec>
<condition id="0">
<or_exp><and_exp><literal name="exitcond1" val="0"/>
</and_exp></or_exp>
</condition>

<node id="79" bw="16" op_0_bw="6">
<![CDATA[
:33  %src_load_4 = load i16* %src_addr_4, align 2

]]></node>
<StgValue><ssdm name="src_load_4"/></StgValue>
</operation>

<operation id="94" st_id="5" stage="1" lat="2">
<core>ROM_nP</core>
<MemPortIdVec>0 </MemPortIdVec>
<condition id="0">
<or_exp><and_exp><literal name="exitcond1" val="0"/>
</and_exp></or_exp>
</condition>

<node id="83" bw="15" op_0_bw="3">
<![CDATA[
:37  %dct_coeff_table_5_load = load i15* %dct_coeff_table_5_addr, align 2

]]></node>
<StgValue><ssdm name="dct_coeff_table_5_load"/></StgValue>
</operation>

<operation id="95" st_id="5" stage="1" lat="1">
<core>NULL</core>
<MemPortIdVec></MemPortIdVec>
<condition id="0">
<or_exp><and_exp><literal name="exitcond1" val="0"/>
</and_exp></or_exp>
</condition>

<node id="84" bw="29" op_0_bw="15">
<![CDATA[
:38  %coeff_5_cast = sext i15 %dct_coeff_table_5_load to i29

]]></node>
<StgValue><ssdm name="coeff_5_cast"/></StgValue>
</operation>

<operation id="96" st_id="5" stage="1" lat="2">
<core>RAM</core>
<MemPortIdVec>1 </MemPortIdVec>
<condition id="0">
<or_exp><and_exp><literal name="exitcond1" val="0"/>
</and_exp></or_exp>
</condition>

<node id="85" bw="16" op_0_bw="6">
<![CDATA[
:39  %src_load_5 = load i16* %src_addr_5, align 2

]]></node>
<StgValue><ssdm name="src_load_5"/></StgValue>
</operation>

<operation id="97" st_id="5" stage="1" lat="1">
<core>NULL</core>
<MemPortIdVec></MemPortIdVec>
<condition id="0">
<or_exp><and_exp><literal name="exitcond1" val="0"/>
</and_exp></or_exp>
</condition>

<node id="86" bw="29" op_0_bw="16">
<![CDATA[
:40  %tmp_5_5_cast = sext i16 %src_load_5 to i29

]]></node>
<StgValue><ssdm name="tmp_5_5_cast"/></StgValue>
</operation>

<operation id="98" st_id="5" stage="3" lat="3">
<core>MAC3S</core>
<MemPortIdVec></MemPortIdVec>
<condition id="0">
<or_exp><and_exp><literal name="exitcond1" val="0"/>
</and_exp></or_exp>
</condition>

<node id="87" bw="29" op_0_bw="29" op_1_bw="29">
<![CDATA[
:41  %tmp_6_5 = mul i29 %tmp_5_5_cast, %coeff_5_cast

]]></node>
<StgValue><ssdm name="tmp_6_5"/></StgValue>
</operation>

<operation id="99" st_id="5" stage="1" lat="2">
<core>ROM_nP</core>
<MemPortIdVec>0 </MemPortIdVec>
<condition id="0">
<or_exp><and_exp><literal name="exitcond1" val="0"/>
</and_exp></or_exp>
</condition>

<node id="89" bw="15" op_0_bw="3">
<![CDATA[
:43  %dct_coeff_table_6_load = load i15* %dct_coeff_table_6_addr, align 2

]]></node>
<StgValue><ssdm name="dct_coeff_table_6_load"/></StgValue>
</operation>

<operation id="100" st_id="5" stage="2" lat="2">
<core>RAM</core>
<MemPortIdVec>0 </MemPortIdVec>
<condition id="0">
<or_exp><and_exp><literal name="exitcond1" val="0"/>
</and_exp></or_exp>
</condition>

<node id="91" bw="16" op_0_bw="6">
<![CDATA[
:45  %src_load_6 = load i16* %src_addr_6, align 2

]]></node>
<StgValue><ssdm name="src_load_6"/></StgValue>
</operation>

<operation id="101" st_id="5" stage="1" lat="2">
<core>ROM_nP</core>
<MemPortIdVec>0 </MemPortIdVec>
<condition id="0">
<or_exp><and_exp><literal name="exitcond1" val="0"/>
</and_exp></or_exp>
</condition>

<node id="95" bw="15" op_0_bw="3">
<![CDATA[
:49  %dct_coeff_table_7_load = load i15* %dct_coeff_table_7_addr, align 2

]]></node>
<StgValue><ssdm name="dct_coeff_table_7_load"/></StgValue>
</operation>

<operation id="102" st_id="5" stage="2" lat="2">
<core>RAM</core>
<MemPortIdVec>1 </MemPortIdVec>
<condition id="0">
<or_exp><and_exp><literal name="exitcond1" val="0"/>
</and_exp></or_exp>
</condition>

<node id="97" bw="16" op_0_bw="6">
<![CDATA[
:51  %src_load_7 = load i16* %src_addr_7, align 2

]]></node>
<StgValue><ssdm name="src_load_7"/></StgValue>
</operation>

<operation id="103" st_id="5" stage="1" lat="1">
<core>AddSub</core>
<MemPortIdVec></MemPortIdVec>
<condition id="0">
<or_exp><and_exp><literal name="exitcond1" val="0"/>
</and_exp></or_exp>
</condition>

<node id="100" bw="29" op_0_bw="29" op_1_bw="29">
<![CDATA[
:54  %tmp2 = add i29 %tmp_6_1, %tmp_6

]]></node>
<StgValue><ssdm name="tmp2"/></StgValue>
</operation>
</state>

<state id="6" st_id="6">

<operation id="104" st_id="6" stage="1" lat="3">
<core>MAC3S</core>
<MemPortIdVec></MemPortIdVec>
<condition id="0">
<or_exp><and_exp><literal name="exitcond1" val="0"/>
</and_exp></or_exp>
</condition>

<node id="75" bw="29" op_0_bw="29" op_1_bw="29">
<![CDATA[
:29  %tmp_6_3 = mul i29 %tmp_5_3_cast, %coeff_3_cast

]]></node>
<StgValue><ssdm name="tmp_6_3"/></StgValue>
</operation>

<operation id="105" st_id="6" stage="1" lat="1">
<core>NULL</core>
<MemPortIdVec></MemPortIdVec>
<condition id="0">
<or_exp><and_exp><literal name="exitcond1" val="0"/>
</and_exp></or_exp>
</condition>

<node id="78" bw="29" op_0_bw="15">
<![CDATA[
:32  %coeff_4_cast = sext i15 %dct_coeff_table_4_load to i29

]]></node>
<StgValue><ssdm name="coeff_4_cast"/></StgValue>
</operation>

<operation id="106" st_id="6" stage="1" lat="1">
<core>NULL</core>
<MemPortIdVec></MemPortIdVec>
<condition id="0">
<or_exp><and_exp><literal name="exitcond1" val="0"/>
</and_exp></or_exp>
</condition>

<node id="80" bw="29" op_0_bw="16">
<![CDATA[
:34  %tmp_5_4_cast = sext i16 %src_load_4 to i29

]]></node>
<StgValue><ssdm name="tmp_5_4_cast"/></StgValue>
</operation>

<operation id="107" st_id="6" stage="1" lat="1">
<core>Mul</core>
<MemPortIdVec></MemPortIdVec>
<condition id="0">
<or_exp><and_exp><literal name="exitcond1" val="0"/>
</and_exp></or_exp>
</condition>

<node id="81" bw="29" op_0_bw="29" op_1_bw="29">
<![CDATA[
:35  %tmp_6_4 = mul i29 %tmp_5_4_cast, %coeff_4_cast

]]></node>
<StgValue><ssdm name="tmp_6_4"/></StgValue>
</operation>

<operation id="108" st_id="6" stage="2" lat="3">
<core>MAC3S</core>
<MemPortIdVec></MemPortIdVec>
<condition id="0">
<or_exp><and_exp><literal name="exitcond1" val="0"/>
</and_exp></or_exp>
</condition>

<node id="87" bw="29" op_0_bw="29" op_1_bw="29">
<![CDATA[
:41  %tmp_6_5 = mul i29 %tmp_5_5_cast, %coeff_5_cast

]]></node>
<StgValue><ssdm name="tmp_6_5"/></StgValue>
</operation>

<operation id="109" st_id="6" stage="1" lat="1">
<core>NULL</core>
<MemPortIdVec></MemPortIdVec>
<condition id="0">
<or_exp><and_exp><literal name="exitcond1" val="0"/>
</and_exp></or_exp>
</condition>

<node id="90" bw="29" op_0_bw="15">
<![CDATA[
:44  %coeff_6_cast = sext i15 %dct_coeff_table_6_load to i29

]]></node>
<StgValue><ssdm name="coeff_6_cast"/></StgValue>
</operation>

<operation id="110" st_id="6" stage="1" lat="2">
<core>RAM</core>
<MemPortIdVec>0 </MemPortIdVec>
<condition id="0">
<or_exp><and_exp><literal name="exitcond1" val="0"/>
</and_exp></or_exp>
</condition>

<node id="91" bw="16" op_0_bw="6">
<![CDATA[
:45  %src_load_6 = load i16* %src_addr_6, align 2

]]></node>
<StgValue><ssdm name="src_load_6"/></StgValue>
</operation>

<operation id="111" st_id="6" stage="1" lat="1">
<core>NULL</core>
<MemPortIdVec></MemPortIdVec>
<condition id="0">
<or_exp><and_exp><literal name="exitcond1" val="0"/>
</and_exp></or_exp>
</condition>

<node id="92" bw="29" op_0_bw="16">
<![CDATA[
:46  %tmp_5_6_cast = sext i16 %src_load_6 to i29

]]></node>
<StgValue><ssdm name="tmp_5_6_cast"/></StgValue>
</operation>

<operation id="112" st_id="6" stage="1" lat="1">
<core>Mul</core>
<MemPortIdVec></MemPortIdVec>
<condition id="0">
<or_exp><and_exp><literal name="exitcond1" val="0"/>
</and_exp></or_exp>
</condition>

<node id="93" bw="29" op_0_bw="29" op_1_bw="29">
<![CDATA[
:47  %tmp_6_6 = mul i29 %tmp_5_6_cast, %coeff_6_cast

]]></node>
<StgValue><ssdm name="tmp_6_6"/></StgValue>
</operation>

<operation id="113" st_id="6" stage="1" lat="2">
<core>RAM</core>
<MemPortIdVec>1 </MemPortIdVec>
<condition id="0">
<or_exp><and_exp><literal name="exitcond1" val="0"/>
</and_exp></or_exp>
</condition>

<node id="97" bw="16" op_0_bw="6">
<![CDATA[
:51  %src_load_7 = load i16* %src_addr_7, align 2

]]></node>
<StgValue><ssdm name="src_load_7"/></StgValue>
</operation>

<operation id="114" st_id="6" stage="1" lat="1">
<core>AddSub</core>
<MemPortIdVec></MemPortIdVec>
<condition id="0">
<or_exp><and_exp><literal name="exitcond1" val="0"/>
</and_exp></or_exp>
</condition>

<node id="101" bw="29" op_0_bw="29" op_1_bw="29">
<![CDATA[
:55  %tmp3 = add i29 %tmp_6_2, %tmp_6_3

]]></node>
<StgValue><ssdm name="tmp3"/></StgValue>
</operation>

<operation id="115" st_id="6" stage="1" lat="1">
<core>AddSub</core>
<MemPortIdVec></MemPortIdVec>
<condition id="0">
<or_exp><and_exp><literal name="exitcond1" val="0"/>
</and_exp></or_exp>
</condition>

<node id="102" bw="29" op_0_bw="29" op_1_bw="29">
<![CDATA[
:56  %tmp1 = add i29 %tmp3, %tmp2

]]></node>
<StgValue><ssdm name="tmp1"/></StgValue>
</operation>
</state>

<state id="7" st_id="7">

<operation id="116" st_id="7" stage="1" lat="3">
<core>MAC3S</core>
<MemPortIdVec></MemPortIdVec>
<condition id="0">
<or_exp><and_exp><literal name="exitcond1" val="0"/>
</and_exp></or_exp>
</condition>

<node id="87" bw="29" op_0_bw="29" op_1_bw="29">
<![CDATA[
:41  %tmp_6_5 = mul i29 %tmp_5_5_cast, %coeff_5_cast

]]></node>
<StgValue><ssdm name="tmp_6_5"/></StgValue>
</operation>

<operation id="117" st_id="7" stage="1" lat="1">
<core>NULL</core>
<MemPortIdVec></MemPortIdVec>
<condition id="0">
<or_exp><and_exp><literal name="exitcond1" val="0"/>
</and_exp></or_exp>
</condition>

<node id="96" bw="29" op_0_bw="15">
<![CDATA[
:50  %coeff_7_cast = sext i15 %dct_coeff_table_7_load to i29

]]></node>
<StgValue><ssdm name="coeff_7_cast"/></StgValue>
</operation>

<operation id="118" st_id="7" stage="1" lat="1">
<core>NULL</core>
<MemPortIdVec></MemPortIdVec>
<condition id="0">
<or_exp><and_exp><literal name="exitcond1" val="0"/>
</and_exp></or_exp>
</condition>

<node id="98" bw="29" op_0_bw="16">
<![CDATA[
:52  %tmp_5_7_cast = sext i16 %src_load_7 to i29

]]></node>
<StgValue><ssdm name="tmp_5_7_cast"/></StgValue>
</operation>

<operation id="119" st_id="7" stage="1" lat="1">
<core>Mul</core>
<MemPortIdVec></MemPortIdVec>
<condition id="0">
<or_exp><and_exp><literal name="exitcond1" val="0"/>
</and_exp></or_exp>
</condition>

<node id="99" bw="29" op_0_bw="29" op_1_bw="29">
<![CDATA[
:53  %tmp_6_7 = mul i29 %tmp_5_7_cast, %coeff_7_cast

]]></node>
<StgValue><ssdm name="tmp_6_7"/></StgValue>
</operation>

<operation id="120" st_id="7" stage="1" lat="1">
<core>AddSub</core>
<MemPortIdVec></MemPortIdVec>
<condition id="0">
<or_exp><and_exp><literal name="exitcond1" val="0"/>
</and_exp></or_exp>
</condition>

<node id="103" bw="29" op_0_bw="29" op_1_bw="29">
<![CDATA[
:57  %tmp5 = add i29 %tmp_6_4, %tmp_6_5

]]></node>
<StgValue><ssdm name="tmp5"/></StgValue>
</operation>

<operation id="121" st_id="7" stage="1" lat="1">
<core>AddSub</core>
<MemPortIdVec></MemPortIdVec>
<condition id="0">
<or_exp><and_exp><literal name="exitcond1" val="0"/>
</and_exp></or_exp>
</condition>

<node id="104" bw="29" op_0_bw="29" op_1_bw="29">
<![CDATA[
:58  %tmp7 = add i29 %tmp_6_7, 4096

]]></node>
<StgValue><ssdm name="tmp7"/></StgValue>
</operation>
</state>

<state id="8" st_id="8">

<operation id="122" st_id="8" stage="1" lat="1">
<core>AddSub</core>
<MemPortIdVec></MemPortIdVec>
<condition id="0">
<or_exp><and_exp><literal name="exitcond1" val="0"/>
</and_exp></or_exp>
</condition>

<node id="105" bw="29" op_0_bw="29" op_1_bw="29">
<![CDATA[
:59  %tmp6 = add i29 %tmp7, %tmp_6_6

]]></node>
<StgValue><ssdm name="tmp6"/></StgValue>
</operation>

<operation id="123" st_id="8" stage="1" lat="1">
<core>AddSub</core>
<MemPortIdVec></MemPortIdVec>
<condition id="0">
<or_exp><and_exp><literal name="exitcond1" val="0"/>
</and_exp></or_exp>
</condition>

<node id="106" bw="29" op_0_bw="29" op_1_bw="29">
<![CDATA[
:60  %tmp4 = add i29 %tmp6, %tmp5

]]></node>
<StgValue><ssdm name="tmp4"/></StgValue>
</operation>
</state>

<state id="9" st_id="9">

<operation id="124" st_id="9" stage="1" lat="1">
<core>NULL</core>
<MemPortIdVec></MemPortIdVec>
<condition id="0">
<or_exp><and_exp><literal name="exitcond1" val="0"/>
</and_exp></or_exp>
</condition>

<node id="48" bw="32" op_0_bw="32" op_1_bw="64" op_2_bw="64" op_3_bw="64">
<![CDATA[
:2  %empty = call i32 (...)* @_ssdm_op_SpecLoopTripCount(i64 8, i64 8, i64 8)

]]></node>
<StgValue><ssdm name="empty"/></StgValue>
</operation>

<operation id="125" st_id="9" stage="1" lat="1">
<core>NULL</core>
<MemPortIdVec></MemPortIdVec>
<condition id="0">
<or_exp><and_exp><literal name="exitcond1" val="0"/>
</and_exp></or_exp>
</condition>

<node id="49" bw="0" op_0_bw="0" op_1_bw="8">
<![CDATA[
:3  call void (...)* @_ssdm_op_SpecLoopName([15 x i8]* @p_str) nounwind

]]></node>
<StgValue><ssdm name=""/></StgValue>
</operation>

<operation id="126" st_id="9" stage="1" lat="1">
<core>NULL</core>
<MemPortIdVec></MemPortIdVec>
<condition id="0">
<or_exp><and_exp><literal name="exitcond1" val="0"/>
</and_exp></or_exp>
</condition>

<node id="50" bw="32" op_0_bw="32" op_1_bw="8">
<![CDATA[
:4  %tmp = call i32 (...)* @_ssdm_op_SpecRegionBegin([15 x i8]* @p_str) nounwind

]]></node>
<StgValue><ssdm name="tmp"/></StgValue>
</operation>

<operation id="127" st_id="9" stage="1" lat="1">
<core>NULL</core>
<MemPortIdVec></MemPortIdVec>
<condition id="0">
<or_exp><and_exp><literal name="exitcond1" val="0"/>
</and_exp></or_exp>
</condition>

<node id="51" bw="0" op_0_bw="0" op_1_bw="32" op_2_bw="32" op_3_bw="32" op_4_bw="8">
<![CDATA[
:5  call void (...)* @_ssdm_op_SpecPipeline(i32 1, i32 1, i32 1, [1 x i8]* @p_str1) nounwind

]]></node>
<StgValue><ssdm name=""/></StgValue>
</operation>

<operation id="128" st_id="9" stage="1" lat="1">
<core>AddSub</core>
<MemPortIdVec></MemPortIdVec>
<condition id="0">
<or_exp><and_exp><literal name="exitcond1" val="0"/>
</and_exp></or_exp>
</condition>

<node id="107" bw="29" op_0_bw="29" op_1_bw="29">
<![CDATA[
:61  %tmp_1 = add i29 %tmp4, %tmp1

]]></node>
<StgValue><ssdm name="tmp_1"/></StgValue>
</operation>

<operation id="129" st_id="9" stage="1" lat="1">
<core>NULL</core>
<MemPortIdVec></MemPortIdVec>
<condition id="0">
<or_exp><and_exp><literal name="exitcond1" val="0"/>
</and_exp></or_exp>
</condition>

<node id="108" bw="16" op_0_bw="16" op_1_bw="29" op_2_bw="32" op_3_bw="32">
<![CDATA[
:62  %tmp_3 = call i16 @_ssdm_op_PartSelect.i16.i29.i32.i32(i29 %tmp_1, i32 13, i32 28)

]]></node>
<StgValue><ssdm name="tmp_3"/></StgValue>
</operation>

<operation id="130" st_id="9" stage="1" lat="1">
<core>NULL</core>
<MemPortIdVec></MemPortIdVec>
<condition id="0">
<or_exp><and_exp><literal name="exitcond1" val="0"/>
</and_exp></or_exp>
</condition>

<node id="112" bw="32" op_0_bw="8">
<![CDATA[
:66  %p_addr17_cast = zext i8 %p_addr7 to i32

]]></node>
<StgValue><ssdm name="p_addr17_cast"/></StgValue>
</operation>

<operation id="131" st_id="9" stage="1" lat="1">
<core>NULL</core>
<MemPortIdVec></MemPortIdVec>
<condition id="0">
<or_exp><and_exp><literal name="exitcond1" val="0"/>
</and_exp></or_exp>
</condition>

<node id="113" bw="6" op_0_bw="16" op_1_bw="32" op_2_bw="32">
<![CDATA[
:67  %dst_addr = getelementptr [64 x i16]* %dst, i32 0, i32 %p_addr17_cast

]]></node>
<StgValue><ssdm name="dst_addr"/></StgValue>
</operation>

<operation id="132" st_id="9" stage="1" lat="1">
<core>RAM</core>
<MemPortIdVec>0 </MemPortIdVec>
<condition id="0">
<or_exp><and_exp><literal name="exitcond1" val="0"/>
</and_exp></or_exp>
</condition>

<node id="114" bw="0" op_0_bw="16" op_1_bw="6">
<![CDATA[
:68  store i16 %tmp_3, i16* %dst_addr, align 2

]]></node>
<StgValue><ssdm name=""/></StgValue>
</operation>

<operation id="133" st_id="9" stage="1" lat="1">
<core>NULL</core>
<MemPortIdVec></MemPortIdVec>
<condition id="0">
<or_exp><and_exp><literal name="exitcond1" val="0"/>
</and_exp></or_exp>
</condition>

<node id="115" bw="32" op_0_bw="32" op_1_bw="8" op_2_bw="32">
<![CDATA[
:69  %empty_23 = call i32 (...)* @_ssdm_op_SpecRegionEnd([15 x i8]* @p_str, i32 %tmp) nounwind

]]></node>
<StgValue><ssdm name="empty_23"/></StgValue>
</operation>

<operation id="134" st_id="9" stage="1" lat="1">
<core>NULL</core>
<MemPortIdVec></MemPortIdVec>
<condition id="0">
<or_exp><and_exp><literal name="exitcond1" val="0"/>
</and_exp></or_exp>
</condition>

<node id="116" bw="0" op_0_bw="0">
<![CDATA[
:70  br label %1

]]></node>
<StgValue><ssdm name=""/></StgValue>
</operation>
</state>

<state id="10" st_id="10">

<operation id="135" st_id="10" stage="1" lat="1">
<core>NULL</core>
<MemPortIdVec></MemPortIdVec>
<condition id="16">
<or_exp><and_exp></and_exp></or_exp>
</condition>

<node id="118" bw="0">
<![CDATA[
:0  ret void

]]></node>
<StgValue><ssdm name=""/></StgValue>
</operation>
</state>
</state_list>


<ports>
<port id="157" name="src" dir="0" iftype="1">
<core>RAM</core><StgValue><ssdm name="src"/><MemPortTyVec>1 1 </MemPortTyVec>
</StgValue>
</port>
<port id="158" name="i_2" dir="0" iftype="0">
<core>NULL</core><StgValue><ssdm name="i_2"/></StgValue>
</port>
<port id="159" name="dst" dir="1" iftype="1">
<core>RAM</core><StgValue><ssdm name="dst"/><MemPortTyVec>0 3 </MemPortTyVec>
</StgValue>
</port>
<port id="160" name="i_21" dir="0" iftype="0">
<core>NULL</core><StgValue><ssdm name="i_21"/></StgValue>
</port>
<port id="161" name="dct_coeff_table_0" dir="0" iftype="1">
<core>ROM_nP</core><StgValue><ssdm name="dct_coeff_table_0"/><MemPortTyVec>1 </MemPortTyVec>
</StgValue>
</port>
<port id="162" name="dct_coeff_table_1" dir="0" iftype="1">
<core>ROM_nP</core><StgValue><ssdm name="dct_coeff_table_1"/><MemPortTyVec>1 </MemPortTyVec>
</StgValue>
</port>
<port id="163" name="dct_coeff_table_2" dir="0" iftype="1">
<core>ROM_nP</core><StgValue><ssdm name="dct_coeff_table_2"/><MemPortTyVec>1 </MemPortTyVec>
</StgValue>
</port>
<port id="164" name="dct_coeff_table_3" dir="0" iftype="1">
<core>ROM_nP</core><StgValue><ssdm name="dct_coeff_table_3"/><MemPortTyVec>1 </MemPortTyVec>
</StgValue>
</port>
<port id="165" name="dct_coeff_table_4" dir="0" iftype="1">
<core>ROM_nP</core><StgValue><ssdm name="dct_coeff_table_4"/><MemPortTyVec>1 </MemPortTyVec>
</StgValue>
</port>
<port id="166" name="dct_coeff_table_5" dir="0" iftype="1">
<core>ROM_nP</core><StgValue><ssdm name="dct_coeff_table_5"/><MemPortTyVec>1 </MemPortTyVec>
</StgValue>
</port>
<port id="167" name="dct_coeff_table_6" dir="0" iftype="1">
<core>ROM_nP</core><StgValue><ssdm name="dct_coeff_table_6"/><MemPortTyVec>1 </MemPortTyVec>
</StgValue>
</port>
<port id="168" name="dct_coeff_table_7" dir="0" iftype="1">
<core>ROM_nP</core><StgValue><ssdm name="dct_coeff_table_7"/><MemPortTyVec>1 </MemPortTyVec>
</StgValue>
</port>
</ports>


<dataflows>
<dataflow id="170" from="_ssdm_op_Read.ap_auto.i4" to="i_21_read" fromId="169" toId="11">
</dataflow>
<dataflow id="171" from="i_21" to="i_21_read" fromId="160" toId="11">
</dataflow>
<dataflow id="172" from="_ssdm_op_Read.ap_auto.i4" to="i_2_read" fromId="169" toId="12">
</dataflow>
<dataflow id="173" from="i_2" to="i_2_read" fromId="158" toId="12">
</dataflow>
<dataflow id="175" from="_ssdm_op_BitConcatenate.i7.i4.i3" to="tmp_9" fromId="174" toId="13">
</dataflow>
<dataflow id="176" from="i_2_read" to="tmp_9" fromId="12" toId="13">
</dataflow>
<dataflow id="178" from="stg_177" to="tmp_9" fromId="177" toId="13">
</dataflow>
<dataflow id="179" from="tmp_9" to="p_addr" fromId="13" toId="14">
</dataflow>
<dataflow id="180" from="src" to="src_addr" fromId="157" toId="15">
</dataflow>
<dataflow id="182" from="stg_181" to="src_addr" fromId="181" toId="15">
</dataflow>
<dataflow id="183" from="p_addr" to="src_addr" fromId="14" toId="15">
</dataflow>
<dataflow id="184" from="_ssdm_op_BitConcatenate.i7.i4.i3" to="tmp_s" fromId="174" toId="16">
</dataflow>
<dataflow id="185" from="i_2_read" to="tmp_s" fromId="12" toId="16">
</dataflow>
<dataflow id="187" from="stg_186" to="tmp_s" fromId="186" toId="16">
</dataflow>
<dataflow id="188" from="tmp_s" to="p_addr9" fromId="16" toId="17">
</dataflow>
<dataflow id="189" from="src" to="src_addr_1" fromId="157" toId="18">
</dataflow>
<dataflow id="190" from="stg_181" to="src_addr_1" fromId="181" toId="18">
</dataflow>
<dataflow id="191" from="p_addr9" to="src_addr_1" fromId="17" toId="18">
</dataflow>
<dataflow id="192" from="_ssdm_op_BitConcatenate.i7.i4.i3" to="tmp_2" fromId="174" toId="19">
</dataflow>
<dataflow id="193" from="i_2_read" to="tmp_2" fromId="12" toId="19">
</dataflow>
<dataflow id="195" from="stg_194" to="tmp_2" fromId="194" toId="19">
</dataflow>
<dataflow id="196" from="tmp_2" to="p_addr1" fromId="19" toId="20">
</dataflow>
<dataflow id="197" from="src" to="src_addr_2" fromId="157" toId="21">
</dataflow>
<dataflow id="198" from="stg_181" to="src_addr_2" fromId="181" toId="21">
</dataflow>
<dataflow id="199" from="p_addr1" to="src_addr_2" fromId="20" toId="21">
</dataflow>
<dataflow id="200" from="_ssdm_op_BitConcatenate.i7.i4.i3" to="tmp_4" fromId="174" toId="22">
</dataflow>
<dataflow id="201" from="i_2_read" to="tmp_4" fromId="12" toId="22">
</dataflow>
<dataflow id="203" from="stg_202" to="tmp_4" fromId="202" toId="22">
</dataflow>
<dataflow id="204" from="tmp_4" to="p_addr2" fromId="22" toId="23">
</dataflow>
<dataflow id="205" from="src" to="src_addr_3" fromId="157" toId="24">
</dataflow>
<dataflow id="206" from="stg_181" to="src_addr_3" fromId="181" toId="24">
</dataflow>
<dataflow id="207" from="p_addr2" to="src_addr_3" fromId="23" toId="24">
</dataflow>
<dataflow id="208" from="_ssdm_op_BitConcatenate.i7.i4.i3" to="tmp_5" fromId="174" toId="25">
</dataflow>
<dataflow id="209" from="i_2_read" to="tmp_5" fromId="12" toId="25">
</dataflow>
<dataflow id="211" from="stg_210" to="tmp_5" fromId="210" toId="25">
</dataflow>
<dataflow id="212" from="tmp_5" to="p_addr3" fromId="25" toId="26">
</dataflow>
<dataflow id="213" from="src" to="src_addr_4" fromId="157" toId="27">
</dataflow>
<dataflow id="214" from="stg_181" to="src_addr_4" fromId="181" toId="27">
</dataflow>
<dataflow id="215" from="p_addr3" to="src_addr_4" fromId="26" toId="27">
</dataflow>
<dataflow id="216" from="_ssdm_op_BitConcatenate.i7.i4.i3" to="tmp_7" fromId="174" toId="28">
</dataflow>
<dataflow id="217" from="i_2_read" to="tmp_7" fromId="12" toId="28">
</dataflow>
<dataflow id="219" from="stg_218" to="tmp_7" fromId="218" toId="28">
</dataflow>
<dataflow id="220" from="tmp_7" to="p_addr4" fromId="28" toId="29">
</dataflow>
<dataflow id="221" from="src" to="src_addr_5" fromId="157" toId="30">
</dataflow>
<dataflow id="222" from="stg_181" to="src_addr_5" fromId="181" toId="30">
</dataflow>
<dataflow id="223" from="p_addr4" to="src_addr_5" fromId="29" toId="30">
</dataflow>
<dataflow id="224" from="_ssdm_op_BitConcatenate.i7.i4.i3" to="tmp_8" fromId="174" toId="31">
</dataflow>
<dataflow id="225" from="i_2_read" to="tmp_8" fromId="12" toId="31">
</dataflow>
<dataflow id="227" from="stg_226" to="tmp_8" fromId="226" toId="31">
</dataflow>
<dataflow id="228" from="tmp_8" to="p_addr5" fromId="31" toId="32">
</dataflow>
<dataflow id="229" from="src" to="src_addr_6" fromId="157" toId="33">
</dataflow>
<dataflow id="230" from="stg_181" to="src_addr_6" fromId="181" toId="33">
</dataflow>
<dataflow id="231" from="p_addr5" to="src_addr_6" fromId="32" toId="33">
</dataflow>
<dataflow id="232" from="_ssdm_op_BitConcatenate.i7.i4.i3" to="tmp_10" fromId="174" toId="34">
</dataflow>
<dataflow id="233" from="i_2_read" to="tmp_10" fromId="12" toId="34">
</dataflow>
<dataflow id="235" from="stg_234" to="tmp_10" fromId="234" toId="34">
</dataflow>
<dataflow id="236" from="tmp_10" to="p_addr6" fromId="34" toId="35">
</dataflow>
<dataflow id="237" from="src" to="src_addr_7" fromId="157" toId="36">
</dataflow>
<dataflow id="238" from="stg_181" to="src_addr_7" fromId="181" toId="36">
</dataflow>
<dataflow id="239" from="p_addr6" to="src_addr_7" fromId="35" toId="36">
</dataflow>
<dataflow id="241" from="stg_240" to="k" fromId="240" toId="38">
<condition id="50">
<or_exp><and_exp></and_exp></or_exp>
</condition>
</dataflow>
<dataflow id="242" from="stg_37" to="k" fromId="37" toId="38">
</dataflow>
<dataflow id="243" from="k_1" to="k" fromId="40" toId="38">
<BackEdge/>
<condition id="51">
<or_exp><and_exp><literal name="exitcond1" val="0"/>
</and_exp></or_exp>
</condition>
</dataflow>
<dataflow id="244" from="stg_134" to="k" fromId="134" toId="38">
<BackEdge/>
</dataflow>
<dataflow id="245" from="k" to="exitcond1" fromId="38" toId="39">
</dataflow>
<dataflow id="247" from="stg_246" to="exitcond1" fromId="246" toId="39">
</dataflow>
<dataflow id="248" from="k" to="k_1" fromId="38" toId="40">
</dataflow>
<dataflow id="250" from="stg_249" to="k_1" fromId="249" toId="40">
</dataflow>
<dataflow id="251" from="exitcond1" to="stg_41" fromId="39" toId="41">
</dataflow>
<dataflow id="252" from="k" to="k_cast8" fromId="38" toId="42">
</dataflow>
<dataflow id="253" from="k" to="k_cast8_cast" fromId="38" toId="43">
</dataflow>
<dataflow id="254" from="dct_coeff_table_0" to="dct_coeff_table_0_addr" fromId="161" toId="44">
</dataflow>
<dataflow id="255" from="stg_181" to="dct_coeff_table_0_addr" fromId="181" toId="44">
</dataflow>
<dataflow id="256" from="k_cast8" to="dct_coeff_table_0_addr" fromId="42" toId="44">
</dataflow>
<dataflow id="257" from="dct_coeff_table_0_addr" to="dct_coeff_table_0_load" fromId="44" toId="45">
</dataflow>
<dataflow id="258" from="src_addr" to="src_load" fromId="15" toId="46">
</dataflow>
<dataflow id="259" from="dct_coeff_table_1" to="dct_coeff_table_1_addr" fromId="162" toId="47">
</dataflow>
<dataflow id="260" from="stg_181" to="dct_coeff_table_1_addr" fromId="181" toId="47">
</dataflow>
<dataflow id="261" from="k_cast8" to="dct_coeff_table_1_addr" fromId="42" toId="47">
</dataflow>
<dataflow id="262" from="dct_coeff_table_1_addr" to="dct_coeff_table_1_load" fromId="47" toId="48">
</dataflow>
<dataflow id="263" from="src_addr_1" to="src_load_1" fromId="18" toId="49">
</dataflow>
<dataflow id="264" from="_ssdm_op_BitConcatenate.i7.i4.i3" to="tmp_11" fromId="174" toId="50">
</dataflow>
<dataflow id="265" from="i_21_read" to="tmp_11" fromId="11" toId="50">
</dataflow>
<dataflow id="266" from="stg_177" to="tmp_11" fromId="177" toId="50">
</dataflow>
<dataflow id="267" from="tmp_11" to="p_addr16_cast" fromId="50" toId="51">
</dataflow>
<dataflow id="268" from="p_addr16_cast" to="p_addr7" fromId="51" toId="52">
</dataflow>
<dataflow id="269" from="k_cast8_cast" to="p_addr7" fromId="43" toId="52">
</dataflow>
<dataflow id="270" from="dct_coeff_table_0_addr" to="dct_coeff_table_0_load" fromId="44" toId="53">
</dataflow>
<dataflow id="271" from="dct_coeff_table_0_load" to="coeff_cast" fromId="53" toId="54">
</dataflow>
<dataflow id="272" from="src_addr" to="src_load" fromId="15" toId="55">
</dataflow>
<dataflow id="273" from="src_load" to="tmp_5_cast" fromId="55" toId="56">
</dataflow>
<dataflow id="274" from="tmp_5_cast" to="tmp_6" fromId="56" toId="57">
</dataflow>
<dataflow id="275" from="coeff_cast" to="tmp_6" fromId="54" toId="57">
</dataflow>
<dataflow id="276" from="dct_coeff_table_1_addr" to="dct_coeff_table_1_load" fromId="47" toId="58">
</dataflow>
<dataflow id="277" from="src_addr_1" to="src_load_1" fromId="18" toId="59">
</dataflow>
<dataflow id="278" from="dct_coeff_table_2" to="dct_coeff_table_2_addr" fromId="163" toId="60">
</dataflow>
<dataflow id="279" from="stg_181" to="dct_coeff_table_2_addr" fromId="181" toId="60">
</dataflow>
<dataflow id="280" from="k_cast8" to="dct_coeff_table_2_addr" fromId="42" toId="60">
</dataflow>
<dataflow id="281" from="dct_coeff_table_2_addr" to="dct_coeff_table_2_load" fromId="60" toId="61">
</dataflow>
<dataflow id="282" from="src_addr_2" to="src_load_2" fromId="21" toId="62">
</dataflow>
<dataflow id="283" from="dct_coeff_table_3" to="dct_coeff_table_3_addr" fromId="164" toId="63">
</dataflow>
<dataflow id="284" from="stg_181" to="dct_coeff_table_3_addr" fromId="181" toId="63">
</dataflow>
<dataflow id="285" from="k_cast8" to="dct_coeff_table_3_addr" fromId="42" toId="63">
</dataflow>
<dataflow id="286" from="dct_coeff_table_3_addr" to="dct_coeff_table_3_load" fromId="63" toId="64">
</dataflow>
<dataflow id="287" from="src_addr_3" to="src_load_3" fromId="24" toId="65">
</dataflow>
<dataflow id="288" from="tmp_5_cast" to="tmp_6" fromId="56" toId="66">
</dataflow>
<dataflow id="289" from="coeff_cast" to="tmp_6" fromId="54" toId="66">
</dataflow>
<dataflow id="290" from="dct_coeff_table_1_load" to="coeff_1_cast" fromId="58" toId="67">
</dataflow>
<dataflow id="291" from="src_load_1" to="tmp_5_1_cast" fromId="59" toId="68">
</dataflow>
<dataflow id="292" from="tmp_5_1_cast" to="tmp_6_1" fromId="68" toId="69">
</dataflow>
<dataflow id="293" from="coeff_1_cast" to="tmp_6_1" fromId="67" toId="69">
</dataflow>
<dataflow id="294" from="dct_coeff_table_2_addr" to="dct_coeff_table_2_load" fromId="60" toId="70">
</dataflow>
<dataflow id="295" from="src_addr_2" to="src_load_2" fromId="21" toId="71">
</dataflow>
<dataflow id="296" from="dct_coeff_table_3_addr" to="dct_coeff_table_3_load" fromId="63" toId="72">
</dataflow>
<dataflow id="297" from="dct_coeff_table_3_load" to="coeff_3_cast" fromId="72" toId="73">
</dataflow>
<dataflow id="298" from="src_addr_3" to="src_load_3" fromId="24" toId="74">
</dataflow>
<dataflow id="299" from="src_load_3" to="tmp_5_3_cast" fromId="74" toId="75">
</dataflow>
<dataflow id="300" from="tmp_5_3_cast" to="tmp_6_3" fromId="75" toId="76">
</dataflow>
<dataflow id="301" from="coeff_3_cast" to="tmp_6_3" fromId="73" toId="76">
</dataflow>
<dataflow id="302" from="dct_coeff_table_4" to="dct_coeff_table_4_addr" fromId="165" toId="77">
</dataflow>
<dataflow id="303" from="stg_181" to="dct_coeff_table_4_addr" fromId="181" toId="77">
</dataflow>
<dataflow id="304" from="k_cast8" to="dct_coeff_table_4_addr" fromId="42" toId="77">
</dataflow>
<dataflow id="305" from="dct_coeff_table_4_addr" to="dct_coeff_table_4_load" fromId="77" toId="78">
</dataflow>
<dataflow id="306" from="src_addr_4" to="src_load_4" fromId="27" toId="79">
</dataflow>
<dataflow id="307" from="dct_coeff_table_5" to="dct_coeff_table_5_addr" fromId="166" toId="80">
</dataflow>
<dataflow id="308" from="stg_181" to="dct_coeff_table_5_addr" fromId="181" toId="80">
</dataflow>
<dataflow id="309" from="k_cast8" to="dct_coeff_table_5_addr" fromId="42" toId="80">
</dataflow>
<dataflow id="310" from="dct_coeff_table_5_addr" to="dct_coeff_table_5_load" fromId="80" toId="81">
</dataflow>
<dataflow id="311" from="src_addr_5" to="src_load_5" fromId="30" toId="82">
</dataflow>
<dataflow id="312" from="dct_coeff_table_6" to="dct_coeff_table_6_addr" fromId="167" toId="83">
</dataflow>
<dataflow id="313" from="stg_181" to="dct_coeff_table_6_addr" fromId="181" toId="83">
</dataflow>
<dataflow id="314" from="k_cast8" to="dct_coeff_table_6_addr" fromId="42" toId="83">
</dataflow>
<dataflow id="315" from="dct_coeff_table_6_addr" to="dct_coeff_table_6_load" fromId="83" toId="84">
</dataflow>
<dataflow id="316" from="dct_coeff_table_7" to="dct_coeff_table_7_addr" fromId="168" toId="85">
</dataflow>
<dataflow id="317" from="stg_181" to="dct_coeff_table_7_addr" fromId="181" toId="85">
</dataflow>
<dataflow id="318" from="k_cast8" to="dct_coeff_table_7_addr" fromId="42" toId="85">
</dataflow>
<dataflow id="319" from="dct_coeff_table_7_addr" to="dct_coeff_table_7_load" fromId="85" toId="86">
</dataflow>
<dataflow id="320" from="tmp_5_cast" to="tmp_6" fromId="56" toId="87">
</dataflow>
<dataflow id="321" from="coeff_cast" to="tmp_6" fromId="54" toId="87">
</dataflow>
<dataflow id="322" from="dct_coeff_table_2_load" to="coeff_2_cast" fromId="70" toId="88">
</dataflow>
<dataflow id="323" from="src_load_2" to="tmp_5_2_cast" fromId="71" toId="89">
</dataflow>
<dataflow id="324" from="tmp_5_2_cast" to="tmp_6_2" fromId="89" toId="90">
</dataflow>
<dataflow id="325" from="coeff_2_cast" to="tmp_6_2" fromId="88" toId="90">
</dataflow>
<dataflow id="326" from="tmp_5_3_cast" to="tmp_6_3" fromId="75" toId="91">
</dataflow>
<dataflow id="327" from="coeff_3_cast" to="tmp_6_3" fromId="73" toId="91">
</dataflow>
<dataflow id="328" from="dct_coeff_table_4_addr" to="dct_coeff_table_4_load" fromId="77" toId="92">
</dataflow>
<dataflow id="329" from="src_addr_4" to="src_load_4" fromId="27" toId="93">
</dataflow>
<dataflow id="330" from="dct_coeff_table_5_addr" to="dct_coeff_table_5_load" fromId="80" toId="94">
</dataflow>
<dataflow id="331" from="dct_coeff_table_5_load" to="coeff_5_cast" fromId="94" toId="95">
</dataflow>
<dataflow id="332" from="src_addr_5" to="src_load_5" fromId="30" toId="96">
</dataflow>
<dataflow id="333" from="src_load_5" to="tmp_5_5_cast" fromId="96" toId="97">
</dataflow>
<dataflow id="334" from="tmp_5_5_cast" to="tmp_6_5" fromId="97" toId="98">
</dataflow>
<dataflow id="335" from="coeff_5_cast" to="tmp_6_5" fromId="95" toId="98">
</dataflow>
<dataflow id="336" from="dct_coeff_table_6_addr" to="dct_coeff_table_6_load" fromId="83" toId="99">
</dataflow>
<dataflow id="337" from="src_addr_6" to="src_load_6" fromId="33" toId="100">
</dataflow>
<dataflow id="338" from="dct_coeff_table_7_addr" to="dct_coeff_table_7_load" fromId="85" toId="101">
</dataflow>
<dataflow id="339" from="src_addr_7" to="src_load_7" fromId="36" toId="102">
</dataflow>
<dataflow id="340" from="tmp_6_1" to="tmp2" fromId="69" toId="103">
</dataflow>
<dataflow id="341" from="tmp_6" to="tmp2" fromId="87" toId="103">
</dataflow>
<dataflow id="342" from="tmp_5_3_cast" to="tmp_6_3" fromId="75" toId="104">
</dataflow>
<dataflow id="343" from="coeff_3_cast" to="tmp_6_3" fromId="73" toId="104">
</dataflow>
<dataflow id="344" from="dct_coeff_table_4_load" to="coeff_4_cast" fromId="92" toId="105">
</dataflow>
<dataflow id="345" from="src_load_4" to="tmp_5_4_cast" fromId="93" toId="106">
</dataflow>
<dataflow id="346" from="tmp_5_4_cast" to="tmp_6_4" fromId="106" toId="107">
</dataflow>
<dataflow id="347" from="coeff_4_cast" to="tmp_6_4" fromId="105" toId="107">
</dataflow>
<dataflow id="348" from="tmp_5_5_cast" to="tmp_6_5" fromId="97" toId="108">
</dataflow>
<dataflow id="349" from="coeff_5_cast" to="tmp_6_5" fromId="95" toId="108">
</dataflow>
<dataflow id="350" from="dct_coeff_table_6_load" to="coeff_6_cast" fromId="99" toId="109">
</dataflow>
<dataflow id="351" from="src_addr_6" to="src_load_6" fromId="33" toId="110">
</dataflow>
<dataflow id="352" from="src_load_6" to="tmp_5_6_cast" fromId="110" toId="111">
</dataflow>
<dataflow id="353" from="tmp_5_6_cast" to="tmp_6_6" fromId="111" toId="112">
</dataflow>
<dataflow id="354" from="coeff_6_cast" to="tmp_6_6" fromId="109" toId="112">
</dataflow>
<dataflow id="355" from="src_addr_7" to="src_load_7" fromId="36" toId="113">
</dataflow>
<dataflow id="356" from="tmp_6_2" to="tmp3" fromId="90" toId="114">
</dataflow>
<dataflow id="357" from="tmp_6_3" to="tmp3" fromId="104" toId="114">
</dataflow>
<dataflow id="358" from="tmp3" to="tmp1" fromId="114" toId="115">
</dataflow>
<dataflow id="359" from="tmp2" to="tmp1" fromId="103" toId="115">
</dataflow>
<dataflow id="360" from="tmp_5_5_cast" to="tmp_6_5" fromId="97" toId="116">
</dataflow>
<dataflow id="361" from="coeff_5_cast" to="tmp_6_5" fromId="95" toId="116">
</dataflow>
<dataflow id="362" from="dct_coeff_table_7_load" to="coeff_7_cast" fromId="101" toId="117">
</dataflow>
<dataflow id="363" from="src_load_7" to="tmp_5_7_cast" fromId="113" toId="118">
</dataflow>
<dataflow id="364" from="tmp_5_7_cast" to="tmp_6_7" fromId="118" toId="119">
</dataflow>
<dataflow id="365" from="coeff_7_cast" to="tmp_6_7" fromId="117" toId="119">
</dataflow>
<dataflow id="366" from="tmp_6_4" to="tmp5" fromId="107" toId="120">
</dataflow>
<dataflow id="367" from="tmp_6_5" to="tmp5" fromId="116" toId="120">
</dataflow>
<dataflow id="368" from="tmp_6_7" to="tmp7" fromId="119" toId="121">
</dataflow>
<dataflow id="370" from="stg_369" to="tmp7" fromId="369" toId="121">
</dataflow>
<dataflow id="371" from="tmp7" to="tmp6" fromId="121" toId="122">
</dataflow>
<dataflow id="372" from="tmp_6_6" to="tmp6" fromId="112" toId="122">
</dataflow>
<dataflow id="373" from="tmp6" to="tmp4" fromId="122" toId="123">
</dataflow>
<dataflow id="374" from="tmp5" to="tmp4" fromId="120" toId="123">
</dataflow>
<dataflow id="376" from="_ssdm_op_SpecLoopTripCount" to="empty" fromId="375" toId="124">
</dataflow>
<dataflow id="378" from="stg_377" to="empty" fromId="377" toId="124">
</dataflow>
<dataflow id="379" from="stg_377" to="empty" fromId="377" toId="124">
</dataflow>
<dataflow id="380" from="stg_377" to="empty" fromId="377" toId="124">
</dataflow>
<dataflow id="382" from="_ssdm_op_SpecLoopName" to="stg_125" fromId="381" toId="125">
</dataflow>
<dataflow id="384" from="p_str" to="stg_125" fromId="383" toId="125">
</dataflow>
<dataflow id="386" from="_ssdm_op_SpecRegionBegin" to="tmp" fromId="385" toId="126">
</dataflow>
<dataflow id="387" from="p_str" to="tmp" fromId="383" toId="126">
</dataflow>
<dataflow id="389" from="_ssdm_op_SpecPipeline" to="stg_127" fromId="388" toId="127">
</dataflow>
<dataflow id="391" from="stg_390" to="stg_127" fromId="390" toId="127">
</dataflow>
<dataflow id="392" from="stg_390" to="stg_127" fromId="390" toId="127">
</dataflow>
<dataflow id="393" from="stg_390" to="stg_127" fromId="390" toId="127">
</dataflow>
<dataflow id="395" from="p_str1" to="stg_127" fromId="394" toId="127">
</dataflow>
<dataflow id="396" from="tmp4" to="tmp_1" fromId="123" toId="128">
</dataflow>
<dataflow id="397" from="tmp1" to="tmp_1" fromId="115" toId="128">
</dataflow>
<dataflow id="399" from="_ssdm_op_PartSelect.i16.i29.i32.i32" to="tmp_3" fromId="398" toId="129">
</dataflow>
<dataflow id="400" from="tmp_1" to="tmp_3" fromId="128" toId="129">
</dataflow>
<dataflow id="402" from="stg_401" to="tmp_3" fromId="401" toId="129">
</dataflow>
<dataflow id="404" from="stg_403" to="tmp_3" fromId="403" toId="129">
</dataflow>
<dataflow id="405" from="p_addr7" to="p_addr17_cast" fromId="52" toId="130">
</dataflow>
<dataflow id="406" from="dst" to="dst_addr" fromId="159" toId="131">
</dataflow>
<dataflow id="407" from="stg_181" to="dst_addr" fromId="181" toId="131">
</dataflow>
<dataflow id="408" from="p_addr17_cast" to="dst_addr" fromId="130" toId="131">
</dataflow>
<dataflow id="409" from="tmp_3" to="stg_132" fromId="129" toId="132">
</dataflow>
<dataflow id="410" from="dst_addr" to="stg_132" fromId="131" toId="132">
</dataflow>
<dataflow id="412" from="_ssdm_op_SpecRegionEnd" to="empty_23" fromId="411" toId="133">
</dataflow>
<dataflow id="413" from="p_str" to="empty_23" fromId="383" toId="133">
</dataflow>
<dataflow id="414" from="tmp" to="empty_23" fromId="126" toId="133">
</dataflow>
<dataflow id="415" from="exitcond1" to="stg_2" fromId="39" toId="2">
</dataflow>
<dataflow id="416" from="exitcond1" to="stg_3" fromId="39" toId="3">
</dataflow>
<dataflow id="417" from="exitcond1" to="stg_4" fromId="39" toId="4">
</dataflow>
<dataflow id="418" from="exitcond1" to="stg_5" fromId="39" toId="5">
</dataflow>
<dataflow id="419" from="exitcond1" to="stg_6" fromId="39" toId="6">
</dataflow>
<dataflow id="420" from="exitcond1" to="stg_7" fromId="39" toId="7">
</dataflow>
<dataflow id="421" from="exitcond1" to="stg_8" fromId="39" toId="8">
</dataflow>
<dataflow id="422" from="exitcond1" to="stg_9" fromId="39" toId="9">
</dataflow>
</dataflows>


</stg>
