<profile>

<section name = "Vivado HLS Report for 'dct_2d'" level="0">
<item name = "Date">Fri Jan 03 23:51:04 2014
</item>
<item name = "Version">2013.3 (build date: Wed Oct 16 18:12:55 PM 2013)</item>
<item name = "Project">dct_prj</item>
<item name = "Solution">solution3</item>
<item name = "Product family">artix7 artix7_fpv6 </item>
<item name = "Target device">xc7a100tcsg324-1</item>
</section>

<section name = "Performance Estimates" level="0">
<item name = "Timing (ns)">
<section name = "" level="1">
<item name = "Summary"><table name="" hasTotal="0">
<keys size="4">Clock, Target, Estimated, Uncertainty</keys>
<column name="default">10.00, 7.76, 1.25</column>
</table>
</item>
</section>
</item>
<item name = "Latency (clock cycles)">
<section name = "" level="1">
<item name = "Summary"><table name="" hasTotal="0">
<keys size="6">, min, max, min, max, Type</keys>
<column name="">757, 757, 757, 757, none</column>
</table>
</item>
<item name = "Detail">
<section name = "" level="1">
<item name = "Instance"><table name="" hasTotal="0">
<keys size="7">Instance, Module, min, max, min, max, Type</keys>
<column name="grp_dct_1d_fu_220">dct_1d, 37, 37, 37, 37, none</column>
</table>
</item>
<item name = "Loop"><table name="" hasTotal="0">
<keys size="8">Loop Name, min, max, Latency, achieved, target, Count, Pipelined</keys>
<column name="- Row_DCT_Loop">312, 312, 39, -, -, 8, no</column>
<column name="- Xpose_Row_Outer_Loop_Xpose_Row_Inner_Loop">64, 64, 2, 1, 1, 64, yes</column>
<column name="- Col_DCT_Loop">312, 312, 39, -, -, 8, no</column>
<column name="- Xpose_Col_Outer_Loop_Xpose_Col_Inner_Loop">64, 64, 2, 1, 1, 64, yes</column>
</table>
</item>
</section>
</item>
</section>
</item>
</section>

<section name = "Utilization Estimates" level="0">
<item name = "Summary"><table name="" hasTotal="1">
<keys size="5">Name, BRAM_18K, DSP48E, FF, LUT</keys>
<column name="Expression">-, -, 0, 116</column>
<column name="FIFO">-, -, -, -</column>
<column name="Instance">8, 8, 411, 139</column>
<column name="Memory">3, -, 0, 0</column>
<column name="Multiplexer">-, -, -, 104</column>
<column name="Register">-, -, 72, -</column>
<column name="ShiftMemory">-, -, -, -</column>
<specialColumn name="Available">270, 240, 126800, 63400</specialColumn>
<specialColumn name="Utilization (%)">4, 3, ~0, ~0</specialColumn>
</table>
</item>
<item name = "Detail">
<section name = "" level="1">
<item name = "Instance"><table name="" hasTotal="1">
<keys size="6">Instance, Module, BRAM_18K, DSP48E, FF, LUT</keys>
<column name="grp_dct_1d_fu_220">dct_1d, 8, 8, 411, 139</column>
</table>
</item>
<item name = "Memory"><table name="" hasTotal="1">
<keys size="7">Memory, Module, BRAM_18K, Words, Bits, Banks, W*Bits*Banks</keys>
<column name="col_inbuf_U">dct_2d_col_inbuf, 1, 64, 16, 1, 1024</column>
<column name="row_outbuf_U">dct_2d_row_outbuf, 1, 64, 16, 1, 1024</column>
<column name="col_outbuf_U">dct_2d_row_outbuf, 1, 64, 16, 1, 1024</column>
</table>
</item>
<item name = "FIFO"><table name="" hasTotal="1">
<keys size="7">Name, BRAM_18K, FF, LUT, Depth, Bits, Size:D*B</keys>
</table>
</item>
<item name = "Shift register"><table name="" hasTotal="1">
<keys size="5">Name, FF, LUT, Bits, Const Bits</keys>
</table>
</item>
<item name = "Expression"><table name="" hasTotal="1">
<keys size="7">Variable Name, Operation, DSP48E, FF, LUT, Bitwidth P0, Bitwidth P1</keys>
<column name="i_4_fu_255_p2">+, 0, 0, 4, 4, 1</column>
<column name="i_5_fu_365_p2">+, 0, 0, 4, 4, 1</column>
<column name="i_6_fu_328_p2">+, 0, 0, 4, 4, 1</column>
<column name="i_7_fu_438_p2">+, 0, 0, 4, 4, 1</column>
<column name="indvar_flatten_next2_fu_377_p2">+, 0, 0, 7, 7, 1</column>
<column name="indvar_flatten_next_fu_267_p2">+, 0, 0, 7, 7, 1</column>
<column name="j_2_fu_397_p2">+, 0, 0, 4, 4, 1</column>
<column name="j_s_fu_287_p2">+, 0, 0, 4, 4, 1</column>
<column name="p_addr2_fu_458_p2">+, 0, 0, 8, 8, 8</column>
<column name="p_addr4_fu_317_p2">+, 0, 0, 8, 8, 8</column>
<column name="p_addr6_fu_348_p2">+, 0, 0, 8, 8, 8</column>
<column name="p_addr8_fu_427_p2">+, 0, 0, 8, 8, 8</column>
<column name="i_1_mid2_fu_279_p3">Select, 0, 0, 4, 1, 1</column>
<column name="i_3_mid2_fu_389_p3">Select, 0, 0, 4, 1, 1</column>
<column name="j_1_mid2_fu_403_p3">Select, 0, 0, 4, 1, 4</column>
<column name="j_mid2_fu_293_p3">Select, 0, 0, 4, 1, 4</column>
<column name="exitcond4_fu_359_p2">icmp, 0, 0, 4, 4, 5</column>
<column name="exitcond7_fu_249_p2">icmp, 0, 0, 4, 4, 5</column>
<column name="exitcond9_fu_383_p2">icmp, 0, 0, 4, 4, 5</column>
<column name="exitcond_flatten2_fu_371_p2">icmp, 0, 0, 7, 7, 8</column>
<column name="exitcond_flatten_fu_261_p2">icmp, 0, 0, 7, 7, 8</column>
<column name="exitcond_fu_273_p2">icmp, 0, 0, 4, 4, 5</column>
</table>
</item>
<item name = "Multiplexer"><table name="" hasTotal="1">
<keys size="5">Name, LUT, Input Size, Bits, Total Bits</keys>
<column name="col_inbuf_address0">6, 3, 6, 18</column>
<column name="col_outbuf_address0">6, 3, 6, 18</column>
<column name="grp_dct_1d_fu_220_i_2">4, 3, 4, 12</column>
<column name="grp_dct_1d_fu_220_i_21">4, 3, 4, 12</column>
<column name="grp_dct_1d_fu_220_src_q0">16, 3, 16, 48</column>
<column name="grp_dct_1d_fu_220_src_q1">16, 3, 16, 48</column>
<column name="i_1_reg_163">4, 2, 4, 8</column>
<column name="i_2_reg_174">4, 2, 4, 8</column>
<column name="i_3_reg_208">4, 2, 4, 8</column>
<column name="i_reg_129">4, 2, 4, 8</column>
<column name="indvar_flatten2_reg_186">7, 2, 7, 14</column>
<column name="indvar_flatten_reg_141">7, 2, 7, 14</column>
<column name="j_1_phi_fu_201_p4">4, 2, 4, 8</column>
<column name="j_1_reg_197">4, 2, 4, 8</column>
<column name="j_phi_fu_156_p4">4, 2, 4, 8</column>
<column name="j_reg_152">4, 2, 4, 8</column>
<column name="row_outbuf_address0">6, 3, 6, 18</column>
</table>
</item>
<item name = "Register"><table name="" hasTotal="1">
<keys size="4">Name, FF, Bits, Const Bits</keys>
<column name="ap_CS_fsm">3, 3, 0</column>
<column name="ap_reg_ppiten_pp0_it0">1, 1, 0</column>
<column name="ap_reg_ppiten_pp0_it1">1, 1, 0</column>
<column name="ap_reg_ppiten_pp1_it0">1, 1, 0</column>
<column name="ap_reg_ppiten_pp1_it1">1, 1, 0</column>
<column name="exitcond_flatten2_reg_515">1, 1, 0</column>
<column name="exitcond_flatten_reg_477">1, 1, 0</column>
<column name="grp_dct_1d_fu_220_ap_start_ap_start_reg">1, 1, 0</column>
<column name="i_1_mid2_reg_486">4, 4, 0</column>
<column name="i_1_reg_163">4, 4, 0</column>
<column name="i_2_reg_174">4, 4, 0</column>
<column name="i_3_mid2_reg_524">4, 4, 0</column>
<column name="i_3_reg_208">4, 4, 0</column>
<column name="i_4_reg_472">4, 4, 0</column>
<column name="i_5_reg_510">4, 4, 0</column>
<column name="i_reg_129">4, 4, 0</column>
<column name="indvar_flatten2_reg_186">7, 7, 0</column>
<column name="indvar_flatten_reg_141">7, 7, 0</column>
<column name="j_1_mid2_reg_529">4, 4, 0</column>
<column name="j_1_reg_197">4, 4, 0</column>
<column name="j_mid2_reg_491">4, 4, 0</column>
<column name="j_reg_152">4, 4, 0</column>
</table>
</item>
</section>
</item>
</section>

<section name = "Interface" level="0">
<item name = "Summary"><table name="" hasTotal="0">
<keys size="6">RTL Ports, Dir, Bits, Protocol, Source Object, C Type</keys>
<column name="ap_clk">in, 1, ap_ctrl_hs, dct_2d, return value</column>
<column name="ap_rst">in, 1, ap_ctrl_hs, dct_2d, return value</column>
<column name="ap_start">in, 1, ap_ctrl_hs, dct_2d, return value</column>
<column name="ap_done">out, 1, ap_ctrl_hs, dct_2d, return value</column>
<column name="ap_idle">out, 1, ap_ctrl_hs, dct_2d, return value</column>
<column name="ap_ready">out, 1, ap_ctrl_hs, dct_2d, return value</column>
<column name="in_block_address0">out, 6, ap_memory, in_block, array</column>
<column name="in_block_ce0">out, 1, ap_memory, in_block, array</column>
<column name="in_block_q0">in, 16, ap_memory, in_block, array</column>
<column name="in_block_address1">out, 6, ap_memory, in_block, array</column>
<column name="in_block_ce1">out, 1, ap_memory, in_block, array</column>
<column name="in_block_q1">in, 16, ap_memory, in_block, array</column>
<column name="out_block_address0">out, 6, ap_memory, out_block, array</column>
<column name="out_block_ce0">out, 1, ap_memory, out_block, array</column>
<column name="out_block_we0">out, 1, ap_memory, out_block, array</column>
<column name="out_block_d0">out, 16, ap_memory, out_block, array</column>
</table>
</item>
</section>
</profile>
