<stg><name>dct_1d</name>


<trans_list>

<trans id="136" from="1" to="2">
<condition id="18">
<or_exp><and_exp></and_exp></or_exp>
</condition>
</trans>

<trans id="155" from="2" to="10">
<condition id="31">
<or_exp><and_exp><literal name="exitcond1" val="1"/>
</and_exp></or_exp>
</condition>
</trans>

<trans id="156" from="2" to="3">
<condition id="39">
<or_exp><and_exp><literal name="exitcond1" val="0"/>
</and_exp></or_exp>
</condition>
</trans>

<trans id="148" from="3" to="4">
<condition id="32">
<or_exp><and_exp></and_exp></or_exp>
</condition>
</trans>

<trans id="149" from="4" to="5">
<condition id="33">
<or_exp><and_exp></and_exp></or_exp>
</condition>
</trans>

<trans id="150" from="5" to="6">
<condition id="34">
<or_exp><and_exp></and_exp></or_exp>
</condition>
</trans>

<trans id="151" from="6" to="7">
<condition id="35">
<or_exp><and_exp></and_exp></or_exp>
</condition>
</trans>

<trans id="152" from="7" to="8">
<condition id="36">
<or_exp><and_exp></and_exp></or_exp>
</condition>
</trans>

<trans id="153" from="8" to="9">
<condition id="37">
<or_exp><and_exp></and_exp></or_exp>
</condition>
</trans>

<trans id="154" from="9" to="2">
<condition id="38">
<or_exp><and_exp></and_exp></or_exp>
</condition>
</trans>
</trans_list>



<state_list>

<state id="1" st_id="1">

<operation id="11" st_id="1" stage="1" lat="1">
<core>NULL</core>
<MemPortIdVec></MemPortIdVec>
<condition id="15">
<or_exp><and_exp></and_exp></or_exp>
</condition>

<node id="13" bw="4" op_0_bw="4" op_1_bw="4">
<![CDATA[
:0  %i_21_read = call i4 @_ssdm_op_Read.ap_auto.i4(i4 %i_21)

]]></node>
<StgValue><ssdm name="i_21_read"/></StgValue>
</operation>

<operation id="12" st_id="1" stage="1" lat="1">
<core>NULL</core>
<MemPortIdVec></MemPortIdVec>
<condition id="15">
<or_exp><and_exp></and_exp></or_exp>
</condition>

<node id="14" bw="4" op_0_bw="4" op_1_bw="4">
<![CDATA[
:1  %i_2_read = call i4 @_ssdm_op_Read.ap_auto.i4(i4 %i_2)

]]></node>
<StgValue><ssdm name="i_2_read"/></StgValue>
</operation>

<operation id="13" st_id="1" stage="1" lat="1">
<core>NULL</core>
<MemPortIdVec></MemPortIdVec>
<condition id="15">
<or_exp><and_exp></and_exp></or_exp>
</condition>

<node id="15" bw="7" op_0_bw="7" op_1_bw="4" op_2_bw="3">
<![CDATA[
:2  %tmp_9 = call i7 @_ssdm_op_BitConcatenate.i7.i4.i3(i4 %i_2_read, i3 0)

]]></node>
<StgValue><ssdm name="tmp_9"/></StgValue>
</operation>

<operation id="14" st_id="1" stage="1" lat="1">
<core>NULL</core>
<MemPortIdVec></MemPortIdVec>
<condition id="15">
<or_exp><and_exp></and_exp></or_exp>
</condition>

<node id="16" bw="32" op_0_bw="7">
<![CDATA[
:3  %p_addr = zext i7 %tmp_9 to i32

]]></node>
<StgValue><ssdm name="p_addr"/></StgValue>
</operation>

<operation id="15" st_id="1" stage="1" lat="1">
<core>NULL</core>
<MemPortIdVec></MemPortIdVec>
<condition id="15">
<or_exp><and_exp></and_exp></or_exp>
</condition>

<node id="17" bw="6" op_0_bw="16" op_1_bw="32" op_2_bw="32">
<![CDATA[
:4  %src_addr = getelementptr [64 x i16]* %src, i32 0, i32 %p_addr

]]></node>
<StgValue><ssdm name="src_addr"/></StgValue>
</operation>

<operation id="16" st_id="1" stage="1" lat="1">
<core>NULL</core>
<MemPortIdVec></MemPortIdVec>
<condition id="15">
<or_exp><and_exp></and_exp></or_exp>
</condition>

<node id="18" bw="7" op_0_bw="7" op_1_bw="4" op_2_bw="3">
<![CDATA[
:5  %tmp_s = call i7 @_ssdm_op_BitConcatenate.i7.i4.i3(i4 %i_2_read, i3 1)

]]></node>
<StgValue><ssdm name="tmp_s"/></StgValue>
</operation>

<operation id="17" st_id="1" stage="1" lat="1">
<core>NULL</core>
<MemPortIdVec></MemPortIdVec>
<condition id="15">
<or_exp><and_exp></and_exp></or_exp>
</condition>

<node id="19" bw="32" op_0_bw="7">
<![CDATA[
:6  %p_addr9 = zext i7 %tmp_s to i32

]]></node>
<StgValue><ssdm name="p_addr9"/></StgValue>
</operation>

<operation id="18" st_id="1" stage="1" lat="1">
<core>NULL</core>
<MemPortIdVec></MemPortIdVec>
<condition id="15">
<or_exp><and_exp></and_exp></or_exp>
</condition>

<node id="20" bw="6" op_0_bw="16" op_1_bw="32" op_2_bw="32">
<![CDATA[
:7  %src_addr_1 = getelementptr [64 x i16]* %src, i32 0, i32 %p_addr9

]]></node>
<StgValue><ssdm name="src_addr_1"/></StgValue>
</operation>

<operation id="19" st_id="1" stage="1" lat="1">
<core>NULL</core>
<MemPortIdVec></MemPortIdVec>
<condition id="15">
<or_exp><and_exp></and_exp></or_exp>
</condition>

<node id="21" bw="7" op_0_bw="7" op_1_bw="4" op_2_bw="3">
<![CDATA[
:8  %tmp_2 = call i7 @_ssdm_op_BitConcatenate.i7.i4.i3(i4 %i_2_read, i3 2)

]]></node>
<StgValue><ssdm name="tmp_2"/></StgValue>
</operation>

<operation id="20" st_id="1" stage="1" lat="1">
<core>NULL</core>
<MemPortIdVec></MemPortIdVec>
<condition id="15">
<or_exp><and_exp></and_exp></or_exp>
</condition>

<node id="22" bw="32" op_0_bw="7">
<![CDATA[
:9  %p_addr1 = zext i7 %tmp_2 to i32

]]></node>
<StgValue><ssdm name="p_addr1"/></StgValue>
</operation>

<operation id="21" st_id="1" stage="1" lat="1">
<core>NULL</core>
<MemPortIdVec></MemPortIdVec>
<condition id="15">
<or_exp><and_exp></and_exp></or_exp>
</condition>

<node id="23" bw="6" op_0_bw="16" op_1_bw="32" op_2_bw="32">
<![CDATA[
:10  %src_addr_2 = getelementptr [64 x i16]* %src, i32 0, i32 %p_addr1

]]></node>
<StgValue><ssdm name="src_addr_2"/></StgValue>
</operation>

<operation id="22" st_id="1" stage="1" lat="1">
<core>NULL</core>
<MemPortIdVec></MemPortIdVec>
<condition id="15">
<or_exp><and_exp></and_exp></or_exp>
</condition>

<node id="24" bw="7" op_0_bw="7" op_1_bw="4" op_2_bw="3">
<![CDATA[
:11  %tmp_4 = call i7 @_ssdm_op_BitConcatenate.i7.i4.i3(i4 %i_2_read, i3 3)

]]></node>
<StgValue><ssdm name="tmp_4"/></StgValue>
</operation>

<operation id="23" st_id="1" stage="1" lat="1">
<core>NULL</core>
<MemPortIdVec></MemPortIdVec>
<condition id="15">
<or_exp><and_exp></and_exp></or_exp>
</condition>

<node id="25" bw="32" op_0_bw="7">
<![CDATA[
:12  %p_addr2 = zext i7 %tmp_4 to i32

]]></node>
<StgValue><ssdm name="p_addr2"/></StgValue>
</operation>

<operation id="24" st_id="1" stage="1" lat="1">
<core>NULL</core>
<MemPortIdVec></MemPortIdVec>
<condition id="15">
<or_exp><and_exp></and_exp></or_exp>
</condition>

<node id="26" bw="6" op_0_bw="16" op_1_bw="32" op_2_bw="32">
<![CDATA[
:13  %src_addr_3 = getelementptr [64 x i16]* %src, i32 0, i32 %p_addr2

]]></node>
<StgValue><ssdm name="src_addr_3"/></StgValue>
</operation>

<operation id="25" st_id="1" stage="1" lat="1">
<core>NULL</core>
<MemPortIdVec></MemPortIdVec>
<condition id="15">
<or_exp><and_exp></and_exp></or_exp>
</condition>

<node id="27" bw="7" op_0_bw="7" op_1_bw="4" op_2_bw="3">
<![CDATA[
:14  %tmp_5 = call i7 @_ssdm_op_BitConcatenate.i7.i4.i3(i4 %i_2_read, i3 -4)

]]></node>
<StgValue><ssdm name="tmp_5"/></StgValue>
</operation>

<operation id="26" st_id="1" stage="1" lat="1">
<core>NULL</core>
<MemPortIdVec></MemPortIdVec>
<condition id="15">
<or_exp><and_exp></and_exp></or_exp>
</condition>

<node id="28" bw="32" op_0_bw="7">
<![CDATA[
:15  %p_addr3 = zext i7 %tmp_5 to i32

]]></node>
<StgValue><ssdm name="p_addr3"/></StgValue>
</operation>

<operation id="27" st_id="1" stage="1" lat="1">
<core>NULL</core>
<MemPortIdVec></MemPortIdVec>
<condition id="15">
<or_exp><and_exp></and_exp></or_exp>
</condition>

<node id="29" bw="6" op_0_bw="16" op_1_bw="32" op_2_bw="32">
<![CDATA[
:16  %src_addr_4 = getelementptr [64 x i16]* %src, i32 0, i32 %p_addr3

]]></node>
<StgValue><ssdm name="src_addr_4"/></StgValue>
</operation>

<operation id="28" st_id="1" stage="1" lat="1">
<core>NULL</core>
<MemPortIdVec></MemPortIdVec>
<condition id="15">
<or_exp><and_exp></and_exp></or_exp>
</condition>

<node id="30" bw="7" op_0_bw="7" op_1_bw="4" op_2_bw="3">
<![CDATA[
:17  %tmp_7 = call i7 @_ssdm_op_BitConcatenate.i7.i4.i3(i4 %i_2_read, i3 -3)

]]></node>
<StgValue><ssdm name="tmp_7"/></StgValue>
</operation>

<operation id="29" st_id="1" stage="1" lat="1">
<core>NULL</core>
<MemPortIdVec></MemPortIdVec>
<condition id="15">
<or_exp><and_exp></and_exp></or_exp>
</condition>

<node id="31" bw="32" op_0_bw="7">
<![CDATA[
:18  %p_addr4 = zext i7 %tmp_7 to i32

]]></node>
<StgValue><ssdm name="p_addr4"/></StgValue>
</operation>

<operation id="30" st_id="1" stage="1" lat="1">
<core>NULL</core>
<MemPortIdVec></MemPortIdVec>
<condition id="15">
<or_exp><and_exp></and_exp></or_exp>
</condition>

<node id="32" bw="6" op_0_bw="16" op_1_bw="32" op_2_bw="32">
<![CDATA[
:19  %src_addr_5 = getelementptr [64 x i16]* %src, i32 0, i32 %p_addr4

]]></node>
<StgValue><ssdm name="src_addr_5"/></StgValue>
</operation>

<operation id="31" st_id="1" stage="1" lat="1">
<core>NULL</core>
<MemPortIdVec></MemPortIdVec>
<condition id="15">
<or_exp><and_exp></and_exp></or_exp>
</condition>

<node id="33" bw="7" op_0_bw="7" op_1_bw="4" op_2_bw="3">
<![CDATA[
:20  %tmp_8 = call i7 @_ssdm_op_BitConcatenate.i7.i4.i3(i4 %i_2_read, i3 -2)

]]></node>
<StgValue><ssdm name="tmp_8"/></StgValue>
</operation>

<operation id="32" st_id="1" stage="1" lat="1">
<core>NULL</core>
<MemPortIdVec></MemPortIdVec>
<condition id="15">
<or_exp><and_exp></and_exp></or_exp>
</condition>

<node id="34" bw="32" op_0_bw="7">
<![CDATA[
:21  %p_addr5 = zext i7 %tmp_8 to i32

]]></node>
<StgValue><ssdm name="p_addr5"/></StgValue>
</operation>

<operation id="33" st_id="1" stage="1" lat="1">
<core>NULL</core>
<MemPortIdVec></MemPortIdVec>
<condition id="15">
<or_exp><and_exp></and_exp></or_exp>
</condition>

<node id="35" bw="6" op_0_bw="16" op_1_bw="32" op_2_bw="32">
<![CDATA[
:22  %src_addr_6 = getelementptr [64 x i16]* %src, i32 0, i32 %p_addr5

]]></node>
<StgValue><ssdm name="src_addr_6"/></StgValue>
</operation>

<operation id="34" st_id="1" stage="1" lat="1">
<core>NULL</core>
<MemPortIdVec></MemPortIdVec>
<condition id="15">
<or_exp><and_exp></and_exp></or_exp>
</condition>

<node id="36" bw="7" op_0_bw="7" op_1_bw="4" op_2_bw="3">
<![CDATA[
:23  %tmp_10 = call i7 @_ssdm_op_BitConcatenate.i7.i4.i3(i4 %i_2_read, i3 -1)

]]></node>
<StgValue><ssdm name="tmp_10"/></StgValue>
</operation>

<operation id="35" st_id="1" stage="1" lat="1">
<core>NULL</core>
<MemPortIdVec></MemPortIdVec>
<condition id="15">
<or_exp><and_exp></and_exp></or_exp>
</condition>

<node id="37" bw="32" op_0_bw="7">
<![CDATA[
:24  %p_addr6 = zext i7 %tmp_10 to i32

]]></node>
<StgValue><ssdm name="p_addr6"/></StgValue>
</operation>

<operation id="36" st_id="1" stage="1" lat="1">
<core>NULL</core>
<MemPortIdVec></MemPortIdVec>
<condition id="15">
<or_exp><and_exp></and_exp></or_exp>
</condition>

<node id="38" bw="6" op_0_bw="16" op_1_bw="32" op_2_bw="32">
<![CDATA[
:25  %src_addr_7 = getelementptr [64 x i16]* %src, i32 0, i32 %p_addr6

]]></node>
<StgValue><ssdm name="src_addr_7"/></StgValue>
</operation>

<operation id="37" st_id="1" stage="1" lat="1">
<core>NULL</core>
<MemPortIdVec></MemPortIdVec>
<condition id="15">
<or_exp><and_exp></and_exp></or_exp>
</condition>

<node id="39" bw="0" op_0_bw="0">
<![CDATA[
:26  br label %1

]]></node>
<StgValue><ssdm name=""/></StgValue>
</operation>
</state>

<state id="2" st_id="2">

<operation id="38" st_id="2" stage="1" lat="1">
<core>NULL</core>
<MemPortIdVec></MemPortIdVec>
<condition id="-1">
<or_exp><and_exp></and_exp></or_exp>
</condition>

<node id="41" bw="4" op_0_bw="4" op_1_bw="0">
<![CDATA[
:0  %k = phi i4 [ 0, %0 ], [ %k_1, %2 ]

]]></node>
<StgValue><ssdm name="k"/></StgValue>
</operation>

<operation id="39" st_id="2" stage="1" lat="1">
<core>Cmp</core>
<MemPortIdVec></MemPortIdVec>
<condition id="-1">
<or_exp><and_exp></and_exp></or_exp>
</condition>

<node id="42" bw="1" op_0_bw="4" op_1_bw="4">
<![CDATA[
:1  %exitcond1 = icmp eq i4 %k, -8

]]></node>
<StgValue><ssdm name="exitcond1"/></StgValue>
</operation>

<operation id="40" st_id="2" stage="1" lat="1">
<core>AddSub</core>
<MemPortIdVec></MemPortIdVec>
<condition id="-1">
<or_exp><and_exp></and_exp></or_exp>
</condition>

<node id="43" bw="4" op_0_bw="4" op_1_bw="4">
<![CDATA[
:2  %k_1 = add i4 %k, 1

]]></node>
<StgValue><ssdm name="k_1"/></StgValue>
</operation>

<operation id="41" st_id="2" stage="1" lat="1">
<core>NULL</core>
<MemPortIdVec></MemPortIdVec>
<condition id="-1">
<or_exp><and_exp></and_exp></or_exp>
</condition>

<node id="44" bw="0" op_0_bw="1" op_1_bw="0" op_2_bw="0">
<![CDATA[
:3  br i1 %exitcond1, label %3, label %2

]]></node>
<StgValue><ssdm name=""/></StgValue>
</operation>

<operation id="42" st_id="2" stage="1" lat="1">
<core>NULL</core>
<MemPortIdVec></MemPortIdVec>
<condition id="0">
<or_exp><and_exp><literal name="exitcond1" val="0"/>
</and_exp></or_exp>
</condition>

<node id="46" bw="32" op_0_bw="4">
<![CDATA[
:0  %k_cast8 = zext i4 %k to i32

]]></node>
<StgValue><ssdm name="k_cast8"/></StgValue>
</operation>

<operation id="43" st_id="2" stage="1" lat="1">
<core>NULL</core>
<MemPortIdVec></MemPortIdVec>
<condition id="0">
<or_exp><and_exp><literal name="exitcond1" val="0"/>
</and_exp></or_exp>
</condition>

<node id="47" bw="8" op_0_bw="4">
<![CDATA[
:1  %k_cast8_cast = zext i4 %k to i8

]]></node>
<StgValue><ssdm name="k_cast8_cast"/></StgValue>
</operation>

<operation id="44" st_id="2" stage="1" lat="1">
<core>NULL</core>
<MemPortIdVec></MemPortIdVec>
<condition id="0">
<or_exp><and_exp><literal name="exitcond1" val="0"/>
</and_exp></or_exp>
</condition>

<node id="52" bw="3" op_0_bw="14" op_1_bw="32" op_2_bw="32">
<![CDATA[
:6  %dct_coeff_table_0_addr = getelementptr [8 x i14]* @dct_coeff_table_0, i32 0, i32 %k_cast8

]]></node>
<StgValue><ssdm name="dct_coeff_table_0_addr"/></StgValue>
</operation>

<operation id="45" st_id="2" stage="2" lat="2">
<core>ROM_nP</core>
<MemPortIdVec></MemPortIdVec>
<condition id="0">
<or_exp><and_exp><literal name="exitcond1" val="0"/>
</and_exp></or_exp>
</condition>

<node id="53" bw="14" op_0_bw="3">
<![CDATA[
:7  %dct_coeff_table_0_load = load i14* %dct_coeff_table_0_addr, align 2

]]></node>
<StgValue><ssdm name="dct_coeff_table_0_load"/></StgValue>
</operation>

<operation id="46" st_id="2" stage="2" lat="2">
<core>RAM</core>
<MemPortIdVec></MemPortIdVec>
<condition id="0">
<or_exp><and_exp><literal name="exitcond1" val="0"/>
</and_exp></or_exp>
</condition>

<node id="55" bw="16" op_0_bw="6">
<![CDATA[
:9  %src_load = load i16* %src_addr, align 2

]]></node>
<StgValue><ssdm name="src_load"/></StgValue>
</operation>

<operation id="47" st_id="2" stage="1" lat="1">
<core>NULL</core>
<MemPortIdVec></MemPortIdVec>
<condition id="0">
<or_exp><and_exp><literal name="exitcond1" val="0"/>
</and_exp></or_exp>
</condition>

<node id="58" bw="3" op_0_bw="15" op_1_bw="32" op_2_bw="32">
<![CDATA[
:12  %dct_coeff_table_1_addr = getelementptr [8 x i15]* @dct_coeff_table_1, i32 0, i32 %k_cast8

]]></node>
<StgValue><ssdm name="dct_coeff_table_1_addr"/></StgValue>
</operation>

<operation id="48" st_id="2" stage="2" lat="2">
<core>ROM_nP</core>
<MemPortIdVec></MemPortIdVec>
<condition id="0">
<or_exp><and_exp><literal name="exitcond1" val="0"/>
</and_exp></or_exp>
</condition>

<node id="59" bw="15" op_0_bw="3">
<![CDATA[
:13  %dct_coeff_table_1_load = load i15* %dct_coeff_table_1_addr, align 2

]]></node>
<StgValue><ssdm name="dct_coeff_table_1_load"/></StgValue>
</operation>

<operation id="49" st_id="2" stage="2" lat="2">
<core>RAM</core>
<MemPortIdVec></MemPortIdVec>
<condition id="0">
<or_exp><and_exp><literal name="exitcond1" val="0"/>
</and_exp></or_exp>
</condition>

<node id="61" bw="16" op_0_bw="6">
<![CDATA[
:15  %src_load_1 = load i16* %src_addr_1, align 2

]]></node>
<StgValue><ssdm name="src_load_1"/></StgValue>
</operation>

<operation id="50" st_id="2" stage="1" lat="1">
<core>NULL</core>
<MemPortIdVec></MemPortIdVec>
<condition id="0">
<or_exp><and_exp><literal name="exitcond1" val="0"/>
</and_exp></or_exp>
</condition>

<node id="109" bw="7" op_0_bw="7" op_1_bw="4" op_2_bw="3">
<![CDATA[
:63  %tmp_11 = call i7 @_ssdm_op_BitConcatenate.i7.i4.i3(i4 %i_21_read, i3 0)

]]></node>
<StgValue><ssdm name="tmp_11"/></StgValue>
</operation>

<operation id="51" st_id="2" stage="1" lat="1">
<core>NULL</core>
<MemPortIdVec></MemPortIdVec>
<condition id="0">
<or_exp><and_exp><literal name="exitcond1" val="0"/>
</and_exp></or_exp>
</condition>

<node id="110" bw="8" op_0_bw="7">
<![CDATA[
:64  %p_addr16_cast = zext i7 %tmp_11 to i8

]]></node>
<StgValue><ssdm name="p_addr16_cast"/></StgValue>
</operation>

<operation id="52" st_id="2" stage="1" lat="1">
<core>AddSub</core>
<MemPortIdVec></MemPortIdVec>
<condition id="0">
<or_exp><and_exp><literal name="exitcond1" val="0"/>
</and_exp></or_exp>
</condition>

<node id="111" bw="8" op_0_bw="8" op_1_bw="8">
<![CDATA[
:65  %p_addr7 = add i8 %p_addr16_cast, %k_cast8_cast

]]></node>
<StgValue><ssdm name="p_addr7"/></StgValue>
</operation>
</state>

<state id="3" st_id="3">

<operation id="53" st_id="3" stage="1" lat="2">
<core>ROM_nP</core>
<MemPortIdVec></MemPortIdVec>
<condition id="0">
<or_exp><and_exp><literal name="exitcond1" val="0"/>
</and_exp></or_exp>
</condition>

<node id="53" bw="14" op_0_bw="3">
<![CDATA[
:7  %dct_coeff_table_0_load = load i14* %dct_coeff_table_0_addr, align 2

]]></node>
<StgValue><ssdm name="dct_coeff_table_0_load"/></StgValue>
</operation>

<operation id="54" st_id="3" stage="1" lat="1">
<core>NULL</core>
<MemPortIdVec></MemPortIdVec>
<condition id="0">
<or_exp><and_exp><literal name="exitcond1" val="0"/>
</and_exp></or_exp>
</condition>

<node id="54" bw="29" op_0_bw="14">
<![CDATA[
:8  %coeff_cast = zext i14 %dct_coeff_table_0_load to i29

]]></node>
<StgValue><ssdm name="coeff_cast"/></StgValue>
</operation>

<operation id="55" st_id="3" stage="1" lat="2">
<core>RAM</core>
<MemPortIdVec></MemPortIdVec>
<condition id="0">
<or_exp><and_exp><literal name="exitcond1" val="0"/>
</and_exp></or_exp>
</condition>

<node id="55" bw="16" op_0_bw="6">
<![CDATA[
:9  %src_load = load i16* %src_addr, align 2

]]></node>
<StgValue><ssdm name="src_load"/></StgValue>
</operation>

<operation id="56" st_id="3" stage="1" lat="1">
<core>NULL</core>
<MemPortIdVec></MemPortIdVec>
<condition id="0">
<or_exp><and_exp><literal name="exitcond1" val="0"/>
</and_exp></or_exp>
</condition>

<node id="56" bw="29" op_0_bw="16">
<![CDATA[
:10  %tmp_5_cast = sext i16 %src_load to i29

]]></node>
<StgValue><ssdm name="tmp_5_cast"/></StgValue>
</operation>

<operation id="57" st_id="3" stage="3" lat="3">
<core>MAC3S</core>
<MemPortIdVec></MemPortIdVec>
<condition id="0">
<or_exp><and_exp><literal name="exitcond1" val="0"/>
</and_exp></or_exp>
</condition>

<node id="57" bw="29" op_0_bw="29" op_1_bw="29">
<![CDATA[
:11  %tmp_6 = mul i29 %tmp_5_cast, %coeff_cast

]]></node>
<StgValue><ssdm name="tmp_6"/></StgValue>
</operation>

<operation id="58" st_id="3" stage="1" lat="2">
<core>ROM_nP</core>
<MemPortIdVec></MemPortIdVec>
<condition id="0">
<or_exp><and_exp><literal name="exitcond1" val="0"/>
</and_exp></or_exp>
</condition>

<node id="59" bw="15" op_0_bw="3">
<![CDATA[
:13  %dct_coeff_table_1_load = load i15* %dct_coeff_table_1_addr, align 2

]]></node>
<StgValue><ssdm name="dct_coeff_table_1_load"/></StgValue>
</operation>

<operation id="59" st_id="3" stage="1" lat="2">
<core>RAM</core>
<MemPortIdVec></MemPortIdVec>
<condition id="0">
<or_exp><and_exp><literal name="exitcond1" val="0"/>
</and_exp></or_exp>
</condition>

<node id="61" bw="16" op_0_bw="6">
<![CDATA[
:15  %src_load_1 = load i16* %src_addr_1, align 2

]]></node>
<StgValue><ssdm name="src_load_1"/></StgValue>
</operation>

<operation id="60" st_id="3" stage="1" lat="1">
<core>NULL</core>
<MemPortIdVec></MemPortIdVec>
<condition id="0">
<or_exp><and_exp><literal name="exitcond1" val="0"/>
</and_exp></or_exp>
</condition>

<node id="64" bw="3" op_0_bw="15" op_1_bw="32" op_2_bw="32">
<![CDATA[
:18  %dct_coeff_table_2_addr = getelementptr [8 x i15]* @dct_coeff_table_2, i32 0, i32 %k_cast8

]]></node>
<StgValue><ssdm name="dct_coeff_table_2_addr"/></StgValue>
</operation>

<operation id="61" st_id="3" stage="2" lat="2">
<core>ROM_nP</core>
<MemPortIdVec></MemPortIdVec>
<condition id="0">
<or_exp><and_exp><literal name="exitcond1" val="0"/>
</and_exp></or_exp>
</condition>

<node id="65" bw="15" op_0_bw="3">
<![CDATA[
:19  %dct_coeff_table_2_load = load i15* %dct_coeff_table_2_addr, align 2

]]></node>
<StgValue><ssdm name="dct_coeff_table_2_load"/></StgValue>
</operation>

<operation id="62" st_id="3" stage="2" lat="2">
<core>RAM</core>
<MemPortIdVec></MemPortIdVec>
<condition id="0">
<or_exp><and_exp><literal name="exitcond1" val="0"/>
</and_exp></or_exp>
</condition>

<node id="67" bw="16" op_0_bw="6">
<![CDATA[
:21  %src_load_2 = load i16* %src_addr_2, align 2

]]></node>
<StgValue><ssdm name="src_load_2"/></StgValue>
</operation>

<operation id="63" st_id="3" stage="1" lat="1">
<core>NULL</core>
<MemPortIdVec></MemPortIdVec>
<condition id="0">
<or_exp><and_exp><literal name="exitcond1" val="0"/>
</and_exp></or_exp>
</condition>

<node id="70" bw="3" op_0_bw="15" op_1_bw="32" op_2_bw="32">
<![CDATA[
:24  %dct_coeff_table_3_addr = getelementptr [8 x i15]* @dct_coeff_table_3, i32 0, i32 %k_cast8

]]></node>
<StgValue><ssdm name="dct_coeff_table_3_addr"/></StgValue>
</operation>

<operation id="64" st_id="3" stage="2" lat="2">
<core>ROM_nP</core>
<MemPortIdVec></MemPortIdVec>
<condition id="0">
<or_exp><and_exp><literal name="exitcond1" val="0"/>
</and_exp></or_exp>
</condition>

<node id="71" bw="15" op_0_bw="3">
<![CDATA[
:25  %dct_coeff_table_3_load = load i15* %dct_coeff_table_3_addr, align 2

]]></node>
<StgValue><ssdm name="dct_coeff_table_3_load"/></StgValue>
</operation>

<operation id="65" st_id="3" stage="2" lat="2">
<core>RAM</core>
<MemPortIdVec></MemPortIdVec>
<condition id="0">
<or_exp><and_exp><literal name="exitcond1" val="0"/>
</and_exp></or_exp>
</condition>

<node id="73" bw="16" op_0_bw="6">
<![CDATA[
:27  %src_load_3 = load i16* %src_addr_3, align 2

]]></node>
<StgValue><ssdm name="src_load_3"/></StgValue>
</operation>
</state>

<state id="4" st_id="4">

<operation id="66" st_id="4" stage="2" lat="3">
<core>MAC3S</core>
<MemPortIdVec></MemPortIdVec>
<condition id="0">
<or_exp><and_exp><literal name="exitcond1" val="0"/>
</and_exp></or_exp>
</condition>

<node id="57" bw="29" op_0_bw="29" op_1_bw="29">
<![CDATA[
:11  %tmp_6 = mul i29 %tmp_5_cast, %coeff_cast

]]></node>
<StgValue><ssdm name="tmp_6"/></StgValue>
</operation>

<operation id="67" st_id="4" stage="1" lat="1">
<core>NULL</core>
<MemPortIdVec></MemPortIdVec>
<condition id="0">
<or_exp><and_exp><literal name="exitcond1" val="0"/>
</and_exp></or_exp>
</condition>

<node id="60" bw="29" op_0_bw="15">
<![CDATA[
:14  %coeff_1_cast = sext i15 %dct_coeff_table_1_load to i29

]]></node>
<StgValue><ssdm name="coeff_1_cast"/></StgValue>
</operation>

<operation id="68" st_id="4" stage="1" lat="1">
<core>NULL</core>
<MemPortIdVec></MemPortIdVec>
<condition id="0">
<or_exp><and_exp><literal name="exitcond1" val="0"/>
</and_exp></or_exp>
</condition>

<node id="62" bw="29" op_0_bw="16">
<![CDATA[
:16  %tmp_5_1_cast = sext i16 %src_load_1 to i29

]]></node>
<StgValue><ssdm name="tmp_5_1_cast"/></StgValue>
</operation>

<operation id="69" st_id="4" stage="1" lat="1">
<core>Mul</core>
<MemPortIdVec></MemPortIdVec>
<condition id="0">
<or_exp><and_exp><literal name="exitcond1" val="0"/>
</and_exp></or_exp>
</condition>

<node id="63" bw="29" op_0_bw="29" op_1_bw="29">
<![CDATA[
:17  %tmp_6_1 = mul i29 %tmp_5_1_cast, %coeff_1_cast

]]></node>
<StgValue><ssdm name="tmp_6_1"/></StgValue>
</operation>

<operation id="70" st_id="4" stage="1" lat="2">
<core>ROM_nP</core>
<MemPortIdVec></MemPortIdVec>
<condition id="0">
<or_exp><and_exp><literal name="exitcond1" val="0"/>
</and_exp></or_exp>
</condition>

<node id="65" bw="15" op_0_bw="3">
<![CDATA[
:19  %dct_coeff_table_2_load = load i15* %dct_coeff_table_2_addr, align 2

]]></node>
<StgValue><ssdm name="dct_coeff_table_2_load"/></StgValue>
</operation>

<operation id="71" st_id="4" stage="1" lat="2">
<core>RAM</core>
<MemPortIdVec></MemPortIdVec>
<condition id="0">
<or_exp><and_exp><literal name="exitcond1" val="0"/>
</and_exp></or_exp>
</condition>

<node id="67" bw="16" op_0_bw="6">
<![CDATA[
:21  %src_load_2 = load i16* %src_addr_2, align 2

]]></node>
<StgValue><ssdm name="src_load_2"/></StgValue>
</operation>

<operation id="72" st_id="4" stage="1" lat="2">
<core>ROM_nP</core>
<MemPortIdVec></MemPortIdVec>
<condition id="0">
<or_exp><and_exp><literal name="exitcond1" val="0"/>
</and_exp></or_exp>
</condition>

<node id="71" bw="15" op_0_bw="3">
<![CDATA[
:25  %dct_coeff_table_3_load = load i15* %dct_coeff_table_3_addr, align 2

]]></node>
<StgValue><ssdm name="dct_coeff_table_3_load"/></StgValue>
</operation>

<operation id="73" st_id="4" stage="1" lat="1">
<core>NULL</core>
<MemPortIdVec></MemPortIdVec>
<condition id="0">
<or_exp><and_exp><literal name="exitcond1" val="0"/>
</and_exp></or_exp>
</condition>

<node id="72" bw="29" op_0_bw="15">
<![CDATA[
:26  %coeff_3_cast = sext i15 %dct_coeff_table_3_load to i29

]]></node>
<StgValue><ssdm name="coeff_3_cast"/></StgValue>
</operation>

<operation id="74" st_id="4" stage="1" lat="2">
<core>RAM</core>
<MemPortIdVec></MemPortIdVec>
<condition id="0">
<or_exp><and_exp><literal name="exitcond1" val="0"/>
</and_exp></or_exp>
</condition>

<node id="73" bw="16" op_0_bw="6">
<![CDATA[
:27  %src_load_3 = load i16* %src_addr_3, align 2

]]></node>
<StgValue><ssdm name="src_load_3"/></StgValue>
</operation>

<operation id="75" st_id="4" stage="1" lat="1">
<core>NULL</core>
<MemPortIdVec></MemPortIdVec>
<condition id="0">
<or_exp><and_exp><literal name="exitcond1" val="0"/>
</and_exp></or_exp>
</condition>

<node id="74" bw="29" op_0_bw="16">
<![CDATA[
:28  %tmp_5_3_cast = sext i16 %src_load_3 to i29

]]></node>
<StgValue><ssdm name="tmp_5_3_cast"/></StgValue>
</operation>

<operation id="76" st_id="4" stage="3" lat="3">
<core>MAC3S</core>
<MemPortIdVec></MemPortIdVec>
<condition id="0">
<or_exp><and_exp><literal name="exitcond1" val="0"/>
</and_exp></or_exp>
</condition>

<node id="75" bw="29" op_0_bw="29" op_1_bw="29">
<![CDATA[
:29  %tmp_6_3 = mul i29 %tmp_5_3_cast, %coeff_3_cast

]]></node>
<StgValue><ssdm name="tmp_6_3"/></StgValue>
</operation>

<operation id="77" st_id="4" stage="1" lat="1">
<core>NULL</core>
<MemPortIdVec></MemPortIdVec>
<condition id="0">
<or_exp><and_exp><literal name="exitcond1" val="0"/>
</and_exp></or_exp>
</condition>

<node id="76" bw="3" op_0_bw="15" op_1_bw="32" op_2_bw="32">
<![CDATA[
:30  %dct_coeff_table_4_addr = getelementptr [8 x i15]* @dct_coeff_table_4, i32 0, i32 %k_cast8

]]></node>
<StgValue><ssdm name="dct_coeff_table_4_addr"/></StgValue>
</operation>

<operation id="78" st_id="4" stage="2" lat="2">
<core>ROM_nP</core>
<MemPortIdVec></MemPortIdVec>
<condition id="0">
<or_exp><and_exp><literal name="exitcond1" val="0"/>
</and_exp></or_exp>
</condition>

<node id="77" bw="15" op_0_bw="3">
<![CDATA[
:31  %dct_coeff_table_4_load = load i15* %dct_coeff_table_4_addr, align 2

]]></node>
<StgValue><ssdm name="dct_coeff_table_4_load"/></StgValue>
</operation>

<operation id="79" st_id="4" stage="2" lat="2">
<core>RAM</core>
<MemPortIdVec></MemPortIdVec>
<condition id="0">
<or_exp><and_exp><literal name="exitcond1" val="0"/>
</and_exp></or_exp>
</condition>

<node id="79" bw="16" op_0_bw="6">
<![CDATA[
:33  %src_load_4 = load i16* %src_addr_4, align 2

]]></node>
<StgValue><ssdm name="src_load_4"/></StgValue>
</operation>

<operation id="80" st_id="4" stage="1" lat="1">
<core>NULL</core>
<MemPortIdVec></MemPortIdVec>
<condition id="0">
<or_exp><and_exp><literal name="exitcond1" val="0"/>
</and_exp></or_exp>
</condition>

<node id="82" bw="3" op_0_bw="15" op_1_bw="32" op_2_bw="32">
<![CDATA[
:36  %dct_coeff_table_5_addr = getelementptr [8 x i15]* @dct_coeff_table_5, i32 0, i32 %k_cast8

]]></node>
<StgValue><ssdm name="dct_coeff_table_5_addr"/></StgValue>
</operation>

<operation id="81" st_id="4" stage="2" lat="2">
<core>ROM_nP</core>
<MemPortIdVec></MemPortIdVec>
<condition id="0">
<or_exp><and_exp><literal name="exitcond1" val="0"/>
</and_exp></or_exp>
</condition>

<node id="83" bw="15" op_0_bw="3">
<![CDATA[
:37  %dct_coeff_table_5_load = load i15* %dct_coeff_table_5_addr, align 2

]]></node>
<StgValue><ssdm name="dct_coeff_table_5_load"/></StgValue>
</operation>

<operation id="82" st_id="4" stage="2" lat="2">
<core>RAM</core>
<MemPortIdVec></MemPortIdVec>
<condition id="0">
<or_exp><and_exp><literal name="exitcond1" val="0"/>
</and_exp></or_exp>
</condition>

<node id="85" bw="16" op_0_bw="6">
<![CDATA[
:39  %src_load_5 = load i16* %src_addr_5, align 2

]]></node>
<StgValue><ssdm name="src_load_5"/></StgValue>
</operation>

<operation id="83" st_id="4" stage="1" lat="1">
<core>NULL</core>
<MemPortIdVec></MemPortIdVec>
<condition id="0">
<or_exp><and_exp><literal name="exitcond1" val="0"/>
</and_exp></or_exp>
</condition>

<node id="88" bw="3" op_0_bw="15" op_1_bw="32" op_2_bw="32">
<![CDATA[
:42  %dct_coeff_table_6_addr = getelementptr [8 x i15]* @dct_coeff_table_6, i32 0, i32 %k_cast8

]]></node>
<StgValue><ssdm name="dct_coeff_table_6_addr"/></StgValue>
</operation>

<operation id="84" st_id="4" stage="2" lat="2">
<core>ROM_nP</core>
<MemPortIdVec></MemPortIdVec>
<condition id="0">
<or_exp><and_exp><literal name="exitcond1" val="0"/>
</and_exp></or_exp>
</condition>

<node id="89" bw="15" op_0_bw="3">
<![CDATA[
:43  %dct_coeff_table_6_load = load i15* %dct_coeff_table_6_addr, align 2

]]></node>
<StgValue><ssdm name="dct_coeff_table_6_load"/></StgValue>
</operation>

<operation id="85" st_id="4" stage="1" lat="1">
<core>NULL</core>
<MemPortIdVec></MemPortIdVec>
<condition id="0">
<or_exp><and_exp><literal name="exitcond1" val="0"/>
</and_exp></or_exp>
</condition>

<node id="94" bw="3" op_0_bw="15" op_1_bw="32" op_2_bw="32">
<![CDATA[
:48  %dct_coeff_table_7_addr = getelementptr [8 x i15]* @dct_coeff_table_7, i32 0, i32 %k_cast8

]]></node>
<StgValue><ssdm name="dct_coeff_table_7_addr"/></StgValue>
</operation>

<operation id="86" st_id="4" stage="2" lat="2">
<core>ROM_nP</core>
<MemPortIdVec></MemPortIdVec>
<condition id="0">
<or_exp><and_exp><literal name="exitcond1" val="0"/>
</and_exp></or_exp>
</condition>

<node id="95" bw="15" op_0_bw="3">
<![CDATA[
:49  %dct_coeff_table_7_load = load i15* %dct_coeff_table_7_addr, align 2

]]></node>
<StgValue><ssdm name="dct_coeff_table_7_load"/></StgValue>
</operation>
</state>

<state id="5" st_id="5">

<operation id="87" st_id="5" stage="1" lat="3">
<core>MAC3S</core>
<MemPortIdVec></MemPortIdVec>
<condition id="0">
<or_exp><and_exp><literal name="exitcond1" val="0"/>
</and_exp></or_exp>
</condition>

<node id="57" bw="29" op_0_bw="29" op_1_bw="29">
<![CDATA[
:11  %tmp_6 = mul i29 %tmp_5_cast, %coeff_cast

]]></node>
<StgValue><ssdm name="tmp_6"/></StgValue>
</operation>

<operation id="88" st_id="5" stage="1" lat="1">
<core>NULL</core>
<MemPortIdVec></MemPortIdVec>
<condition id="0">
<or_exp><and_exp><literal name="exitcond1" val="0"/>
</and_exp></or_exp>
</condition>

<node id="66" bw="29" op_0_bw="15">
<![CDATA[
:20  %coeff_2_cast = sext i15 %dct_coeff_table_2_load to i29

]]></node>
<StgValue><ssdm name="coeff_2_cast"/></StgValue>
</operation>

<operation id="89" st_id="5" stage="1" lat="1">
<core>NULL</core>
<MemPortIdVec></MemPortIdVec>
<condition id="0">
<or_exp><and_exp><literal name="exitcond1" val="0"/>
</and_exp></or_exp>
</condition>

<node id="68" bw="29" op_0_bw="16">
<![CDATA[
:22  %tmp_5_2_cast = sext i16 %src_load_2 to i29

]]></node>
<StgValue><ssdm name="tmp_5_2_cast"/></StgValue>
</operation>

<operation id="90" st_id="5" stage="1" lat="1">
<core>Mul</core>
<MemPortIdVec></MemPortIdVec>
<condition id="0">
<or_exp><and_exp><literal name="exitcond1" val="0"/>
</and_exp></or_exp>
</condition>

<node id="69" bw="29" op_0_bw="29" op_1_bw="29">
<![CDATA[
:23  %tmp_6_2 = mul i29 %tmp_5_2_cast, %coeff_2_cast

]]></node>
<StgValue><ssdm name="tmp_6_2"/></StgValue>
</operation>

<operation id="91" st_id="5" stage="2" lat="3">
<core>MAC3S</core>
<MemPortIdVec></MemPortIdVec>
<condition id="0">
<or_exp><and_exp><literal name="exitcond1" val="0"/>
</and_exp></or_exp>
</condition>

<node id="75" bw="29" op_0_bw="29" op_1_bw="29">
<![CDATA[
:29  %tmp_6_3 = mul i29 %tmp_5_3_cast, %coeff_3_cast

]]></node>
<StgValue><ssdm name="tmp_6_3"/></StgValue>
</operation>

<operation id="92" st_id="5" stage="1" lat="2">
<core>ROM_nP</core>
<MemPortIdVec></MemPortIdVec>
<condition id="0">
<or_exp><and_exp><literal name="exitcond1" val="0"/>
</and_exp></or_exp>
</condition>

<node id="77" bw="15" op_0_bw="3">
<![CDATA[
:31  %dct_coeff_table_4_load = load i15* %dct_coeff_table_4_addr, align 2

]]></node>
<StgValue><ssdm name="dct_coeff_table_4_load"/></StgValue>
</operation>

<operation id="93" st_id="5" stage="1" lat="2">
<core>RAM</core>
<MemPortIdVec></MemPortIdVec>
<condition id="0">
<or_exp><and_exp><literal name="exitcond1" val="0"/>
</and_exp></or_exp>
</condition>

<node id="79" bw="16" op_0_bw="6">
<![CDATA[
:33  %src_load_4 = load i16* %src_addr_4, align 2

]]></node>
<StgValue><ssdm name="src_load_4"/></StgValue>
</operation>

<operation id="94" st_id="5" stage="1" lat="2">
<core>ROM_nP</core>
<MemPortIdVec></MemPortIdVec>
<condition id="0">
<or_exp><and_exp><literal name="exitcond1" val="0"/>
</and_exp></or_exp>
</condition>

<node id="83" bw="15" op_0_bw="3">
<![CDATA[
:37  %dct_coeff_table_5_load = load i15* %dct_coeff_table_5_addr, align 2

]]></node>
<StgValue><ssdm name="dct_coeff_table_5_load"/></StgValue>
</operation>

<operation id="95" st_id="5" stage="1" lat="1">
<core>NULL</core>
<MemPortIdVec></MemPortIdVec>
<condition id="0">
<or_exp><and_exp><literal name="exitcond1" val="0"/>
</and_exp></or_exp>
</condition>

<node id="84" bw="29" op_0_bw="15">
<![CDATA[
:38  %coeff_5_cast = sext i15 %dct_coeff_table_5_load to i29

]]></node>
<StgValue><ssdm name="coeff_5_cast"/></StgValue>
</operation>

<operation id="96" st_id="5" stage="1" lat="2">
<core>RAM</core>
<MemPortIdVec></MemPortIdVec>
<condition id="0">
<or_exp><and_exp><literal name="exitcond1" val="0"/>
</and_exp></or_exp>
</condition>

<node id="85" bw="16" op_0_bw="6">
<![CDATA[
:39  %src_load_5 = load i16* %src_addr_5, align 2

]]></node>
<StgValue><ssdm name="src_load_5"/></StgValue>
</operation>

<operation id="97" st_id="5" stage="1" lat="1">
<core>NULL</core>
<MemPortIdVec></MemPortIdVec>
<condition id="0">
<or_exp><and_exp><literal name="exitcond1" val="0"/>
</and_exp></or_exp>
</condition>

<node id="86" bw="29" op_0_bw="16">
<![CDATA[
:40  %tmp_5_5_cast = sext i16 %src_load_5 to i29

]]></node>
<StgValue><ssdm name="tmp_5_5_cast"/></StgValue>
</operation>

<operation id="98" st_id="5" stage="3" lat="3">
<core>MAC3S</core>
<MemPortIdVec></MemPortIdVec>
<condition id="0">
<or_exp><and_exp><literal name="exitcond1" val="0"/>
</and_exp></or_exp>
</condition>

<node id="87" bw="29" op_0_bw="29" op_1_bw="29">
<![CDATA[
:41  %tmp_6_5 = mul i29 %tmp_5_5_cast, %coeff_5_cast

]]></node>
<StgValue><ssdm name="tmp_6_5"/></StgValue>
</operation>

<operation id="99" st_id="5" stage="1" lat="2">
<core>ROM_nP</core>
<MemPortIdVec></MemPortIdVec>
<condition id="0">
<or_exp><and_exp><literal name="exitcond1" val="0"/>
</and_exp></or_exp>
</condition>

<node id="89" bw="15" op_0_bw="3">
<![CDATA[
:43  %dct_coeff_table_6_load = load i15* %dct_coeff_table_6_addr, align 2

]]></node>
<StgValue><ssdm name="dct_coeff_table_6_load"/></StgValue>
</operation>

<operation id="100" st_id="5" stage="2" lat="2">
<core>RAM</core>
<MemPortIdVec></MemPortIdVec>
<condition id="0">
<or_exp><and_exp><literal name="exitcond1" val="0"/>
</and_exp></or_exp>
</condition>

<node id="91" bw="16" op_0_bw="6">
<![CDATA[
:45  %src_load_6 = load i16* %src_addr_6, align 2

]]></node>
<StgValue><ssdm name="src_load_6"/></StgValue>
</operation>

<operation id="101" st_id="5" stage="1" lat="2">
<core>ROM_nP</core>
<MemPortIdVec></MemPortIdVec>
<condition id="0">
<or_exp><and_exp><literal name="exitcond1" val="0"/>
</and_exp></or_exp>
</condition>

<node id="95" bw="15" op_0_bw="3">
<![CDATA[
:49  %dct_coeff_table_7_load = load i15* %dct_coeff_table_7_addr, align 2

]]></node>
<StgValue><ssdm name="dct_coeff_table_7_load"/></StgValue>
</operation>

<operation id="102" st_id="5" stage="2" lat="2">
<core>RAM</core>
<MemPortIdVec></MemPortIdVec>
<condition id="0">
<or_exp><and_exp><literal name="exitcond1" val="0"/>
</and_exp></or_exp>
</condition>

<node id="97" bw="16" op_0_bw="6">
<![CDATA[
:51  %src_load_7 = load i16* %src_addr_7, align 2

]]></node>
<StgValue><ssdm name="src_load_7"/></StgValue>
</operation>

<operation id="103" st_id="5" stage="1" lat="1">
<core>AddSub</core>
<MemPortIdVec></MemPortIdVec>
<condition id="0">
<or_exp><and_exp><literal name="exitcond1" val="0"/>
</and_exp></or_exp>
</condition>

<node id="100" bw="29" op_0_bw="29" op_1_bw="29">
<![CDATA[
:54  %tmp2 = add i29 %tmp_6_1, %tmp_6

]]></node>
<StgValue><ssdm name="tmp2"/></StgValue>
</operation>
</state>

<state id="6" st_id="6">

<operation id="104" st_id="6" stage="1" lat="3">
<core>MAC3S</core>
<MemPortIdVec></MemPortIdVec>
<condition id="0">
<or_exp><and_exp><literal name="exitcond1" val="0"/>
</and_exp></or_exp>
</condition>

<node id="75" bw="29" op_0_bw="29" op_1_bw="29">
<![CDATA[
:29  %tmp_6_3 = mul i29 %tmp_5_3_cast, %coeff_3_cast

]]></node>
<StgValue><ssdm name="tmp_6_3"/></StgValue>
</operation>

<operation id="105" st_id="6" stage="1" lat="1">
<core>NULL</core>
<MemPortIdVec></MemPortIdVec>
<condition id="0">
<or_exp><and_exp><literal name="exitcond1" val="0"/>
</and_exp></or_exp>
</condition>

<node id="78" bw="29" op_0_bw="15">
<![CDATA[
:32  %coeff_4_cast = sext i15 %dct_coeff_table_4_load to i29

]]></node>
<StgValue><ssdm name="coeff_4_cast"/></StgValue>
</operation>

<operation id="106" st_id="6" stage="1" lat="1">
<core>NULL</core>
<MemPortIdVec></MemPortIdVec>
<condition id="0">
<or_exp><and_exp><literal name="exitcond1" val="0"/>
</and_exp></or_exp>
</condition>

<node id="80" bw="29" op_0_bw="16">
<![CDATA[
:34  %tmp_5_4_cast = sext i16 %src_load_4 to i29

]]></node>
<StgValue><ssdm name="tmp_5_4_cast"/></StgValue>
</operation>

<operation id="107" st_id="6" stage="1" lat="1">
<core>Mul</core>
<MemPortIdVec></MemPortIdVec>
<condition id="0">
<or_exp><and_exp><literal name="exitcond1" val="0"/>
</and_exp></or_exp>
</condition>

<node id="81" bw="29" op_0_bw="29" op_1_bw="29">
<![CDATA[
:35  %tmp_6_4 = mul i29 %tmp_5_4_cast, %coeff_4_cast

]]></node>
<StgValue><ssdm name="tmp_6_4"/></StgValue>
</operation>

<operation id="108" st_id="6" stage="2" lat="3">
<core>MAC3S</core>
<MemPortIdVec></MemPortIdVec>
<condition id="0">
<or_exp><and_exp><literal name="exitcond1" val="0"/>
</and_exp></or_exp>
</condition>

<node id="87" bw="29" op_0_bw="29" op_1_bw="29">
<![CDATA[
:41  %tmp_6_5 = mul i29 %tmp_5_5_cast, %coeff_5_cast

]]></node>
<StgValue><ssdm name="tmp_6_5"/></StgValue>
</operation>

<operation id="109" st_id="6" stage="1" lat="1">
<core>NULL</core>
<MemPortIdVec></MemPortIdVec>
<condition id="0">
<or_exp><and_exp><literal name="exitcond1" val="0"/>
</and_exp></or_exp>
</condition>

<node id="90" bw="29" op_0_bw="15">
<![CDATA[
:44  %coeff_6_cast = sext i15 %dct_coeff_table_6_load to i29

]]></node>
<StgValue><ssdm name="coeff_6_cast"/></StgValue>
</operation>

<operation id="110" st_id="6" stage="1" lat="2">
<core>RAM</core>
<MemPortIdVec></MemPortIdVec>
<condition id="0">
<or_exp><and_exp><literal name="exitcond1" val="0"/>
</and_exp></or_exp>
</condition>

<node id="91" bw="16" op_0_bw="6">
<![CDATA[
:45  %src_load_6 = load i16* %src_addr_6, align 2

]]></node>
<StgValue><ssdm name="src_load_6"/></StgValue>
</operation>

<operation id="111" st_id="6" stage="1" lat="1">
<core>NULL</core>
<MemPortIdVec></MemPortIdVec>
<condition id="0">
<or_exp><and_exp><literal name="exitcond1" val="0"/>
</and_exp></or_exp>
</condition>

<node id="92" bw="29" op_0_bw="16">
<![CDATA[
:46  %tmp_5_6_cast = sext i16 %src_load_6 to i29

]]></node>
<StgValue><ssdm name="tmp_5_6_cast"/></StgValue>
</operation>

<operation id="112" st_id="6" stage="1" lat="1">
<core>Mul</core>
<MemPortIdVec></MemPortIdVec>
<condition id="0">
<or_exp><and_exp><literal name="exitcond1" val="0"/>
</and_exp></or_exp>
</condition>

<node id="93" bw="29" op_0_bw="29" op_1_bw="29">
<![CDATA[
:47  %tmp_6_6 = mul i29 %tmp_5_6_cast, %coeff_6_cast

]]></node>
<StgValue><ssdm name="tmp_6_6"/></StgValue>
</operation>

<operation id="113" st_id="6" stage="1" lat="2">
<core>RAM</core>
<MemPortIdVec></MemPortIdVec>
<condition id="0">
<or_exp><and_exp><literal name="exitcond1" val="0"/>
</and_exp></or_exp>
</condition>

<node id="97" bw="16" op_0_bw="6">
<![CDATA[
:51  %src_load_7 = load i16* %src_addr_7, align 2

]]></node>
<StgValue><ssdm name="src_load_7"/></StgValue>
</operation>

<operation id="114" st_id="6" stage="1" lat="1">
<core>AddSub</core>
<MemPortIdVec></MemPortIdVec>
<condition id="0">
<or_exp><and_exp><literal name="exitcond1" val="0"/>
</and_exp></or_exp>
</condition>

<node id="101" bw="29" op_0_bw="29" op_1_bw="29">
<![CDATA[
:55  %tmp3 = add i29 %tmp_6_2, %tmp_6_3

]]></node>
<StgValue><ssdm name="tmp3"/></StgValue>
</operation>

<operation id="115" st_id="6" stage="1" lat="1">
<core>AddSub</core>
<MemPortIdVec></MemPortIdVec>
<condition id="0">
<or_exp><and_exp><literal name="exitcond1" val="0"/>
</and_exp></or_exp>
</condition>

<node id="102" bw="29" op_0_bw="29" op_1_bw="29">
<![CDATA[
:56  %tmp1 = add i29 %tmp3, %tmp2

]]></node>
<StgValue><ssdm name="tmp1"/></StgValue>
</operation>
</state>

<state id="7" st_id="7">

<operation id="116" st_id="7" stage="1" lat="3">
<core>MAC3S</core>
<MemPortIdVec></MemPortIdVec>
<condition id="0">
<or_exp><and_exp><literal name="exitcond1" val="0"/>
</and_exp></or_exp>
</condition>

<node id="87" bw="29" op_0_bw="29" op_1_bw="29">
<![CDATA[
:41  %tmp_6_5 = mul i29 %tmp_5_5_cast, %coeff_5_cast

]]></node>
<StgValue><ssdm name="tmp_6_5"/></StgValue>
</operation>

<operation id="117" st_id="7" stage="1" lat="1">
<core>NULL</core>
<MemPortIdVec></MemPortIdVec>
<condition id="0">
<or_exp><and_exp><literal name="exitcond1" val="0"/>
</and_exp></or_exp>
</condition>

<node id="96" bw="29" op_0_bw="15">
<![CDATA[
:50  %coeff_7_cast = sext i15 %dct_coeff_table_7_load to i29

]]></node>
<StgValue><ssdm name="coeff_7_cast"/></StgValue>
</operation>

<operation id="118" st_id="7" stage="1" lat="1">
<core>NULL</core>
<MemPortIdVec></MemPortIdVec>
<condition id="0">
<or_exp><and_exp><literal name="exitcond1" val="0"/>
</and_exp></or_exp>
</condition>

<node id="98" bw="29" op_0_bw="16">
<![CDATA[
:52  %tmp_5_7_cast = sext i16 %src_load_7 to i29

]]></node>
<StgValue><ssdm name="tmp_5_7_cast"/></StgValue>
</operation>

<operation id="119" st_id="7" stage="1" lat="1">
<core>Mul</core>
<MemPortIdVec></MemPortIdVec>
<condition id="0">
<or_exp><and_exp><literal name="exitcond1" val="0"/>
</and_exp></or_exp>
</condition>

<node id="99" bw="29" op_0_bw="29" op_1_bw="29">
<![CDATA[
:53  %tmp_6_7 = mul i29 %tmp_5_7_cast, %coeff_7_cast

]]></node>
<StgValue><ssdm name="tmp_6_7"/></StgValue>
</operation>

<operation id="120" st_id="7" stage="1" lat="1">
<core>AddSub</core>
<MemPortIdVec></MemPortIdVec>
<condition id="0">
<or_exp><and_exp><literal name="exitcond1" val="0"/>
</and_exp></or_exp>
</condition>

<node id="103" bw="29" op_0_bw="29" op_1_bw="29">
<![CDATA[
:57  %tmp5 = add i29 %tmp_6_4, %tmp_6_5

]]></node>
<StgValue><ssdm name="tmp5"/></StgValue>
</operation>

<operation id="121" st_id="7" stage="1" lat="1">
<core>AddSub</core>
<MemPortIdVec></MemPortIdVec>
<condition id="0">
<or_exp><and_exp><literal name="exitcond1" val="0"/>
</and_exp></or_exp>
</condition>

<node id="104" bw="29" op_0_bw="29" op_1_bw="29">
<![CDATA[
:58  %tmp7 = add i29 %tmp_6_7, 4096

]]></node>
<StgValue><ssdm name="tmp7"/></StgValue>
</operation>
</state>

<state id="8" st_id="8">

<operation id="122" st_id="8" stage="1" lat="1">
<core>AddSub</core>
<MemPortIdVec></MemPortIdVec>
<condition id="0">
<or_exp><and_exp><literal name="exitcond1" val="0"/>
</and_exp></or_exp>
</condition>

<node id="105" bw="29" op_0_bw="29" op_1_bw="29">
<![CDATA[
:59  %tmp6 = add i29 %tmp7, %tmp_6_6

]]></node>
<StgValue><ssdm name="tmp6"/></StgValue>
</operation>

<operation id="123" st_id="8" stage="1" lat="1">
<core>AddSub</core>
<MemPortIdVec></MemPortIdVec>
<condition id="0">
<or_exp><and_exp><literal name="exitcond1" val="0"/>
</and_exp></or_exp>
</condition>

<node id="106" bw="29" op_0_bw="29" op_1_bw="29">
<![CDATA[
:60  %tmp4 = add i29 %tmp6, %tmp5

]]></node>
<StgValue><ssdm name="tmp4"/></StgValue>
</operation>
</state>

<state id="9" st_id="9">

<operation id="124" st_id="9" stage="1" lat="1">
<core>NULL</core>
<MemPortIdVec></MemPortIdVec>
<condition id="0">
<or_exp><and_exp><literal name="exitcond1" val="0"/>
</and_exp></or_exp>
</condition>

<node id="48" bw="32" op_0_bw="32" op_1_bw="64" op_2_bw="64" op_3_bw="64">
<![CDATA[
:2  %empty = call i32 (...)* @_ssdm_op_SpecLoopTripCount(i64 8, i64 8, i64 8)

]]></node>
<StgValue><ssdm name="empty"/></StgValue>
</operation>

<operation id="125" st_id="9" stage="1" lat="1">
<core>NULL</core>
<MemPortIdVec></MemPortIdVec>
<condition id="0">
<or_exp><and_exp><literal name="exitcond1" val="0"/>
</and_exp></or_exp>
</condition>

<node id="49" bw="0" op_0_bw="0" op_1_bw="8">
<![CDATA[
:3  call void (...)* @_ssdm_op_SpecLoopName([15 x i8]* @p_str) nounwind

]]></node>
<StgValue><ssdm name=""/></StgValue>
</operation>

<operation id="126" st_id="9" stage="1" lat="1">
<core>NULL</core>
<MemPortIdVec></MemPortIdVec>
<condition id="0">
<or_exp><and_exp><literal name="exitcond1" val="0"/>
</and_exp></or_exp>
</condition>

<node id="50" bw="32" op_0_bw="32" op_1_bw="8">
<![CDATA[
:4  %tmp = call i32 (...)* @_ssdm_op_SpecRegionBegin([15 x i8]* @p_str) nounwind

]]></node>
<StgValue><ssdm name="tmp"/></StgValue>
</operation>

<operation id="127" st_id="9" stage="1" lat="1">
<core>NULL</core>
<MemPortIdVec></MemPortIdVec>
<condition id="0">
<or_exp><and_exp><literal name="exitcond1" val="0"/>
</and_exp></or_exp>
</condition>

<node id="51" bw="0" op_0_bw="0" op_1_bw="32" op_2_bw="32" op_3_bw="32" op_4_bw="8">
<![CDATA[
:5  call void (...)* @_ssdm_op_SpecPipeline(i32 1, i32 1, i32 1, [1 x i8]* @p_str1) nounwind

]]></node>
<StgValue><ssdm name=""/></StgValue>
</operation>

<operation id="128" st_id="9" stage="1" lat="1">
<core>AddSub</core>
<MemPortIdVec></MemPortIdVec>
<condition id="0">
<or_exp><and_exp><literal name="exitcond1" val="0"/>
</and_exp></or_exp>
</condition>

<node id="107" bw="29" op_0_bw="29" op_1_bw="29">
<![CDATA[
:61  %tmp_1 = add i29 %tmp4, %tmp1

]]></node>
<StgValue><ssdm name="tmp_1"/></StgValue>
</operation>

<operation id="129" st_id="9" stage="1" lat="1">
<core>NULL</core>
<MemPortIdVec></MemPortIdVec>
<condition id="0">
<or_exp><and_exp><literal name="exitcond1" val="0"/>
</and_exp></or_exp>
</condition>

<node id="108" bw="16" op_0_bw="16" op_1_bw="29" op_2_bw="32" op_3_bw="32">
<![CDATA[
:62  %tmp_3 = call i16 @_ssdm_op_PartSelect.i16.i29.i32.i32(i29 %tmp_1, i32 13, i32 28)

]]></node>
<StgValue><ssdm name="tmp_3"/></StgValue>
</operation>

<operation id="130" st_id="9" stage="1" lat="1">
<core>NULL</core>
<MemPortIdVec></MemPortIdVec>
<condition id="0">
<or_exp><and_exp><literal name="exitcond1" val="0"/>
</and_exp></or_exp>
</condition>

<node id="112" bw="32" op_0_bw="8">
<![CDATA[
:66  %p_addr17_cast = zext i8 %p_addr7 to i32

]]></node>
<StgValue><ssdm name="p_addr17_cast"/></StgValue>
</operation>

<operation id="131" st_id="9" stage="1" lat="1">
<core>NULL</core>
<MemPortIdVec></MemPortIdVec>
<condition id="0">
<or_exp><and_exp><literal name="exitcond1" val="0"/>
</and_exp></or_exp>
</condition>

<node id="113" bw="6" op_0_bw="16" op_1_bw="32" op_2_bw="32">
<![CDATA[
:67  %dst_addr = getelementptr [64 x i16]* %dst, i32 0, i32 %p_addr17_cast

]]></node>
<StgValue><ssdm name="dst_addr"/></StgValue>
</operation>

<operation id="132" st_id="9" stage="1" lat="1">
<core>RAM</core>
<MemPortIdVec></MemPortIdVec>
<condition id="0">
<or_exp><and_exp><literal name="exitcond1" val="0"/>
</and_exp></or_exp>
</condition>

<node id="114" bw="0" op_0_bw="16" op_1_bw="6">
<![CDATA[
:68  store i16 %tmp_3, i16* %dst_addr, align 2

]]></node>
<StgValue><ssdm name=""/></StgValue>
</operation>

<operation id="133" st_id="9" stage="1" lat="1">
<core>NULL</core>
<MemPortIdVec></MemPortIdVec>
<condition id="0">
<or_exp><and_exp><literal name="exitcond1" val="0"/>
</and_exp></or_exp>
</condition>

<node id="115" bw="32" op_0_bw="32" op_1_bw="8" op_2_bw="32">
<![CDATA[
:69  %empty_23 = call i32 (...)* @_ssdm_op_SpecRegionEnd([15 x i8]* @p_str, i32 %tmp) nounwind

]]></node>
<StgValue><ssdm name="empty_23"/></StgValue>
</operation>

<operation id="134" st_id="9" stage="1" lat="1">
<core>NULL</core>
<MemPortIdVec></MemPortIdVec>
<condition id="0">
<or_exp><and_exp><literal name="exitcond1" val="0"/>
</and_exp></or_exp>
</condition>

<node id="116" bw="0" op_0_bw="0">
<![CDATA[
:70  br label %1

]]></node>
<StgValue><ssdm name=""/></StgValue>
</operation>
</state>

<state id="10" st_id="10">

<operation id="135" st_id="10" stage="1" lat="1">
<core>NULL</core>
<MemPortIdVec></MemPortIdVec>
<condition id="16">
<or_exp><and_exp></and_exp></or_exp>
</condition>

<node id="118" bw="0">
<![CDATA[
:0  ret void

]]></node>
<StgValue><ssdm name=""/></StgValue>
</operation>
</state>
</state_list>


<ports>
</ports>


<dataflows>
</dataflows>


</stg>
