<profile>

<section name = "Vivado HLS Report for 'dct'" level="0">
<item name = "Date">Fri Jan 03 23:21:21 2014
</item>
<item name = "Version">2013.3 (build date: Wed Oct 16 18:12:55 PM 2013)</item>
<item name = "Project">dct_prj</item>
<item name = "Solution">solution2</item>
<item name = "Product family">artix7 artix7_fpv6 </item>
<item name = "Target device">xc7a100tcsg324-1</item>
</section>

<section name = "Performance Estimates" level="0">
<item name = "Timing (ns)">
<section name = "" level="1">
<item name = "Summary"><table name="" hasTotal="0">
<keys size="4">Clock, Target, Estimated, Uncertainty</keys>
<column name="default">10.00, 7.76, 1.25</column>
</table>
</item>
</section>
</item>
<item name = "Latency (clock cycles)">
<section name = "" level="1">
<item name = "Summary"><table name="" hasTotal="0">
<keys size="6">, min, max, min, max, Type</keys>
<column name="">1978, 1978, 1979, 1979, none</column>
</table>
</item>
<item name = "Detail">
<section name = "" level="1">
<item name = "Instance"><table name="" hasTotal="0">
<keys size="7">Instance, Module, min, max, min, max, Type</keys>
<column name="grp_dct_2d_fu_181">dct_2d, 1845, 1845, 1845, 1845, none</column>
</table>
</item>
<item name = "Loop"><table name="" hasTotal="0">
<keys size="8">Loop Name, min, max, Latency, achieved, target, Count, Pipelined</keys>
<column name="- RD_Loop_Row_RD_Loop_Col">64, 64, 2, 1, 1, 64, yes</column>
<column name="- WR_Loop_Row_WR_Loop_Col">64, 64, 2, 1, 1, 64, yes</column>
</table>
</item>
</section>
</item>
</section>
</item>
</section>

<section name = "Utilization Estimates" level="0">
<item name = "Summary"><table name="" hasTotal="1">
<keys size="5">Name, BRAM_18K, DSP48E, FF, LUT</keys>
<column name="Expression">-, -, 0, 96</column>
<column name="FIFO">-, -, -, -</column>
<column name="Instance">4, 1, 187, 313</column>
<column name="Memory">2, -, 0, 0</column>
<column name="Multiplexer">-, -, -, 50</column>
<column name="Register">-, -, 58, -</column>
<column name="ShiftMemory">-, -, -, -</column>
<specialColumn name="Available">270, 240, 126800, 63400</specialColumn>
<specialColumn name="Utilization (%)">2, ~0, ~0, ~0</specialColumn>
</table>
</item>
<item name = "Detail">
<section name = "" level="1">
<item name = "Instance"><table name="" hasTotal="1">
<keys size="6">Instance, Module, BRAM_18K, DSP48E, FF, LUT</keys>
<column name="grp_dct_2d_fu_181">dct_2d, 4, 1, 187, 313</column>
</table>
</item>
<item name = "Memory"><table name="" hasTotal="1">
<keys size="7">Memory, Module, BRAM_18K, Words, Bits, Banks, W*Bits*Banks</keys>
<column name="buf_2d_in_U">dct_2d_row_outbuf, 1, 64, 16, 1, 1024</column>
<column name="buf_2d_out_U">dct_2d_row_outbuf, 1, 64, 16, 1, 1024</column>
</table>
</item>
<item name = "FIFO"><table name="" hasTotal="1">
<keys size="7">Name, BRAM_18K, FF, LUT, Depth, Bits, Size:D*B</keys>
</table>
</item>
<item name = "Shift register"><table name="" hasTotal="1">
<keys size="5">Name, FF, LUT, Bits, Const Bits</keys>
</table>
</item>
<item name = "Expression"><table name="" hasTotal="1">
<keys size="7">Variable Name, Operation, DSP48E, FF, LUT, Bitwidth P0, Bitwidth P1</keys>
<column name="c_1_fu_376_p2">+, 0, 0, 4, 4, 1</column>
<column name="c_fu_256_p2">+, 0, 0, 4, 4, 1</column>
<column name="indvar_flatten_next1_fu_293_p2">+, 0, 0, 7, 7, 1</column>
<column name="indvar_flatten_next_fu_195_p2">+, 0, 0, 7, 7, 1</column>
<column name="p_addr1_fu_276_p2">+, 0, 0, 8, 8, 8</column>
<column name="p_addr3_fu_359_p2">+, 0, 0, 8, 8, 8</column>
<column name="r_fu_215_p2">+, 0, 0, 4, 4, 1</column>
<column name="r_s_fu_313_p2">+, 0, 0, 4, 4, 1</column>
<column name="sum3_i_fu_370_p2">+, 0, 0, 6, 6, 6</column>
<column name="sum_i_fu_245_p2">+, 0, 0, 6, 6, 6</column>
<column name="c_i5_mid2_fu_305_p3">Select, 0, 0, 4, 1, 1</column>
<column name="c_i_mid2_fu_207_p3">Select, 0, 0, 4, 1, 1</column>
<column name="r_i2_mid2_fu_319_p3">Select, 0, 0, 4, 1, 4</column>
<column name="r_i_mid2_fu_221_p3">Select, 0, 0, 4, 1, 4</column>
<column name="exitcond_flatten1_fu_287_p2">icmp, 0, 0, 7, 7, 8</column>
<column name="exitcond_flatten_fu_189_p2">icmp, 0, 0, 7, 7, 8</column>
<column name="exitcond_i1_fu_299_p2">icmp, 0, 0, 4, 4, 5</column>
<column name="exitcond_i_fu_201_p2">icmp, 0, 0, 4, 4, 5</column>
</table>
</item>
<item name = "Multiplexer"><table name="" hasTotal="1">
<keys size="5">Name, LUT, Input Size, Bits, Total Bits</keys>
<column name="buf_2d_in_address0">6, 3, 6, 18</column>
<column name="buf_2d_out_address0">6, 3, 6, 18</column>
<column name="c_i5_reg_169">4, 2, 4, 8</column>
<column name="c_i_reg_136">4, 2, 4, 8</column>
<column name="indvar_flatten1_reg_147">7, 2, 7, 14</column>
<column name="indvar_flatten_reg_114">7, 2, 7, 14</column>
<column name="r_i2_phi_fu_162_p4">4, 2, 4, 8</column>
<column name="r_i2_reg_158">4, 2, 4, 8</column>
<column name="r_i_phi_fu_129_p4">4, 2, 4, 8</column>
<column name="r_i_reg_125">4, 2, 4, 8</column>
</table>
</item>
<item name = "Register"><table name="" hasTotal="1">
<keys size="4">Name, FF, Bits, Const Bits</keys>
<column name="ap_CS_fsm">3, 3, 0</column>
<column name="ap_reg_ppiten_pp0_it0">1, 1, 0</column>
<column name="ap_reg_ppiten_pp0_it1">1, 1, 0</column>
<column name="ap_reg_ppiten_pp1_it0">1, 1, 0</column>
<column name="ap_reg_ppiten_pp1_it1">1, 1, 0</column>
<column name="c_i5_reg_169">4, 4, 0</column>
<column name="c_i_mid2_reg_395">4, 4, 0</column>
<column name="c_i_reg_136">4, 4, 0</column>
<column name="exitcond_flatten1_reg_416">1, 1, 0</column>
<column name="exitcond_flatten_reg_386">1, 1, 0</column>
<column name="grp_dct_2d_fu_181_ap_start_ap_start_reg">1, 1, 0</column>
<column name="indvar_flatten1_reg_147">7, 7, 0</column>
<column name="indvar_flatten_reg_114">7, 7, 0</column>
<column name="r_i2_mid2_reg_425">4, 4, 0</column>
<column name="r_i2_reg_158">4, 4, 0</column>
<column name="r_i_mid2_reg_400">4, 4, 0</column>
<column name="r_i_reg_125">4, 4, 0</column>
<column name="sum3_i_reg_435">6, 6, 0</column>
</table>
</item>
</section>
</item>
</section>

<section name = "Interface" level="0">
<item name = "Summary"><table name="" hasTotal="0">
<keys size="6">RTL Ports, Dir, Bits, Protocol, Source Object, C Type</keys>
<column name="ap_clk">in, 1, ap_ctrl_hs, dct, return value</column>
<column name="ap_rst">in, 1, ap_ctrl_hs, dct, return value</column>
<column name="ap_start">in, 1, ap_ctrl_hs, dct, return value</column>
<column name="ap_done">out, 1, ap_ctrl_hs, dct, return value</column>
<column name="ap_idle">out, 1, ap_ctrl_hs, dct, return value</column>
<column name="ap_ready">out, 1, ap_ctrl_hs, dct, return value</column>
<column name="input_r_address0">out, 6, ap_memory, input_r, array</column>
<column name="input_r_ce0">out, 1, ap_memory, input_r, array</column>
<column name="input_r_q0">in, 16, ap_memory, input_r, array</column>
<column name="output_r_address0">out, 6, ap_memory, output_r, array</column>
<column name="output_r_ce0">out, 1, ap_memory, output_r, array</column>
<column name="output_r_we0">out, 1, ap_memory, output_r, array</column>
<column name="output_r_d0">out, 16, ap_memory, output_r, array</column>
</table>
</item>
</section>
</profile>
