<stg><name>dct</name>


<trans_list>

<trans id="85" from="1" to="2">
<condition id="45">
<or_exp><and_exp></and_exp></or_exp>
</condition>
</trans>

<trans id="98" from="2" to="4">
<condition id="61">
<or_exp><and_exp><literal name="exitcond_flatten" val="1"/>
</and_exp></or_exp>
</condition>
</trans>

<trans id="99" from="2" to="3">
<condition id="63">
<or_exp><and_exp><literal name="exitcond_flatten" val="0"/>
</and_exp></or_exp>
</condition>
</trans>

<trans id="97" from="3" to="2">
<condition id="62">
<or_exp><and_exp></and_exp></or_exp>
</condition>
</trans>

<trans id="90" from="4" to="5">
<condition id="52">
<or_exp><and_exp></and_exp></or_exp>
</condition>
</trans>

<trans id="91" from="5" to="6">
<condition id="54">
<or_exp><and_exp></and_exp></or_exp>
</condition>
</trans>

<trans id="102" from="6" to="8">
<condition id="64">
<or_exp><and_exp><literal name="exitcond_flatten1" val="1"/>
</and_exp></or_exp>
</condition>
</trans>

<trans id="103" from="6" to="7">
<condition id="66">
<or_exp><and_exp><literal name="exitcond_flatten1" val="0"/>
</and_exp></or_exp>
</condition>
</trans>

<trans id="101" from="7" to="6">
<condition id="65">
<or_exp><and_exp></and_exp></or_exp>
</condition>
</trans>
</trans_list>



<state_list>

<state id="1" st_id="1">

<operation id="9" st_id="1" stage="1" lat="1">
<core>NULL</core>
<MemPortIdVec></MemPortIdVec>
<condition id="40">
<or_exp><and_exp></and_exp></or_exp>
</condition>

<node id="4" bw="0" op_0_bw="0" op_1_bw="16">
<![CDATA[
:0  call void (...)* @_ssdm_op_SpecBitsMap([64 x i16]* %input_r) nounwind, !map !0

]]></node>
<StgValue><ssdm name=""/></StgValue>
</operation>

<operation id="10" st_id="1" stage="1" lat="1">
<core>NULL</core>
<MemPortIdVec></MemPortIdVec>
<condition id="40">
<or_exp><and_exp></and_exp></or_exp>
</condition>

<node id="5" bw="0" op_0_bw="0" op_1_bw="16">
<![CDATA[
:1  call void (...)* @_ssdm_op_SpecBitsMap([64 x i16]* %output_r) nounwind, !map !6

]]></node>
<StgValue><ssdm name=""/></StgValue>
</operation>

<operation id="11" st_id="1" stage="1" lat="1">
<core>NULL</core>
<MemPortIdVec></MemPortIdVec>
<condition id="40">
<or_exp><and_exp></and_exp></or_exp>
</condition>

<node id="6" bw="0" op_0_bw="0" op_1_bw="8">
<![CDATA[
:2  call void (...)* @_ssdm_op_SpecTopModule([4 x i8]* @str) nounwind

]]></node>
<StgValue><ssdm name=""/></StgValue>
</operation>

<operation id="12" st_id="1" stage="1" lat="1">
<core>RAM</core>
<MemPortIdVec></MemPortIdVec>
<condition id="40">
<or_exp><and_exp></and_exp></or_exp>
</condition>

<node id="7" bw="16" op_0_bw="32">
<![CDATA[
:3  %buf_2d_in = alloca [64 x i16], align 2

]]></node>
<StgValue><ssdm name="buf_2d_in"/><MemPortTyVec>2 3 </MemPortTyVec>
</StgValue>
</operation>

<operation id="13" st_id="1" stage="1" lat="1">
<core>RAM</core>
<MemPortIdVec></MemPortIdVec>
<condition id="40">
<or_exp><and_exp></and_exp></or_exp>
</condition>

<node id="8" bw="16" op_0_bw="32">
<![CDATA[
:4  %buf_2d_out = alloca [64 x i16], align 2

]]></node>
<StgValue><ssdm name="buf_2d_out"/><MemPortTyVec>2 3 </MemPortTyVec>
</StgValue>
</operation>

<operation id="14" st_id="1" stage="1" lat="1">
<core>NULL</core>
<MemPortIdVec></MemPortIdVec>
<condition id="40">
<or_exp><and_exp></and_exp></or_exp>
</condition>

<node id="9" bw="0" op_0_bw="0">
<![CDATA[
:5  br label %1

]]></node>
<StgValue><ssdm name=""/></StgValue>
</operation>
</state>

<state id="2" st_id="2">

<operation id="15" st_id="2" stage="1" lat="1">
<core>NULL</core>
<MemPortIdVec></MemPortIdVec>
<condition id="-1">
<or_exp><and_exp></and_exp></or_exp>
</condition>

<node id="11" bw="7" op_0_bw="7" op_1_bw="0">
<![CDATA[
:0  %indvar_flatten = phi i7 [ 0, %0 ], [ %indvar_flatten_next, %.reset ]

]]></node>
<StgValue><ssdm name="indvar_flatten"/></StgValue>
</operation>

<operation id="16" st_id="2" stage="1" lat="1">
<core>NULL</core>
<MemPortIdVec></MemPortIdVec>
<condition id="-1">
<or_exp><and_exp></and_exp></or_exp>
</condition>

<node id="12" bw="4" op_0_bw="4" op_1_bw="0">
<![CDATA[
:1  %r_i = phi i4 [ 0, %0 ], [ %r_i_mid2, %.reset ]

]]></node>
<StgValue><ssdm name="r_i"/></StgValue>
</operation>

<operation id="17" st_id="2" stage="1" lat="1">
<core>NULL</core>
<MemPortIdVec></MemPortIdVec>
<condition id="-1">
<or_exp><and_exp></and_exp></or_exp>
</condition>

<node id="13" bw="4" op_0_bw="4" op_1_bw="0">
<![CDATA[
:2  %c_i = phi i4 [ 0, %0 ], [ %c, %.reset ]

]]></node>
<StgValue><ssdm name="c_i"/></StgValue>
</operation>

<operation id="18" st_id="2" stage="1" lat="1">
<core>Cmp</core>
<MemPortIdVec></MemPortIdVec>
<condition id="-1">
<or_exp><and_exp></and_exp></or_exp>
</condition>

<node id="14" bw="1" op_0_bw="7" op_1_bw="7">
<![CDATA[
:3  %exitcond_flatten = icmp eq i7 %indvar_flatten, -64

]]></node>
<StgValue><ssdm name="exitcond_flatten"/></StgValue>
</operation>

<operation id="19" st_id="2" stage="1" lat="1">
<core>AddSub</core>
<MemPortIdVec></MemPortIdVec>
<condition id="-1">
<or_exp><and_exp></and_exp></or_exp>
</condition>

<node id="15" bw="7" op_0_bw="7" op_1_bw="7">
<![CDATA[
:4  %indvar_flatten_next = add i7 %indvar_flatten, 1

]]></node>
<StgValue><ssdm name="indvar_flatten_next"/></StgValue>
</operation>

<operation id="20" st_id="2" stage="1" lat="1">
<core>NULL</core>
<MemPortIdVec></MemPortIdVec>
<condition id="-1">
<or_exp><and_exp></and_exp></or_exp>
</condition>

<node id="16" bw="0" op_0_bw="1" op_1_bw="0" op_2_bw="0">
<![CDATA[
:5  br i1 %exitcond_flatten, label %read_data.exit, label %.reset

]]></node>
<StgValue><ssdm name=""/></StgValue>
</operation>

<operation id="21" st_id="2" stage="1" lat="1">
<core>Cmp</core>
<MemPortIdVec></MemPortIdVec>
<condition id="0">
<or_exp><and_exp><literal name="exitcond_flatten" val="0"/>
</and_exp></or_exp>
</condition>

<node id="20" bw="1" op_0_bw="4" op_1_bw="4">
<![CDATA[
.reset:2  %exitcond_i = icmp eq i4 %c_i, -8

]]></node>
<StgValue><ssdm name="exitcond_i"/></StgValue>
</operation>

<operation id="22" st_id="2" stage="1" lat="1">
<core>Sel</core>
<MemPortIdVec></MemPortIdVec>
<condition id="0">
<or_exp><and_exp><literal name="exitcond_flatten" val="0"/>
</and_exp></or_exp>
</condition>

<node id="21" bw="4" op_0_bw="1" op_1_bw="4" op_2_bw="4">
<![CDATA[
.reset:3  %c_i_mid2 = select i1 %exitcond_i, i4 0, i4 %c_i

]]></node>
<StgValue><ssdm name="c_i_mid2"/></StgValue>
</operation>

<operation id="23" st_id="2" stage="1" lat="1">
<core>AddSub</core>
<MemPortIdVec></MemPortIdVec>
<condition id="0">
<or_exp><and_exp><literal name="exitcond_flatten" val="0"/>
</and_exp></or_exp>
</condition>

<node id="22" bw="4" op_0_bw="4" op_1_bw="4">
<![CDATA[
.reset:4  %r = add i4 %r_i, 1

]]></node>
<StgValue><ssdm name="r"/></StgValue>
</operation>

<operation id="24" st_id="2" stage="1" lat="1">
<core>Sel</core>
<MemPortIdVec></MemPortIdVec>
<condition id="0">
<or_exp><and_exp><literal name="exitcond_flatten" val="0"/>
</and_exp></or_exp>
</condition>

<node id="23" bw="4" op_0_bw="1" op_1_bw="4" op_2_bw="4">
<![CDATA[
.reset:5  %r_i_mid2 = select i1 %exitcond_i, i4 %r, i4 %r_i

]]></node>
<StgValue><ssdm name="r_i_mid2"/></StgValue>
</operation>

<operation id="25" st_id="2" stage="1" lat="1">
<core>NULL</core>
<MemPortIdVec></MemPortIdVec>
<condition id="0">
<or_exp><and_exp><literal name="exitcond_flatten" val="0"/>
</and_exp></or_exp>
</condition>

<node id="24" bw="3" op_0_bw="4">
<![CDATA[
.reset:6  %tmp = trunc i4 %r_i_mid2 to i3

]]></node>
<StgValue><ssdm name="tmp"/></StgValue>
</operation>

<operation id="26" st_id="2" stage="1" lat="1">
<core>NULL</core>
<MemPortIdVec></MemPortIdVec>
<condition id="0">
<or_exp><and_exp><literal name="exitcond_flatten" val="0"/>
</and_exp></or_exp>
</condition>

<node id="25" bw="6" op_0_bw="6" op_1_bw="3" op_2_bw="3">
<![CDATA[
.reset:7  %tmp_i = call i6 @_ssdm_op_BitConcatenate.i6.i3.i3(i3 %tmp, i3 0)

]]></node>
<StgValue><ssdm name="tmp_i"/></StgValue>
</operation>

<operation id="27" st_id="2" stage="1" lat="1">
<core>NULL</core>
<MemPortIdVec></MemPortIdVec>
<condition id="0">
<or_exp><and_exp><literal name="exitcond_flatten" val="0"/>
</and_exp></or_exp>
</condition>

<node id="26" bw="6" op_0_bw="4">
<![CDATA[
.reset:8  %c_i_cast6 = zext i4 %c_i_mid2 to i6

]]></node>
<StgValue><ssdm name="c_i_cast6"/></StgValue>
</operation>

<operation id="28" st_id="2" stage="1" lat="1">
<core>AddSub</core>
<MemPortIdVec></MemPortIdVec>
<condition id="0">
<or_exp><and_exp><literal name="exitcond_flatten" val="0"/>
</and_exp></or_exp>
</condition>

<node id="31" bw="6" op_0_bw="6" op_1_bw="6">
<![CDATA[
.reset:13  %sum_i = add i6 %c_i_cast6, %tmp_i

]]></node>
<StgValue><ssdm name="sum_i"/></StgValue>
</operation>

<operation id="29" st_id="2" stage="1" lat="1">
<core>NULL</core>
<MemPortIdVec></MemPortIdVec>
<condition id="0">
<or_exp><and_exp><literal name="exitcond_flatten" val="0"/>
</and_exp></or_exp>
</condition>

<node id="32" bw="32" op_0_bw="6">
<![CDATA[
.reset:14  %sum_i_cast = zext i6 %sum_i to i32

]]></node>
<StgValue><ssdm name="sum_i_cast"/></StgValue>
</operation>

<operation id="30" st_id="2" stage="1" lat="1">
<core>NULL</core>
<MemPortIdVec></MemPortIdVec>
<condition id="0">
<or_exp><and_exp><literal name="exitcond_flatten" val="0"/>
</and_exp></or_exp>
</condition>

<node id="33" bw="6" op_0_bw="16" op_1_bw="32" op_2_bw="32">
<![CDATA[
.reset:15  %input_addr = getelementptr [64 x i16]* %input_r, i32 0, i32 %sum_i_cast

]]></node>
<StgValue><ssdm name="input_addr"/></StgValue>
</operation>

<operation id="31" st_id="2" stage="2" lat="2">
<core>RAM</core>
<MemPortIdVec>0 </MemPortIdVec>
<condition id="0">
<or_exp><and_exp><literal name="exitcond_flatten" val="0"/>
</and_exp></or_exp>
</condition>

<node id="34" bw="16" op_0_bw="6">
<![CDATA[
.reset:16  %input_load = load i16* %input_addr, align 2

]]></node>
<StgValue><ssdm name="input_load"/></StgValue>
</operation>

<operation id="32" st_id="2" stage="1" lat="1">
<core>AddSub</core>
<MemPortIdVec></MemPortIdVec>
<condition id="0">
<or_exp><and_exp><literal name="exitcond_flatten" val="0"/>
</and_exp></or_exp>
</condition>

<node id="42" bw="4" op_0_bw="4" op_1_bw="4">
<![CDATA[
.reset:24  %c = add i4 %c_i_mid2, 1

]]></node>
<StgValue><ssdm name="c"/></StgValue>
</operation>
</state>

<state id="3" st_id="3">

<operation id="33" st_id="3" stage="1" lat="1">
<core>NULL</core>
<MemPortIdVec></MemPortIdVec>
<condition id="0">
<or_exp><and_exp><literal name="exitcond_flatten" val="0"/>
</and_exp></or_exp>
</condition>

<node id="18" bw="0" op_0_bw="0" op_1_bw="8">
<![CDATA[
.reset:0  call void (...)* @_ssdm_op_SpecLoopName([24 x i8]* @str1)

]]></node>
<StgValue><ssdm name=""/></StgValue>
</operation>

<operation id="34" st_id="3" stage="1" lat="1">
<core>NULL</core>
<MemPortIdVec></MemPortIdVec>
<condition id="0">
<or_exp><and_exp><literal name="exitcond_flatten" val="0"/>
</and_exp></or_exp>
</condition>

<node id="19" bw="32" op_0_bw="32" op_1_bw="64" op_2_bw="64" op_3_bw="64">
<![CDATA[
.reset:1  %empty = call i32 (...)* @_ssdm_op_SpecLoopTripCount(i64 64, i64 64, i64 64) nounwind

]]></node>
<StgValue><ssdm name="empty"/></StgValue>
</operation>

<operation id="35" st_id="3" stage="1" lat="1">
<core>NULL</core>
<MemPortIdVec></MemPortIdVec>
<condition id="0">
<or_exp><and_exp><literal name="exitcond_flatten" val="0"/>
</and_exp></or_exp>
</condition>

<node id="27" bw="8" op_0_bw="4">
<![CDATA[
.reset:9  %c_i_cast5_cast = zext i4 %c_i_mid2 to i8

]]></node>
<StgValue><ssdm name="c_i_cast5_cast"/></StgValue>
</operation>

<operation id="36" st_id="3" stage="1" lat="1">
<core>NULL</core>
<MemPortIdVec></MemPortIdVec>
<condition id="0">
<or_exp><and_exp><literal name="exitcond_flatten" val="0"/>
</and_exp></or_exp>
</condition>

<node id="28" bw="0" op_0_bw="0" op_1_bw="8">
<![CDATA[
.reset:10  call void (...)* @_ssdm_op_SpecLoopName([12 x i8]* @p_str10) nounwind

]]></node>
<StgValue><ssdm name=""/></StgValue>
</operation>

<operation id="37" st_id="3" stage="1" lat="1">
<core>NULL</core>
<MemPortIdVec></MemPortIdVec>
<condition id="0">
<or_exp><and_exp><literal name="exitcond_flatten" val="0"/>
</and_exp></or_exp>
</condition>

<node id="29" bw="32" op_0_bw="32" op_1_bw="8">
<![CDATA[
.reset:11  %tmp_9_i = call i32 (...)* @_ssdm_op_SpecRegionBegin([12 x i8]* @p_str10) nounwind

]]></node>
<StgValue><ssdm name="tmp_9_i"/></StgValue>
</operation>

<operation id="38" st_id="3" stage="1" lat="1">
<core>NULL</core>
<MemPortIdVec></MemPortIdVec>
<condition id="0">
<or_exp><and_exp><literal name="exitcond_flatten" val="0"/>
</and_exp></or_exp>
</condition>

<node id="30" bw="0" op_0_bw="0" op_1_bw="32" op_2_bw="32" op_3_bw="32" op_4_bw="8">
<![CDATA[
.reset:12  call void (...)* @_ssdm_op_SpecPipeline(i32 1, i32 1, i32 1, [1 x i8]* @p_str2) nounwind

]]></node>
<StgValue><ssdm name=""/></StgValue>
</operation>

<operation id="39" st_id="3" stage="1" lat="2">
<core>RAM</core>
<MemPortIdVec>0 </MemPortIdVec>
<condition id="0">
<or_exp><and_exp><literal name="exitcond_flatten" val="0"/>
</and_exp></or_exp>
</condition>

<node id="34" bw="16" op_0_bw="6">
<![CDATA[
.reset:16  %input_load = load i16* %input_addr, align 2

]]></node>
<StgValue><ssdm name="input_load"/></StgValue>
</operation>

<operation id="40" st_id="3" stage="1" lat="1">
<core>NULL</core>
<MemPortIdVec></MemPortIdVec>
<condition id="0">
<or_exp><and_exp><literal name="exitcond_flatten" val="0"/>
</and_exp></or_exp>
</condition>

<node id="35" bw="7" op_0_bw="7" op_1_bw="4" op_2_bw="3">
<![CDATA[
.reset:17  %tmp_1 = call i7 @_ssdm_op_BitConcatenate.i7.i4.i3(i4 %r_i_mid2, i3 0)

]]></node>
<StgValue><ssdm name="tmp_1"/></StgValue>
</operation>

<operation id="41" st_id="3" stage="1" lat="1">
<core>NULL</core>
<MemPortIdVec></MemPortIdVec>
<condition id="0">
<or_exp><and_exp><literal name="exitcond_flatten" val="0"/>
</and_exp></or_exp>
</condition>

<node id="36" bw="8" op_0_bw="7">
<![CDATA[
.reset:18  %p_addr_cast = zext i7 %tmp_1 to i8

]]></node>
<StgValue><ssdm name="p_addr_cast"/></StgValue>
</operation>

<operation id="42" st_id="3" stage="1" lat="1">
<core>AddSub</core>
<MemPortIdVec></MemPortIdVec>
<condition id="0">
<or_exp><and_exp><literal name="exitcond_flatten" val="0"/>
</and_exp></or_exp>
</condition>

<node id="37" bw="8" op_0_bw="8" op_1_bw="8">
<![CDATA[
.reset:19  %p_addr1 = add i8 %p_addr_cast, %c_i_cast5_cast

]]></node>
<StgValue><ssdm name="p_addr1"/></StgValue>
</operation>

<operation id="43" st_id="3" stage="1" lat="1">
<core>NULL</core>
<MemPortIdVec></MemPortIdVec>
<condition id="0">
<or_exp><and_exp><literal name="exitcond_flatten" val="0"/>
</and_exp></or_exp>
</condition>

<node id="38" bw="32" op_0_bw="8">
<![CDATA[
.reset:20  %p_addr1_cast = zext i8 %p_addr1 to i32

]]></node>
<StgValue><ssdm name="p_addr1_cast"/></StgValue>
</operation>

<operation id="44" st_id="3" stage="1" lat="1">
<core>NULL</core>
<MemPortIdVec></MemPortIdVec>
<condition id="0">
<or_exp><and_exp><literal name="exitcond_flatten" val="0"/>
</and_exp></or_exp>
</condition>

<node id="39" bw="6" op_0_bw="16" op_1_bw="32" op_2_bw="32">
<![CDATA[
.reset:21  %buf_2d_in_addr = getelementptr [64 x i16]* %buf_2d_in, i32 0, i32 %p_addr1_cast

]]></node>
<StgValue><ssdm name="buf_2d_in_addr"/></StgValue>
</operation>

<operation id="45" st_id="3" stage="1" lat="1">
<core>RAM</core>
<MemPortIdVec>0 </MemPortIdVec>
<condition id="0">
<or_exp><and_exp><literal name="exitcond_flatten" val="0"/>
</and_exp></or_exp>
</condition>

<node id="40" bw="0" op_0_bw="16" op_1_bw="6">
<![CDATA[
.reset:22  store i16 %input_load, i16* %buf_2d_in_addr, align 2

]]></node>
<StgValue><ssdm name=""/></StgValue>
</operation>

<operation id="46" st_id="3" stage="1" lat="1">
<core>NULL</core>
<MemPortIdVec></MemPortIdVec>
<condition id="0">
<or_exp><and_exp><literal name="exitcond_flatten" val="0"/>
</and_exp></or_exp>
</condition>

<node id="41" bw="32" op_0_bw="32" op_1_bw="8" op_2_bw="32">
<![CDATA[
.reset:23  %empty_15 = call i32 (...)* @_ssdm_op_SpecRegionEnd([12 x i8]* @p_str10, i32 %tmp_9_i) nounwind

]]></node>
<StgValue><ssdm name="empty_15"/></StgValue>
</operation>

<operation id="47" st_id="3" stage="1" lat="1">
<core>NULL</core>
<MemPortIdVec></MemPortIdVec>
<condition id="0">
<or_exp><and_exp><literal name="exitcond_flatten" val="0"/>
</and_exp></or_exp>
</condition>

<node id="43" bw="0" op_0_bw="0">
<![CDATA[
.reset:25  br label %1

]]></node>
<StgValue><ssdm name=""/></StgValue>
</operation>
</state>

<state id="4" st_id="4">

<operation id="48" st_id="4" stage="2" lat="2">
<core></core>
<MemPortIdVec></MemPortIdVec>
<condition id="41">
<or_exp><and_exp></and_exp></or_exp>
</condition>

<node id="45" bw="0" op_0_bw="0" op_1_bw="16" op_2_bw="16">
<![CDATA[
read_data.exit:0  call fastcc void @dct_2d([64 x i16]* nocapture %buf_2d_in, [64 x i16]* nocapture %buf_2d_out) nounwind

]]></node>
<StgValue><ssdm name=""/></StgValue>
</operation>
</state>

<state id="5" st_id="5">

<operation id="49" st_id="5" stage="1" lat="2">
<core></core>
<MemPortIdVec></MemPortIdVec>
<condition id="42">
<or_exp><and_exp></and_exp></or_exp>
</condition>

<node id="45" bw="0" op_0_bw="0" op_1_bw="16" op_2_bw="16">
<![CDATA[
read_data.exit:0  call fastcc void @dct_2d([64 x i16]* nocapture %buf_2d_in, [64 x i16]* nocapture %buf_2d_out) nounwind

]]></node>
<StgValue><ssdm name=""/></StgValue>
</operation>

<operation id="50" st_id="5" stage="1" lat="1">
<core>NULL</core>
<MemPortIdVec></MemPortIdVec>
<condition id="42">
<or_exp><and_exp></and_exp></or_exp>
</condition>

<node id="46" bw="0" op_0_bw="0">
<![CDATA[
read_data.exit:1  br label %2

]]></node>
<StgValue><ssdm name=""/></StgValue>
</operation>
</state>

<state id="6" st_id="6">

<operation id="51" st_id="6" stage="1" lat="1">
<core>NULL</core>
<MemPortIdVec></MemPortIdVec>
<condition id="-1">
<or_exp><and_exp></and_exp></or_exp>
</condition>

<node id="48" bw="7" op_0_bw="7" op_1_bw="0">
<![CDATA[
:0  %indvar_flatten1 = phi i7 [ 0, %read_data.exit ], [ %indvar_flatten_next1, %.reset10 ]

]]></node>
<StgValue><ssdm name="indvar_flatten1"/></StgValue>
</operation>

<operation id="52" st_id="6" stage="1" lat="1">
<core>NULL</core>
<MemPortIdVec></MemPortIdVec>
<condition id="-1">
<or_exp><and_exp></and_exp></or_exp>
</condition>

<node id="49" bw="4" op_0_bw="4" op_1_bw="0">
<![CDATA[
:1  %r_i2 = phi i4 [ 0, %read_data.exit ], [ %r_i2_mid2, %.reset10 ]

]]></node>
<StgValue><ssdm name="r_i2"/></StgValue>
</operation>

<operation id="53" st_id="6" stage="1" lat="1">
<core>NULL</core>
<MemPortIdVec></MemPortIdVec>
<condition id="-1">
<or_exp><and_exp></and_exp></or_exp>
</condition>

<node id="50" bw="4" op_0_bw="4" op_1_bw="0">
<![CDATA[
:2  %c_i5 = phi i4 [ 0, %read_data.exit ], [ %c_1, %.reset10 ]

]]></node>
<StgValue><ssdm name="c_i5"/></StgValue>
</operation>

<operation id="54" st_id="6" stage="1" lat="1">
<core>Cmp</core>
<MemPortIdVec></MemPortIdVec>
<condition id="-1">
<or_exp><and_exp></and_exp></or_exp>
</condition>

<node id="51" bw="1" op_0_bw="7" op_1_bw="7">
<![CDATA[
:3  %exitcond_flatten1 = icmp eq i7 %indvar_flatten1, -64

]]></node>
<StgValue><ssdm name="exitcond_flatten1"/></StgValue>
</operation>

<operation id="55" st_id="6" stage="1" lat="1">
<core>AddSub</core>
<MemPortIdVec></MemPortIdVec>
<condition id="-1">
<or_exp><and_exp></and_exp></or_exp>
</condition>

<node id="52" bw="7" op_0_bw="7" op_1_bw="7">
<![CDATA[
:4  %indvar_flatten_next1 = add i7 %indvar_flatten1, 1

]]></node>
<StgValue><ssdm name="indvar_flatten_next1"/></StgValue>
</operation>

<operation id="56" st_id="6" stage="1" lat="1">
<core>NULL</core>
<MemPortIdVec></MemPortIdVec>
<condition id="-1">
<or_exp><and_exp></and_exp></or_exp>
</condition>

<node id="53" bw="0" op_0_bw="1" op_1_bw="0" op_2_bw="0">
<![CDATA[
:5  br i1 %exitcond_flatten1, label %write_data.exit, label %.reset10

]]></node>
<StgValue><ssdm name=""/></StgValue>
</operation>

<operation id="57" st_id="6" stage="1" lat="1">
<core>Cmp</core>
<MemPortIdVec></MemPortIdVec>
<condition id="3">
<or_exp><and_exp><literal name="exitcond_flatten1" val="0"/>
</and_exp></or_exp>
</condition>

<node id="57" bw="1" op_0_bw="4" op_1_bw="4">
<![CDATA[
.reset10:2  %exitcond_i1 = icmp eq i4 %c_i5, -8

]]></node>
<StgValue><ssdm name="exitcond_i1"/></StgValue>
</operation>

<operation id="58" st_id="6" stage="1" lat="1">
<core>Sel</core>
<MemPortIdVec></MemPortIdVec>
<condition id="3">
<or_exp><and_exp><literal name="exitcond_flatten1" val="0"/>
</and_exp></or_exp>
</condition>

<node id="58" bw="4" op_0_bw="1" op_1_bw="4" op_2_bw="4">
<![CDATA[
.reset10:3  %c_i5_mid2 = select i1 %exitcond_i1, i4 0, i4 %c_i5

]]></node>
<StgValue><ssdm name="c_i5_mid2"/></StgValue>
</operation>

<operation id="59" st_id="6" stage="1" lat="1">
<core>AddSub</core>
<MemPortIdVec></MemPortIdVec>
<condition id="3">
<or_exp><and_exp><literal name="exitcond_flatten1" val="0"/>
</and_exp></or_exp>
</condition>

<node id="59" bw="4" op_0_bw="4" op_1_bw="4">
<![CDATA[
.reset10:4  %r_s = add i4 %r_i2, 1

]]></node>
<StgValue><ssdm name="r_s"/></StgValue>
</operation>

<operation id="60" st_id="6" stage="1" lat="1">
<core>Sel</core>
<MemPortIdVec></MemPortIdVec>
<condition id="3">
<or_exp><and_exp><literal name="exitcond_flatten1" val="0"/>
</and_exp></or_exp>
</condition>

<node id="60" bw="4" op_0_bw="1" op_1_bw="4" op_2_bw="4">
<![CDATA[
.reset10:5  %r_i2_mid2 = select i1 %exitcond_i1, i4 %r_s, i4 %r_i2

]]></node>
<StgValue><ssdm name="r_i2_mid2"/></StgValue>
</operation>

<operation id="61" st_id="6" stage="1" lat="1">
<core>NULL</core>
<MemPortIdVec></MemPortIdVec>
<condition id="3">
<or_exp><and_exp><literal name="exitcond_flatten1" val="0"/>
</and_exp></or_exp>
</condition>

<node id="61" bw="3" op_0_bw="4">
<![CDATA[
.reset10:6  %tmp_2 = trunc i4 %r_i2_mid2 to i3

]]></node>
<StgValue><ssdm name="tmp_2"/></StgValue>
</operation>

<operation id="62" st_id="6" stage="1" lat="1">
<core>NULL</core>
<MemPortIdVec></MemPortIdVec>
<condition id="3">
<or_exp><and_exp><literal name="exitcond_flatten1" val="0"/>
</and_exp></or_exp>
</condition>

<node id="62" bw="6" op_0_bw="6" op_1_bw="3" op_2_bw="3">
<![CDATA[
.reset10:7  %tmp_i4 = call i6 @_ssdm_op_BitConcatenate.i6.i3.i3(i3 %tmp_2, i3 0)

]]></node>
<StgValue><ssdm name="tmp_i4"/></StgValue>
</operation>

<operation id="63" st_id="6" stage="1" lat="1">
<core>NULL</core>
<MemPortIdVec></MemPortIdVec>
<condition id="3">
<or_exp><and_exp><literal name="exitcond_flatten1" val="0"/>
</and_exp></or_exp>
</condition>

<node id="63" bw="6" op_0_bw="4">
<![CDATA[
.reset10:8  %c_i5_cast2 = zext i4 %c_i5_mid2 to i6

]]></node>
<StgValue><ssdm name="c_i5_cast2"/></StgValue>
</operation>

<operation id="64" st_id="6" stage="1" lat="1">
<core>NULL</core>
<MemPortIdVec></MemPortIdVec>
<condition id="3">
<or_exp><and_exp><literal name="exitcond_flatten1" val="0"/>
</and_exp></or_exp>
</condition>

<node id="64" bw="8" op_0_bw="4">
<![CDATA[
.reset10:9  %c_i5_cast1_cast = zext i4 %c_i5_mid2 to i8

]]></node>
<StgValue><ssdm name="c_i5_cast1_cast"/></StgValue>
</operation>

<operation id="65" st_id="6" stage="1" lat="1">
<core>NULL</core>
<MemPortIdVec></MemPortIdVec>
<condition id="3">
<or_exp><and_exp><literal name="exitcond_flatten1" val="0"/>
</and_exp></or_exp>
</condition>

<node id="68" bw="7" op_0_bw="7" op_1_bw="4" op_2_bw="3">
<![CDATA[
.reset10:13  %tmp_3 = call i7 @_ssdm_op_BitConcatenate.i7.i4.i3(i4 %r_i2_mid2, i3 0)

]]></node>
<StgValue><ssdm name="tmp_3"/></StgValue>
</operation>

<operation id="66" st_id="6" stage="1" lat="1">
<core>NULL</core>
<MemPortIdVec></MemPortIdVec>
<condition id="3">
<or_exp><and_exp><literal name="exitcond_flatten1" val="0"/>
</and_exp></or_exp>
</condition>

<node id="69" bw="8" op_0_bw="7">
<![CDATA[
.reset10:14  %p_addr2_cast = zext i7 %tmp_3 to i8

]]></node>
<StgValue><ssdm name="p_addr2_cast"/></StgValue>
</operation>

<operation id="67" st_id="6" stage="1" lat="1">
<core>AddSub</core>
<MemPortIdVec></MemPortIdVec>
<condition id="3">
<or_exp><and_exp><literal name="exitcond_flatten1" val="0"/>
</and_exp></or_exp>
</condition>

<node id="70" bw="8" op_0_bw="8" op_1_bw="8">
<![CDATA[
.reset10:15  %p_addr3 = add i8 %p_addr2_cast, %c_i5_cast1_cast

]]></node>
<StgValue><ssdm name="p_addr3"/></StgValue>
</operation>

<operation id="68" st_id="6" stage="1" lat="1">
<core>NULL</core>
<MemPortIdVec></MemPortIdVec>
<condition id="3">
<or_exp><and_exp><literal name="exitcond_flatten1" val="0"/>
</and_exp></or_exp>
</condition>

<node id="71" bw="32" op_0_bw="8">
<![CDATA[
.reset10:16  %p_addr3_cast = zext i8 %p_addr3 to i32

]]></node>
<StgValue><ssdm name="p_addr3_cast"/></StgValue>
</operation>

<operation id="69" st_id="6" stage="1" lat="1">
<core>NULL</core>
<MemPortIdVec></MemPortIdVec>
<condition id="3">
<or_exp><and_exp><literal name="exitcond_flatten1" val="0"/>
</and_exp></or_exp>
</condition>

<node id="72" bw="6" op_0_bw="16" op_1_bw="32" op_2_bw="32">
<![CDATA[
.reset10:17  %buf_2d_out_addr = getelementptr [64 x i16]* %buf_2d_out, i32 0, i32 %p_addr3_cast

]]></node>
<StgValue><ssdm name="buf_2d_out_addr"/></StgValue>
</operation>

<operation id="70" st_id="6" stage="2" lat="2">
<core>RAM</core>
<MemPortIdVec>0 </MemPortIdVec>
<condition id="3">
<or_exp><and_exp><literal name="exitcond_flatten1" val="0"/>
</and_exp></or_exp>
</condition>

<node id="73" bw="16" op_0_bw="6">
<![CDATA[
.reset10:18  %buf_2d_out_load = load i16* %buf_2d_out_addr, align 2

]]></node>
<StgValue><ssdm name="buf_2d_out_load"/></StgValue>
</operation>

<operation id="71" st_id="6" stage="1" lat="1">
<core>AddSub</core>
<MemPortIdVec></MemPortIdVec>
<condition id="3">
<or_exp><and_exp><literal name="exitcond_flatten1" val="0"/>
</and_exp></or_exp>
</condition>

<node id="74" bw="6" op_0_bw="6" op_1_bw="6">
<![CDATA[
.reset10:19  %sum3_i = add i6 %c_i5_cast2, %tmp_i4

]]></node>
<StgValue><ssdm name="sum3_i"/></StgValue>
</operation>

<operation id="72" st_id="6" stage="1" lat="1">
<core>AddSub</core>
<MemPortIdVec></MemPortIdVec>
<condition id="3">
<or_exp><and_exp><literal name="exitcond_flatten1" val="0"/>
</and_exp></or_exp>
</condition>

<node id="79" bw="4" op_0_bw="4" op_1_bw="4">
<![CDATA[
.reset10:24  %c_1 = add i4 %c_i5_mid2, 1

]]></node>
<StgValue><ssdm name="c_1"/></StgValue>
</operation>
</state>

<state id="7" st_id="7">

<operation id="73" st_id="7" stage="1" lat="1">
<core>NULL</core>
<MemPortIdVec></MemPortIdVec>
<condition id="3">
<or_exp><and_exp><literal name="exitcond_flatten1" val="0"/>
</and_exp></or_exp>
</condition>

<node id="55" bw="0" op_0_bw="0" op_1_bw="8">
<![CDATA[
.reset10:0  call void (...)* @_ssdm_op_SpecLoopName([24 x i8]* @str2)

]]></node>
<StgValue><ssdm name=""/></StgValue>
</operation>

<operation id="74" st_id="7" stage="1" lat="1">
<core>NULL</core>
<MemPortIdVec></MemPortIdVec>
<condition id="3">
<or_exp><and_exp><literal name="exitcond_flatten1" val="0"/>
</and_exp></or_exp>
</condition>

<node id="56" bw="32" op_0_bw="32" op_1_bw="64" op_2_bw="64" op_3_bw="64">
<![CDATA[
.reset10:1  %empty_16 = call i32 (...)* @_ssdm_op_SpecLoopTripCount(i64 64, i64 64, i64 64) nounwind

]]></node>
<StgValue><ssdm name="empty_16"/></StgValue>
</operation>

<operation id="75" st_id="7" stage="1" lat="1">
<core>NULL</core>
<MemPortIdVec></MemPortIdVec>
<condition id="3">
<or_exp><and_exp><literal name="exitcond_flatten1" val="0"/>
</and_exp></or_exp>
</condition>

<node id="65" bw="0" op_0_bw="0" op_1_bw="8">
<![CDATA[
.reset10:10  call void (...)* @_ssdm_op_SpecLoopName([12 x i8]* @p_str12) nounwind

]]></node>
<StgValue><ssdm name=""/></StgValue>
</operation>

<operation id="76" st_id="7" stage="1" lat="1">
<core>NULL</core>
<MemPortIdVec></MemPortIdVec>
<condition id="3">
<or_exp><and_exp><literal name="exitcond_flatten1" val="0"/>
</and_exp></or_exp>
</condition>

<node id="66" bw="32" op_0_bw="32" op_1_bw="8">
<![CDATA[
.reset10:11  %tmp_2_i = call i32 (...)* @_ssdm_op_SpecRegionBegin([12 x i8]* @p_str12) nounwind

]]></node>
<StgValue><ssdm name="tmp_2_i"/></StgValue>
</operation>

<operation id="77" st_id="7" stage="1" lat="1">
<core>NULL</core>
<MemPortIdVec></MemPortIdVec>
<condition id="3">
<or_exp><and_exp><literal name="exitcond_flatten1" val="0"/>
</and_exp></or_exp>
</condition>

<node id="67" bw="0" op_0_bw="0" op_1_bw="32" op_2_bw="32" op_3_bw="32" op_4_bw="8">
<![CDATA[
.reset10:12  call void (...)* @_ssdm_op_SpecPipeline(i32 1, i32 1, i32 1, [1 x i8]* @p_str2) nounwind

]]></node>
<StgValue><ssdm name=""/></StgValue>
</operation>

<operation id="78" st_id="7" stage="1" lat="2">
<core>RAM</core>
<MemPortIdVec>0 </MemPortIdVec>
<condition id="3">
<or_exp><and_exp><literal name="exitcond_flatten1" val="0"/>
</and_exp></or_exp>
</condition>

<node id="73" bw="16" op_0_bw="6">
<![CDATA[
.reset10:18  %buf_2d_out_load = load i16* %buf_2d_out_addr, align 2

]]></node>
<StgValue><ssdm name="buf_2d_out_load"/></StgValue>
</operation>

<operation id="79" st_id="7" stage="1" lat="1">
<core>NULL</core>
<MemPortIdVec></MemPortIdVec>
<condition id="3">
<or_exp><and_exp><literal name="exitcond_flatten1" val="0"/>
</and_exp></or_exp>
</condition>

<node id="75" bw="32" op_0_bw="6">
<![CDATA[
.reset10:20  %sum3_i_cast = zext i6 %sum3_i to i32

]]></node>
<StgValue><ssdm name="sum3_i_cast"/></StgValue>
</operation>

<operation id="80" st_id="7" stage="1" lat="1">
<core>NULL</core>
<MemPortIdVec></MemPortIdVec>
<condition id="3">
<or_exp><and_exp><literal name="exitcond_flatten1" val="0"/>
</and_exp></or_exp>
</condition>

<node id="76" bw="6" op_0_bw="16" op_1_bw="32" op_2_bw="32">
<![CDATA[
.reset10:21  %output_addr = getelementptr [64 x i16]* %output_r, i32 0, i32 %sum3_i_cast

]]></node>
<StgValue><ssdm name="output_addr"/></StgValue>
</operation>

<operation id="81" st_id="7" stage="1" lat="1">
<core>RAM</core>
<MemPortIdVec>0 </MemPortIdVec>
<condition id="3">
<or_exp><and_exp><literal name="exitcond_flatten1" val="0"/>
</and_exp></or_exp>
</condition>

<node id="77" bw="0" op_0_bw="16" op_1_bw="6">
<![CDATA[
.reset10:22  store i16 %buf_2d_out_load, i16* %output_addr, align 2

]]></node>
<StgValue><ssdm name=""/></StgValue>
</operation>

<operation id="82" st_id="7" stage="1" lat="1">
<core>NULL</core>
<MemPortIdVec></MemPortIdVec>
<condition id="3">
<or_exp><and_exp><literal name="exitcond_flatten1" val="0"/>
</and_exp></or_exp>
</condition>

<node id="78" bw="32" op_0_bw="32" op_1_bw="8" op_2_bw="32">
<![CDATA[
.reset10:23  %empty_17 = call i32 (...)* @_ssdm_op_SpecRegionEnd([12 x i8]* @p_str12, i32 %tmp_2_i) nounwind

]]></node>
<StgValue><ssdm name="empty_17"/></StgValue>
</operation>

<operation id="83" st_id="7" stage="1" lat="1">
<core>NULL</core>
<MemPortIdVec></MemPortIdVec>
<condition id="3">
<or_exp><and_exp><literal name="exitcond_flatten1" val="0"/>
</and_exp></or_exp>
</condition>

<node id="80" bw="0" op_0_bw="0">
<![CDATA[
.reset10:25  br label %2

]]></node>
<StgValue><ssdm name=""/></StgValue>
</operation>
</state>

<state id="8" st_id="8">

<operation id="84" st_id="8" stage="1" lat="1">
<core>NULL</core>
<MemPortIdVec></MemPortIdVec>
<condition id="43">
<or_exp><and_exp></and_exp></or_exp>
</condition>

<node id="82" bw="0">
<![CDATA[
write_data.exit:0  ret void

]]></node>
<StgValue><ssdm name=""/></StgValue>
</operation>
</state>
</state_list>


<ports>
<port id="104" name="input_r" dir="0" iftype="1">
<core>RAM</core><StgValue><ssdm name="input_r"/><MemPortTyVec>1 3 </MemPortTyVec>
</StgValue>
</port>
<port id="105" name="output_r" dir="1" iftype="1">
<core>RAM</core><StgValue><ssdm name="output_r"/><MemPortTyVec>0 3 </MemPortTyVec>
</StgValue>
</port>
<port id="106" name="dct_coeff_table" dir="0" iftype="1">
<core>ROM_nP</core><StgValue><ssdm name="dct_coeff_table"/><MemPortTyVec>1 </MemPortTyVec>
</StgValue>
</port>
</ports>


<dataflows>
<dataflow id="108" from="_ssdm_op_SpecBitsMap" to="stg_9" fromId="107" toId="9">
</dataflow>
<dataflow id="109" from="input_r" to="stg_9" fromId="104" toId="9">
</dataflow>
<dataflow id="110" from="_ssdm_op_SpecBitsMap" to="stg_10" fromId="107" toId="10">
</dataflow>
<dataflow id="111" from="output_r" to="stg_10" fromId="105" toId="10">
</dataflow>
<dataflow id="113" from="_ssdm_op_SpecTopModule" to="stg_11" fromId="112" toId="11">
</dataflow>
<dataflow id="115" from="str" to="stg_11" fromId="114" toId="11">
</dataflow>
<dataflow id="117" from="stg_116" to="buf_2d_in" fromId="116" toId="12">
</dataflow>
<dataflow id="118" from="stg_116" to="buf_2d_out" fromId="116" toId="13">
</dataflow>
<dataflow id="120" from="stg_119" to="indvar_flatten" fromId="119" toId="15">
<condition id="75">
<or_exp><and_exp></and_exp></or_exp>
</condition>
</dataflow>
<dataflow id="121" from="stg_14" to="indvar_flatten" fromId="14" toId="15">
</dataflow>
<dataflow id="122" from="indvar_flatten_next" to="indvar_flatten" fromId="19" toId="15">
<BackEdge/>
<condition id="76">
<or_exp><and_exp><literal name="exitcond_flatten" val="0"/>
</and_exp></or_exp>
</condition>
</dataflow>
<dataflow id="123" from="stg_47" to="indvar_flatten" fromId="47" toId="15">
<BackEdge/>
</dataflow>
<dataflow id="125" from="stg_124" to="r_i" fromId="124" toId="16">
<condition id="77">
<or_exp><and_exp></and_exp></or_exp>
</condition>
</dataflow>
<dataflow id="126" from="stg_14" to="r_i" fromId="14" toId="16">
</dataflow>
<dataflow id="127" from="r_i_mid2" to="r_i" fromId="24" toId="16">
<BackEdge/>
<condition id="78">
<or_exp><and_exp><literal name="exitcond_flatten" val="0"/>
</and_exp></or_exp>
</condition>
</dataflow>
<dataflow id="128" from="stg_47" to="r_i" fromId="47" toId="16">
<BackEdge/>
</dataflow>
<dataflow id="129" from="stg_124" to="c_i" fromId="124" toId="17">
<condition id="79">
<or_exp><and_exp></and_exp></or_exp>
</condition>
</dataflow>
<dataflow id="130" from="stg_14" to="c_i" fromId="14" toId="17">
</dataflow>
<dataflow id="131" from="c" to="c_i" fromId="32" toId="17">
<BackEdge/>
<condition id="80">
<or_exp><and_exp><literal name="exitcond_flatten" val="0"/>
</and_exp></or_exp>
</condition>
</dataflow>
<dataflow id="132" from="stg_47" to="c_i" fromId="47" toId="17">
<BackEdge/>
</dataflow>
<dataflow id="133" from="indvar_flatten" to="exitcond_flatten" fromId="15" toId="18">
</dataflow>
<dataflow id="135" from="stg_134" to="exitcond_flatten" fromId="134" toId="18">
</dataflow>
<dataflow id="136" from="indvar_flatten" to="indvar_flatten_next" fromId="15" toId="19">
</dataflow>
<dataflow id="138" from="stg_137" to="indvar_flatten_next" fromId="137" toId="19">
</dataflow>
<dataflow id="139" from="exitcond_flatten" to="stg_20" fromId="18" toId="20">
</dataflow>
<dataflow id="140" from="c_i" to="exitcond_i" fromId="17" toId="21">
</dataflow>
<dataflow id="142" from="stg_141" to="exitcond_i" fromId="141" toId="21">
</dataflow>
<dataflow id="143" from="exitcond_i" to="c_i_mid2" fromId="21" toId="22">
</dataflow>
<dataflow id="144" from="stg_124" to="c_i_mid2" fromId="124" toId="22">
</dataflow>
<dataflow id="145" from="c_i" to="c_i_mid2" fromId="17" toId="22">
</dataflow>
<dataflow id="146" from="r_i" to="r" fromId="16" toId="23">
</dataflow>
<dataflow id="148" from="stg_147" to="r" fromId="147" toId="23">
</dataflow>
<dataflow id="149" from="exitcond_i" to="r_i_mid2" fromId="21" toId="24">
</dataflow>
<dataflow id="150" from="r" to="r_i_mid2" fromId="23" toId="24">
</dataflow>
<dataflow id="151" from="r_i" to="r_i_mid2" fromId="16" toId="24">
</dataflow>
<dataflow id="152" from="r_i_mid2" to="tmp" fromId="24" toId="25">
</dataflow>
<dataflow id="154" from="_ssdm_op_BitConcatenate.i6.i3.i3" to="tmp_i" fromId="153" toId="26">
</dataflow>
<dataflow id="155" from="tmp" to="tmp_i" fromId="25" toId="26">
</dataflow>
<dataflow id="157" from="stg_156" to="tmp_i" fromId="156" toId="26">
</dataflow>
<dataflow id="158" from="c_i_mid2" to="c_i_cast6" fromId="22" toId="27">
</dataflow>
<dataflow id="159" from="c_i_cast6" to="sum_i" fromId="27" toId="28">
</dataflow>
<dataflow id="160" from="tmp_i" to="sum_i" fromId="26" toId="28">
</dataflow>
<dataflow id="161" from="sum_i" to="sum_i_cast" fromId="28" toId="29">
</dataflow>
<dataflow id="162" from="input_r" to="input_addr" fromId="104" toId="30">
</dataflow>
<dataflow id="164" from="stg_163" to="input_addr" fromId="163" toId="30">
</dataflow>
<dataflow id="165" from="sum_i_cast" to="input_addr" fromId="29" toId="30">
</dataflow>
<dataflow id="166" from="input_addr" to="input_load" fromId="30" toId="31">
</dataflow>
<dataflow id="167" from="c_i_mid2" to="c" fromId="22" toId="32">
</dataflow>
<dataflow id="168" from="stg_147" to="c" fromId="147" toId="32">
</dataflow>
<dataflow id="170" from="_ssdm_op_SpecLoopName" to="stg_33" fromId="169" toId="33">
</dataflow>
<dataflow id="172" from="str1" to="stg_33" fromId="171" toId="33">
</dataflow>
<dataflow id="174" from="_ssdm_op_SpecLoopTripCount" to="empty" fromId="173" toId="34">
</dataflow>
<dataflow id="176" from="stg_175" to="empty" fromId="175" toId="34">
</dataflow>
<dataflow id="177" from="stg_175" to="empty" fromId="175" toId="34">
</dataflow>
<dataflow id="178" from="stg_175" to="empty" fromId="175" toId="34">
</dataflow>
<dataflow id="179" from="c_i_mid2" to="c_i_cast5_cast" fromId="22" toId="35">
</dataflow>
<dataflow id="180" from="_ssdm_op_SpecLoopName" to="stg_36" fromId="169" toId="36">
</dataflow>
<dataflow id="182" from="p_str10" to="stg_36" fromId="181" toId="36">
</dataflow>
<dataflow id="184" from="_ssdm_op_SpecRegionBegin" to="tmp_9_i" fromId="183" toId="37">
</dataflow>
<dataflow id="185" from="p_str10" to="tmp_9_i" fromId="181" toId="37">
</dataflow>
<dataflow id="187" from="_ssdm_op_SpecPipeline" to="stg_38" fromId="186" toId="38">
</dataflow>
<dataflow id="188" from="stg_116" to="stg_38" fromId="116" toId="38">
</dataflow>
<dataflow id="189" from="stg_116" to="stg_38" fromId="116" toId="38">
</dataflow>
<dataflow id="190" from="stg_116" to="stg_38" fromId="116" toId="38">
</dataflow>
<dataflow id="192" from="p_str2" to="stg_38" fromId="191" toId="38">
</dataflow>
<dataflow id="193" from="input_addr" to="input_load" fromId="30" toId="39">
</dataflow>
<dataflow id="195" from="_ssdm_op_BitConcatenate.i7.i4.i3" to="tmp_1" fromId="194" toId="40">
</dataflow>
<dataflow id="196" from="r_i_mid2" to="tmp_1" fromId="24" toId="40">
</dataflow>
<dataflow id="197" from="stg_156" to="tmp_1" fromId="156" toId="40">
</dataflow>
<dataflow id="198" from="tmp_1" to="p_addr_cast" fromId="40" toId="41">
</dataflow>
<dataflow id="199" from="p_addr_cast" to="p_addr1" fromId="41" toId="42">
</dataflow>
<dataflow id="200" from="c_i_cast5_cast" to="p_addr1" fromId="35" toId="42">
</dataflow>
<dataflow id="201" from="p_addr1" to="p_addr1_cast" fromId="42" toId="43">
</dataflow>
<dataflow id="202" from="buf_2d_in" to="buf_2d_in_addr" fromId="12" toId="44">
</dataflow>
<dataflow id="203" from="stg_163" to="buf_2d_in_addr" fromId="163" toId="44">
</dataflow>
<dataflow id="204" from="p_addr1_cast" to="buf_2d_in_addr" fromId="43" toId="44">
</dataflow>
<dataflow id="205" from="input_load" to="stg_45" fromId="39" toId="45">
</dataflow>
<dataflow id="206" from="buf_2d_in_addr" to="stg_45" fromId="44" toId="45">
</dataflow>
<dataflow id="208" from="_ssdm_op_SpecRegionEnd" to="empty_15" fromId="207" toId="46">
</dataflow>
<dataflow id="209" from="p_str10" to="empty_15" fromId="181" toId="46">
</dataflow>
<dataflow id="210" from="tmp_9_i" to="empty_15" fromId="37" toId="46">
</dataflow>
<dataflow id="212" from="dct_2d" to="stg_48" fromId="211" toId="48">
</dataflow>
<dataflow id="213" from="buf_2d_in" to="stg_48" fromId="12" toId="48">
</dataflow>
<dataflow id="214" from="buf_2d_out" to="stg_48" fromId="13" toId="48">
</dataflow>
<dataflow id="215" from="dct_coeff_table" to="stg_48" fromId="106" toId="48">
</dataflow>
<dataflow id="216" from="dct_2d" to="stg_49" fromId="211" toId="49">
</dataflow>
<dataflow id="217" from="buf_2d_in" to="stg_49" fromId="12" toId="49">
</dataflow>
<dataflow id="218" from="buf_2d_out" to="stg_49" fromId="13" toId="49">
</dataflow>
<dataflow id="219" from="dct_coeff_table" to="stg_49" fromId="106" toId="49">
</dataflow>
<dataflow id="220" from="stg_119" to="indvar_flatten1" fromId="119" toId="51">
<condition id="81">
<or_exp><and_exp></and_exp></or_exp>
</condition>
</dataflow>
<dataflow id="221" from="stg_50" to="indvar_flatten1" fromId="50" toId="51">
</dataflow>
<dataflow id="222" from="indvar_flatten_next1" to="indvar_flatten1" fromId="55" toId="51">
<BackEdge/>
<condition id="82">
<or_exp><and_exp><literal name="exitcond_flatten1" val="0"/>
</and_exp></or_exp>
</condition>
</dataflow>
<dataflow id="223" from="stg_83" to="indvar_flatten1" fromId="83" toId="51">
<BackEdge/>
</dataflow>
<dataflow id="224" from="stg_124" to="r_i2" fromId="124" toId="52">
<condition id="83">
<or_exp><and_exp></and_exp></or_exp>
</condition>
</dataflow>
<dataflow id="225" from="stg_50" to="r_i2" fromId="50" toId="52">
</dataflow>
<dataflow id="226" from="r_i2_mid2" to="r_i2" fromId="60" toId="52">
<BackEdge/>
<condition id="84">
<or_exp><and_exp><literal name="exitcond_flatten1" val="0"/>
</and_exp></or_exp>
</condition>
</dataflow>
<dataflow id="227" from="stg_83" to="r_i2" fromId="83" toId="52">
<BackEdge/>
</dataflow>
<dataflow id="228" from="stg_124" to="c_i5" fromId="124" toId="53">
<condition id="85">
<or_exp><and_exp></and_exp></or_exp>
</condition>
</dataflow>
<dataflow id="229" from="stg_50" to="c_i5" fromId="50" toId="53">
</dataflow>
<dataflow id="230" from="c_1" to="c_i5" fromId="72" toId="53">
<BackEdge/>
<condition id="86">
<or_exp><and_exp><literal name="exitcond_flatten1" val="0"/>
</and_exp></or_exp>
</condition>
</dataflow>
<dataflow id="231" from="stg_83" to="c_i5" fromId="83" toId="53">
<BackEdge/>
</dataflow>
<dataflow id="232" from="indvar_flatten1" to="exitcond_flatten1" fromId="51" toId="54">
</dataflow>
<dataflow id="233" from="stg_134" to="exitcond_flatten1" fromId="134" toId="54">
</dataflow>
<dataflow id="234" from="indvar_flatten1" to="indvar_flatten_next1" fromId="51" toId="55">
</dataflow>
<dataflow id="235" from="stg_137" to="indvar_flatten_next1" fromId="137" toId="55">
</dataflow>
<dataflow id="236" from="exitcond_flatten1" to="stg_56" fromId="54" toId="56">
</dataflow>
<dataflow id="237" from="c_i5" to="exitcond_i1" fromId="53" toId="57">
</dataflow>
<dataflow id="238" from="stg_141" to="exitcond_i1" fromId="141" toId="57">
</dataflow>
<dataflow id="239" from="exitcond_i1" to="c_i5_mid2" fromId="57" toId="58">
</dataflow>
<dataflow id="240" from="stg_124" to="c_i5_mid2" fromId="124" toId="58">
</dataflow>
<dataflow id="241" from="c_i5" to="c_i5_mid2" fromId="53" toId="58">
</dataflow>
<dataflow id="242" from="r_i2" to="r_s" fromId="52" toId="59">
</dataflow>
<dataflow id="243" from="stg_147" to="r_s" fromId="147" toId="59">
</dataflow>
<dataflow id="244" from="exitcond_i1" to="r_i2_mid2" fromId="57" toId="60">
</dataflow>
<dataflow id="245" from="r_s" to="r_i2_mid2" fromId="59" toId="60">
</dataflow>
<dataflow id="246" from="r_i2" to="r_i2_mid2" fromId="52" toId="60">
</dataflow>
<dataflow id="247" from="r_i2_mid2" to="tmp_2" fromId="60" toId="61">
</dataflow>
<dataflow id="248" from="_ssdm_op_BitConcatenate.i6.i3.i3" to="tmp_i4" fromId="153" toId="62">
</dataflow>
<dataflow id="249" from="tmp_2" to="tmp_i4" fromId="61" toId="62">
</dataflow>
<dataflow id="250" from="stg_156" to="tmp_i4" fromId="156" toId="62">
</dataflow>
<dataflow id="251" from="c_i5_mid2" to="c_i5_cast2" fromId="58" toId="63">
</dataflow>
<dataflow id="252" from="c_i5_mid2" to="c_i5_cast1_cast" fromId="58" toId="64">
</dataflow>
<dataflow id="253" from="_ssdm_op_BitConcatenate.i7.i4.i3" to="tmp_3" fromId="194" toId="65">
</dataflow>
<dataflow id="254" from="r_i2_mid2" to="tmp_3" fromId="60" toId="65">
</dataflow>
<dataflow id="255" from="stg_156" to="tmp_3" fromId="156" toId="65">
</dataflow>
<dataflow id="256" from="tmp_3" to="p_addr2_cast" fromId="65" toId="66">
</dataflow>
<dataflow id="257" from="p_addr2_cast" to="p_addr3" fromId="66" toId="67">
</dataflow>
<dataflow id="258" from="c_i5_cast1_cast" to="p_addr3" fromId="64" toId="67">
</dataflow>
<dataflow id="259" from="p_addr3" to="p_addr3_cast" fromId="67" toId="68">
</dataflow>
<dataflow id="260" from="buf_2d_out" to="buf_2d_out_addr" fromId="13" toId="69">
</dataflow>
<dataflow id="261" from="stg_163" to="buf_2d_out_addr" fromId="163" toId="69">
</dataflow>
<dataflow id="262" from="p_addr3_cast" to="buf_2d_out_addr" fromId="68" toId="69">
</dataflow>
<dataflow id="263" from="buf_2d_out_addr" to="buf_2d_out_load" fromId="69" toId="70">
</dataflow>
<dataflow id="264" from="c_i5_cast2" to="sum3_i" fromId="63" toId="71">
</dataflow>
<dataflow id="265" from="tmp_i4" to="sum3_i" fromId="62" toId="71">
</dataflow>
<dataflow id="266" from="c_i5_mid2" to="c_1" fromId="58" toId="72">
</dataflow>
<dataflow id="267" from="stg_147" to="c_1" fromId="147" toId="72">
</dataflow>
<dataflow id="268" from="_ssdm_op_SpecLoopName" to="stg_73" fromId="169" toId="73">
</dataflow>
<dataflow id="270" from="str2" to="stg_73" fromId="269" toId="73">
</dataflow>
<dataflow id="271" from="_ssdm_op_SpecLoopTripCount" to="empty_16" fromId="173" toId="74">
</dataflow>
<dataflow id="272" from="stg_175" to="empty_16" fromId="175" toId="74">
</dataflow>
<dataflow id="273" from="stg_175" to="empty_16" fromId="175" toId="74">
</dataflow>
<dataflow id="274" from="stg_175" to="empty_16" fromId="175" toId="74">
</dataflow>
<dataflow id="275" from="_ssdm_op_SpecLoopName" to="stg_75" fromId="169" toId="75">
</dataflow>
<dataflow id="277" from="p_str12" to="stg_75" fromId="276" toId="75">
</dataflow>
<dataflow id="278" from="_ssdm_op_SpecRegionBegin" to="tmp_2_i" fromId="183" toId="76">
</dataflow>
<dataflow id="279" from="p_str12" to="tmp_2_i" fromId="276" toId="76">
</dataflow>
<dataflow id="280" from="_ssdm_op_SpecPipeline" to="stg_77" fromId="186" toId="77">
</dataflow>
<dataflow id="281" from="stg_116" to="stg_77" fromId="116" toId="77">
</dataflow>
<dataflow id="282" from="stg_116" to="stg_77" fromId="116" toId="77">
</dataflow>
<dataflow id="283" from="stg_116" to="stg_77" fromId="116" toId="77">
</dataflow>
<dataflow id="284" from="p_str2" to="stg_77" fromId="191" toId="77">
</dataflow>
<dataflow id="285" from="buf_2d_out_addr" to="buf_2d_out_load" fromId="69" toId="78">
</dataflow>
<dataflow id="286" from="sum3_i" to="sum3_i_cast" fromId="71" toId="79">
</dataflow>
<dataflow id="287" from="output_r" to="output_addr" fromId="105" toId="80">
</dataflow>
<dataflow id="288" from="stg_163" to="output_addr" fromId="163" toId="80">
</dataflow>
<dataflow id="289" from="sum3_i_cast" to="output_addr" fromId="79" toId="80">
</dataflow>
<dataflow id="290" from="buf_2d_out_load" to="stg_81" fromId="78" toId="81">
</dataflow>
<dataflow id="291" from="output_addr" to="stg_81" fromId="80" toId="81">
</dataflow>
<dataflow id="292" from="_ssdm_op_SpecRegionEnd" to="empty_17" fromId="207" toId="82">
</dataflow>
<dataflow id="293" from="p_str12" to="empty_17" fromId="276" toId="82">
</dataflow>
<dataflow id="294" from="tmp_2_i" to="empty_17" fromId="76" toId="82">
</dataflow>
<dataflow id="295" from="exitcond_flatten" to="stg_2" fromId="18" toId="2">
</dataflow>
<dataflow id="296" from="exitcond_flatten" to="stg_3" fromId="18" toId="3">
</dataflow>
<dataflow id="297" from="exitcond_flatten1" to="stg_6" fromId="54" toId="6">
</dataflow>
<dataflow id="298" from="exitcond_flatten1" to="stg_7" fromId="54" toId="7">
</dataflow>
</dataflows>


</stg>
