<stg><name>dct_1d</name>


<trans_list>

<trans id="62" from="1" to="2">
<condition id="21">
<or_exp><and_exp></and_exp></or_exp>
</condition>
</trans>

<trans id="63" from="2" to="3">
<condition id="23">
<or_exp><and_exp><literal name="exitcond1" val="0"/>
</and_exp></or_exp>
</condition>
</trans>

<trans id="72" from="3" to="4">
<condition id="34">
<or_exp><and_exp></and_exp></or_exp>
</condition>
</trans>

<trans id="73" from="4" to="5">
<condition id="35">
<or_exp><and_exp></and_exp></or_exp>
</condition>
</trans>

<trans id="74" from="5" to="6">
<condition id="36">
<or_exp><and_exp><literal name="exitcond" val="1"/>
</and_exp></or_exp>
</condition>
</trans>

<trans id="75" from="5" to="3">
<condition id="37">
<or_exp><and_exp><literal name="exitcond" val="0"/>
</and_exp></or_exp>
</condition>
</trans>

<trans id="70" from="6" to="2">
<condition id="33">
<or_exp><and_exp></and_exp></or_exp>
</condition>
</trans>
</trans_list>



<state_list>

<state id="1" st_id="1">

<operation id="7" st_id="1" stage="1" lat="1">
<core>NULL</core>
<MemPortIdVec></MemPortIdVec>
<condition id="13">
<or_exp><and_exp></and_exp></or_exp>
</condition>

<node id="6" bw="4" op_0_bw="4" op_1_bw="4">
<![CDATA[
:0  %i_21_read = call i4 @_ssdm_op_Read.ap_auto.i4(i4 %i_21)

]]></node>
<StgValue><ssdm name="i_21_read"/></StgValue>
</operation>

<operation id="8" st_id="1" stage="1" lat="1">
<core>NULL</core>
<MemPortIdVec></MemPortIdVec>
<condition id="13">
<or_exp><and_exp></and_exp></or_exp>
</condition>

<node id="7" bw="4" op_0_bw="4" op_1_bw="4">
<![CDATA[
:1  %i_2_read = call i4 @_ssdm_op_Read.ap_auto.i4(i4 %i_2)

]]></node>
<StgValue><ssdm name="i_2_read"/></StgValue>
</operation>

<operation id="9" st_id="1" stage="1" lat="1">
<core>NULL</core>
<MemPortIdVec></MemPortIdVec>
<condition id="13">
<or_exp><and_exp></and_exp></or_exp>
</condition>

<node id="8" bw="0" op_0_bw="0">
<![CDATA[
:2  br label %1

]]></node>
<StgValue><ssdm name=""/></StgValue>
</operation>
</state>

<state id="2" st_id="2">

<operation id="10" st_id="2" stage="1" lat="1">
<core>NULL</core>
<MemPortIdVec></MemPortIdVec>
<condition id="14">
<or_exp><and_exp></and_exp></or_exp>
</condition>

<node id="10" bw="4" op_0_bw="4" op_1_bw="0">
<![CDATA[
:0  %k = phi i4 [ 0, %0 ], [ %k_1, %5 ]

]]></node>
<StgValue><ssdm name="k"/></StgValue>
</operation>

<operation id="11" st_id="2" stage="1" lat="1">
<core>Cmp</core>
<MemPortIdVec></MemPortIdVec>
<condition id="14">
<or_exp><and_exp></and_exp></or_exp>
</condition>

<node id="11" bw="1" op_0_bw="4" op_1_bw="4">
<![CDATA[
:1  %exitcond1 = icmp eq i4 %k, -8

]]></node>
<StgValue><ssdm name="exitcond1"/></StgValue>
</operation>

<operation id="12" st_id="2" stage="1" lat="1">
<core>AddSub</core>
<MemPortIdVec></MemPortIdVec>
<condition id="14">
<or_exp><and_exp></and_exp></or_exp>
</condition>

<node id="12" bw="4" op_0_bw="4" op_1_bw="4">
<![CDATA[
:2  %k_1 = add i4 %k, 1

]]></node>
<StgValue><ssdm name="k_1"/></StgValue>
</operation>

<operation id="13" st_id="2" stage="1" lat="1">
<core>NULL</core>
<MemPortIdVec></MemPortIdVec>
<condition id="14">
<or_exp><and_exp></and_exp></or_exp>
</condition>

<node id="13" bw="0" op_0_bw="1" op_1_bw="0" op_2_bw="0">
<![CDATA[
:3  br i1 %exitcond1, label %6, label %2

]]></node>
<StgValue><ssdm name=""/></StgValue>
</operation>

<operation id="14" st_id="2" stage="1" lat="1">
<core>NULL</core>
<MemPortIdVec></MemPortIdVec>
<condition id="16">
<or_exp><and_exp><literal name="exitcond1" val="0"/>
</and_exp></or_exp>
</condition>

<node id="15" bw="8" op_0_bw="4">
<![CDATA[
:0  %k_cast2_cast = zext i4 %k to i8

]]></node>
<StgValue><ssdm name="k_cast2_cast"/></StgValue>
</operation>

<operation id="15" st_id="2" stage="1" lat="1">
<core>NULL</core>
<MemPortIdVec></MemPortIdVec>
<condition id="16">
<or_exp><and_exp><literal name="exitcond1" val="0"/>
</and_exp></or_exp>
</condition>

<node id="16" bw="32" op_0_bw="32" op_1_bw="64" op_2_bw="64" op_3_bw="64">
<![CDATA[
:1  %empty = call i32 (...)* @_ssdm_op_SpecLoopTripCount(i64 8, i64 8, i64 8)

]]></node>
<StgValue><ssdm name="empty"/></StgValue>
</operation>

<operation id="16" st_id="2" stage="1" lat="1">
<core>NULL</core>
<MemPortIdVec></MemPortIdVec>
<condition id="16">
<or_exp><and_exp><literal name="exitcond1" val="0"/>
</and_exp></or_exp>
</condition>

<node id="17" bw="0" op_0_bw="0" op_1_bw="8">
<![CDATA[
:2  call void (...)* @_ssdm_op_SpecLoopName([15 x i8]* @p_str) nounwind

]]></node>
<StgValue><ssdm name=""/></StgValue>
</operation>

<operation id="17" st_id="2" stage="1" lat="1">
<core>NULL</core>
<MemPortIdVec></MemPortIdVec>
<condition id="16">
<or_exp><and_exp><literal name="exitcond1" val="0"/>
</and_exp></or_exp>
</condition>

<node id="18" bw="32" op_0_bw="32" op_1_bw="8">
<![CDATA[
:3  %tmp_s = call i32 (...)* @_ssdm_op_SpecRegionBegin([15 x i8]* @p_str) nounwind

]]></node>
<StgValue><ssdm name="tmp_s"/></StgValue>
</operation>

<operation id="18" st_id="2" stage="1" lat="1">
<core>NULL</core>
<MemPortIdVec></MemPortIdVec>
<condition id="16">
<or_exp><and_exp><literal name="exitcond1" val="0"/>
</and_exp></or_exp>
</condition>

<node id="19" bw="0" op_0_bw="0">
<![CDATA[
:4  br label %3

]]></node>
<StgValue><ssdm name=""/></StgValue>
</operation>

<operation id="19" st_id="2" stage="1" lat="1">
<core>NULL</core>
<MemPortIdVec></MemPortIdVec>
<condition id="18">
<or_exp><and_exp><literal name="exitcond1" val="1"/>
</and_exp></or_exp>
</condition>

<node id="64" bw="0">
<![CDATA[
:0  ret void

]]></node>
<StgValue><ssdm name=""/></StgValue>
</operation>
</state>

<state id="3" st_id="3">

<operation id="20" st_id="3" stage="1" lat="1">
<core>NULL</core>
<MemPortIdVec></MemPortIdVec>
<condition id="-1">
<or_exp><and_exp></and_exp></or_exp>
</condition>

<node id="21" bw="4" op_0_bw="4" op_1_bw="0">
<![CDATA[
:0  %n = phi i4 [ 0, %2 ], [ %n_1, %4 ]

]]></node>
<StgValue><ssdm name="n"/></StgValue>
</operation>

<operation id="21" st_id="3" stage="1" lat="1">
<core>Cmp</core>
<MemPortIdVec></MemPortIdVec>
<condition id="-1">
<or_exp><and_exp></and_exp></or_exp>
</condition>

<node id="24" bw="1" op_0_bw="4" op_1_bw="4">
<![CDATA[
:3  %exitcond = icmp eq i4 %n, -8

]]></node>
<StgValue><ssdm name="exitcond"/></StgValue>
</operation>

<operation id="22" st_id="3" stage="1" lat="1">
<core>AddSub</core>
<MemPortIdVec></MemPortIdVec>
<condition id="-1">
<or_exp><and_exp></and_exp></or_exp>
</condition>

<node id="25" bw="4" op_0_bw="4" op_1_bw="4">
<![CDATA[
:4  %n_1 = add i4 %n, 1

]]></node>
<StgValue><ssdm name="n_1"/></StgValue>
</operation>

<operation id="23" st_id="3" stage="1" lat="1">
<core>NULL</core>
<MemPortIdVec></MemPortIdVec>
<condition id="0">
<or_exp><and_exp><literal name="exitcond" val="0"/>
</and_exp></or_exp>
</condition>

<node id="28" bw="8" op_0_bw="4">
<![CDATA[
:0  %n_cast1_cast = zext i4 %n to i8

]]></node>
<StgValue><ssdm name="n_cast1_cast"/></StgValue>
</operation>

<operation id="24" st_id="3" stage="1" lat="1">
<core>NULL</core>
<MemPortIdVec></MemPortIdVec>
<condition id="0">
<or_exp><and_exp><literal name="exitcond" val="0"/>
</and_exp></or_exp>
</condition>

<node id="33" bw="7" op_0_bw="7" op_1_bw="4" op_2_bw="3">
<![CDATA[
:5  %tmp_2 = call i7 @_ssdm_op_BitConcatenate.i7.i4.i3(i4 %k, i3 0)

]]></node>
<StgValue><ssdm name="tmp_2"/></StgValue>
</operation>

<operation id="25" st_id="3" stage="1" lat="1">
<core>NULL</core>
<MemPortIdVec></MemPortIdVec>
<condition id="0">
<or_exp><and_exp><literal name="exitcond" val="0"/>
</and_exp></or_exp>
</condition>

<node id="34" bw="8" op_0_bw="7">
<![CDATA[
:6  %dct_coeff_table_addr4_cast = zext i7 %tmp_2 to i8

]]></node>
<StgValue><ssdm name="dct_coeff_table_addr4_cast"/></StgValue>
</operation>

<operation id="26" st_id="3" stage="1" lat="1">
<core>AddSub</core>
<MemPortIdVec></MemPortIdVec>
<condition id="0">
<or_exp><and_exp><literal name="exitcond" val="0"/>
</and_exp></or_exp>
</condition>

<node id="35" bw="8" op_0_bw="8" op_1_bw="8">
<![CDATA[
:7  %dct_coeff_table_addr5 = add i8 %dct_coeff_table_addr4_cast, %n_cast1_cast

]]></node>
<StgValue><ssdm name="dct_coeff_table_addr5"/></StgValue>
</operation>

<operation id="27" st_id="3" stage="1" lat="1">
<core>NULL</core>
<MemPortIdVec></MemPortIdVec>
<condition id="0">
<or_exp><and_exp><literal name="exitcond" val="0"/>
</and_exp></or_exp>
</condition>

<node id="36" bw="32" op_0_bw="8">
<![CDATA[
:8  %dct_coeff_table_addr5_cast = zext i8 %dct_coeff_table_addr5 to i32

]]></node>
<StgValue><ssdm name="dct_coeff_table_addr5_cast"/></StgValue>
</operation>

<operation id="28" st_id="3" stage="1" lat="1">
<core>NULL</core>
<MemPortIdVec></MemPortIdVec>
<condition id="0">
<or_exp><and_exp><literal name="exitcond" val="0"/>
</and_exp></or_exp>
</condition>

<node id="37" bw="6" op_0_bw="15" op_1_bw="32" op_2_bw="32">
<![CDATA[
:9  %dct_coeff_table_addr = getelementptr [64 x i15]* @dct_coeff_table, i32 0, i32 %dct_coeff_table_addr5_cast

]]></node>
<StgValue><ssdm name="dct_coeff_table_addr"/></StgValue>
</operation>

<operation id="29" st_id="3" stage="2" lat="2">
<core>ROM_nP</core>
<MemPortIdVec>0 </MemPortIdVec>
<condition id="0">
<or_exp><and_exp><literal name="exitcond" val="0"/>
</and_exp></or_exp>
</condition>

<node id="38" bw="15" op_0_bw="6">
<![CDATA[
:10  %dct_coeff_table_load = load i15* %dct_coeff_table_addr, align 2

]]></node>
<StgValue><ssdm name="dct_coeff_table_load"/></StgValue>
</operation>

<operation id="30" st_id="3" stage="1" lat="1">
<core>NULL</core>
<MemPortIdVec></MemPortIdVec>
<condition id="0">
<or_exp><and_exp><literal name="exitcond" val="0"/>
</and_exp></or_exp>
</condition>

<node id="40" bw="7" op_0_bw="7" op_1_bw="4" op_2_bw="3">
<![CDATA[
:12  %tmp_8 = call i7 @_ssdm_op_BitConcatenate.i7.i4.i3(i4 %i_2_read, i3 0)

]]></node>
<StgValue><ssdm name="tmp_8"/></StgValue>
</operation>

<operation id="31" st_id="3" stage="1" lat="1">
<core>NULL</core>
<MemPortIdVec></MemPortIdVec>
<condition id="0">
<or_exp><and_exp><literal name="exitcond" val="0"/>
</and_exp></or_exp>
</condition>

<node id="41" bw="8" op_0_bw="7">
<![CDATA[
:13  %p_addr_cast = zext i7 %tmp_8 to i8

]]></node>
<StgValue><ssdm name="p_addr_cast"/></StgValue>
</operation>

<operation id="32" st_id="3" stage="1" lat="1">
<core>AddSub</core>
<MemPortIdVec></MemPortIdVec>
<condition id="0">
<or_exp><and_exp><literal name="exitcond" val="0"/>
</and_exp></or_exp>
</condition>

<node id="42" bw="8" op_0_bw="8" op_1_bw="8">
<![CDATA[
:14  %p_addr1 = add i8 %p_addr_cast, %n_cast1_cast

]]></node>
<StgValue><ssdm name="p_addr1"/></StgValue>
</operation>

<operation id="33" st_id="3" stage="1" lat="1">
<core>NULL</core>
<MemPortIdVec></MemPortIdVec>
<condition id="0">
<or_exp><and_exp><literal name="exitcond" val="0"/>
</and_exp></or_exp>
</condition>

<node id="43" bw="32" op_0_bw="8">
<![CDATA[
:15  %p_addr1_cast = zext i8 %p_addr1 to i32

]]></node>
<StgValue><ssdm name="p_addr1_cast"/></StgValue>
</operation>

<operation id="34" st_id="3" stage="1" lat="1">
<core>NULL</core>
<MemPortIdVec></MemPortIdVec>
<condition id="0">
<or_exp><and_exp><literal name="exitcond" val="0"/>
</and_exp></or_exp>
</condition>

<node id="44" bw="6" op_0_bw="16" op_1_bw="32" op_2_bw="32">
<![CDATA[
:16  %src_addr = getelementptr [64 x i16]* %src, i32 0, i32 %p_addr1_cast

]]></node>
<StgValue><ssdm name="src_addr"/></StgValue>
</operation>

<operation id="35" st_id="3" stage="2" lat="2">
<core>RAM</core>
<MemPortIdVec>0 </MemPortIdVec>
<condition id="0">
<or_exp><and_exp><literal name="exitcond" val="0"/>
</and_exp></or_exp>
</condition>

<node id="45" bw="16" op_0_bw="6">
<![CDATA[
:17  %src_load = load i16* %src_addr, align 2

]]></node>
<StgValue><ssdm name="src_load"/></StgValue>
</operation>
</state>

<state id="4" st_id="4">

<operation id="36" st_id="4" stage="1" lat="2">
<core>ROM_nP</core>
<MemPortIdVec>0 </MemPortIdVec>
<condition id="0">
<or_exp><and_exp><literal name="exitcond" val="0"/>
</and_exp></or_exp>
</condition>

<node id="38" bw="15" op_0_bw="6">
<![CDATA[
:10  %dct_coeff_table_load = load i15* %dct_coeff_table_addr, align 2

]]></node>
<StgValue><ssdm name="dct_coeff_table_load"/></StgValue>
</operation>

<operation id="37" st_id="4" stage="1" lat="2">
<core>RAM</core>
<MemPortIdVec>0 </MemPortIdVec>
<condition id="0">
<or_exp><and_exp><literal name="exitcond" val="0"/>
</and_exp></or_exp>
</condition>

<node id="45" bw="16" op_0_bw="6">
<![CDATA[
:17  %src_load = load i16* %src_addr, align 2

]]></node>
<StgValue><ssdm name="src_load"/></StgValue>
</operation>
</state>

<state id="5" st_id="5">

<operation id="38" st_id="5" stage="1" lat="1">
<core>NULL</core>
<MemPortIdVec></MemPortIdVec>
<condition id="-1">
<or_exp><and_exp></and_exp></or_exp>
</condition>

<node id="22" bw="32" op_0_bw="32" op_1_bw="0">
<![CDATA[
:1  %tmp = phi i32 [ 0, %2 ], [ %tmp_4, %4 ]

]]></node>
<StgValue><ssdm name="tmp"/></StgValue>
</operation>

<operation id="39" st_id="5" stage="1" lat="1">
<core>NULL</core>
<MemPortIdVec></MemPortIdVec>
<condition id="-1">
<or_exp><and_exp></and_exp></or_exp>
</condition>

<node id="23" bw="29" op_0_bw="32">
<![CDATA[
:2  %tmp_5 = trunc i32 %tmp to i29

]]></node>
<StgValue><ssdm name="tmp_5"/></StgValue>
</operation>

<operation id="40" st_id="5" stage="1" lat="1">
<core>NULL</core>
<MemPortIdVec></MemPortIdVec>
<condition id="-1">
<or_exp><and_exp></and_exp></or_exp>
</condition>

<node id="26" bw="0" op_0_bw="1" op_1_bw="0" op_2_bw="0">
<![CDATA[
:5  br i1 %exitcond, label %5, label %4

]]></node>
<StgValue><ssdm name=""/></StgValue>
</operation>

<operation id="41" st_id="5" stage="1" lat="1">
<core>NULL</core>
<MemPortIdVec></MemPortIdVec>
<condition id="0">
<or_exp><and_exp><literal name="exitcond" val="0"/>
</and_exp></or_exp>
</condition>

<node id="29" bw="32" op_0_bw="32" op_1_bw="64" op_2_bw="64" op_3_bw="64">
<![CDATA[
:1  %empty_23 = call i32 (...)* @_ssdm_op_SpecLoopTripCount(i64 8, i64 8, i64 8)

]]></node>
<StgValue><ssdm name="empty_23"/></StgValue>
</operation>

<operation id="42" st_id="5" stage="1" lat="1">
<core>NULL</core>
<MemPortIdVec></MemPortIdVec>
<condition id="0">
<or_exp><and_exp><literal name="exitcond" val="0"/>
</and_exp></or_exp>
</condition>

<node id="30" bw="0" op_0_bw="0" op_1_bw="8">
<![CDATA[
:2  call void (...)* @_ssdm_op_SpecLoopName([15 x i8]* @p_str1) nounwind

]]></node>
<StgValue><ssdm name=""/></StgValue>
</operation>

<operation id="43" st_id="5" stage="1" lat="1">
<core>NULL</core>
<MemPortIdVec></MemPortIdVec>
<condition id="0">
<or_exp><and_exp><literal name="exitcond" val="0"/>
</and_exp></or_exp>
</condition>

<node id="31" bw="32" op_0_bw="32" op_1_bw="8">
<![CDATA[
:3  %tmp_7 = call i32 (...)* @_ssdm_op_SpecRegionBegin([15 x i8]* @p_str1) nounwind

]]></node>
<StgValue><ssdm name="tmp_7"/></StgValue>
</operation>

<operation id="44" st_id="5" stage="1" lat="1">
<core>NULL</core>
<MemPortIdVec></MemPortIdVec>
<condition id="0">
<or_exp><and_exp><literal name="exitcond" val="0"/>
</and_exp></or_exp>
</condition>

<node id="32" bw="0" op_0_bw="0" op_1_bw="32" op_2_bw="32" op_3_bw="32" op_4_bw="8">
<![CDATA[
:4  call void (...)* @_ssdm_op_SpecPipeline(i32 1, i32 1, i32 1, [1 x i8]* @p_str2) nounwind

]]></node>
<StgValue><ssdm name=""/></StgValue>
</operation>

<operation id="45" st_id="5" stage="1" lat="1">
<core>NULL</core>
<MemPortIdVec></MemPortIdVec>
<condition id="0">
<or_exp><and_exp><literal name="exitcond" val="0"/>
</and_exp></or_exp>
</condition>

<node id="39" bw="31" op_0_bw="15">
<![CDATA[
:11  %coeff_cast = sext i15 %dct_coeff_table_load to i31

]]></node>
<StgValue><ssdm name="coeff_cast"/></StgValue>
</operation>

<operation id="46" st_id="5" stage="1" lat="1">
<core>NULL</core>
<MemPortIdVec></MemPortIdVec>
<condition id="0">
<or_exp><and_exp><literal name="exitcond" val="0"/>
</and_exp></or_exp>
</condition>

<node id="46" bw="31" op_0_bw="16">
<![CDATA[
:18  %tmp_5_cast = sext i16 %src_load to i31

]]></node>
<StgValue><ssdm name="tmp_5_cast"/></StgValue>
</operation>

<operation id="47" st_id="5" stage="1" lat="1">
<core>Mul</core>
<MemPortIdVec></MemPortIdVec>
<condition id="0">
<or_exp><and_exp><literal name="exitcond" val="0"/>
</and_exp></or_exp>
</condition>

<node id="47" bw="31" op_0_bw="31" op_1_bw="31">
<![CDATA[
:19  %tmp_6 = mul i31 %tmp_5_cast, %coeff_cast

]]></node>
<StgValue><ssdm name="tmp_6"/></StgValue>
</operation>

<operation id="48" st_id="5" stage="1" lat="1">
<core>NULL</core>
<MemPortIdVec></MemPortIdVec>
<condition id="0">
<or_exp><and_exp><literal name="exitcond" val="0"/>
</and_exp></or_exp>
</condition>

<node id="48" bw="32" op_0_bw="31">
<![CDATA[
:20  %tmp_6_cast = sext i31 %tmp_6 to i32

]]></node>
<StgValue><ssdm name="tmp_6_cast"/></StgValue>
</operation>

<operation id="49" st_id="5" stage="1" lat="1">
<core>AddSub</core>
<MemPortIdVec></MemPortIdVec>
<condition id="0">
<or_exp><and_exp><literal name="exitcond" val="0"/>
</and_exp></or_exp>
</condition>

<node id="49" bw="32" op_0_bw="32" op_1_bw="32">
<![CDATA[
:21  %tmp_4 = add nsw i32 %tmp_6_cast, %tmp

]]></node>
<StgValue><ssdm name="tmp_4"/></StgValue>
</operation>

<operation id="50" st_id="5" stage="1" lat="1">
<core>NULL</core>
<MemPortIdVec></MemPortIdVec>
<condition id="0">
<or_exp><and_exp><literal name="exitcond" val="0"/>
</and_exp></or_exp>
</condition>

<node id="50" bw="32" op_0_bw="32" op_1_bw="8" op_2_bw="32">
<![CDATA[
:22  %empty_24 = call i32 (...)* @_ssdm_op_SpecRegionEnd([15 x i8]* @p_str1, i32 %tmp_7) nounwind

]]></node>
<StgValue><ssdm name="empty_24"/></StgValue>
</operation>

<operation id="51" st_id="5" stage="1" lat="1">
<core>NULL</core>
<MemPortIdVec></MemPortIdVec>
<condition id="0">
<or_exp><and_exp><literal name="exitcond" val="0"/>
</and_exp></or_exp>
</condition>

<node id="51" bw="0" op_0_bw="0">
<![CDATA[
:23  br label %3

]]></node>
<StgValue><ssdm name=""/></StgValue>
</operation>
</state>

<state id="6" st_id="6">

<operation id="52" st_id="6" stage="1" lat="1">
<core>AddSub</core>
<MemPortIdVec></MemPortIdVec>
<condition id="19">
<or_exp><and_exp></and_exp></or_exp>
</condition>

<node id="53" bw="29" op_0_bw="29" op_1_bw="29">
<![CDATA[
:0  %tmp_1 = add i29 %tmp_5, 4096

]]></node>
<StgValue><ssdm name="tmp_1"/></StgValue>
</operation>

<operation id="53" st_id="6" stage="1" lat="1">
<core>NULL</core>
<MemPortIdVec></MemPortIdVec>
<condition id="19">
<or_exp><and_exp></and_exp></or_exp>
</condition>

<node id="54" bw="16" op_0_bw="16" op_1_bw="29" op_2_bw="32" op_3_bw="32">
<![CDATA[
:1  %tmp_3 = call i16 @_ssdm_op_PartSelect.i16.i29.i32.i32(i29 %tmp_1, i32 13, i32 28)

]]></node>
<StgValue><ssdm name="tmp_3"/></StgValue>
</operation>

<operation id="54" st_id="6" stage="1" lat="1">
<core>NULL</core>
<MemPortIdVec></MemPortIdVec>
<condition id="19">
<or_exp><and_exp></and_exp></or_exp>
</condition>

<node id="55" bw="7" op_0_bw="7" op_1_bw="4" op_2_bw="3">
<![CDATA[
:2  %tmp_9 = call i7 @_ssdm_op_BitConcatenate.i7.i4.i3(i4 %i_21_read, i3 0)

]]></node>
<StgValue><ssdm name="tmp_9"/></StgValue>
</operation>

<operation id="55" st_id="6" stage="1" lat="1">
<core>NULL</core>
<MemPortIdVec></MemPortIdVec>
<condition id="19">
<or_exp><and_exp></and_exp></or_exp>
</condition>

<node id="56" bw="8" op_0_bw="7">
<![CDATA[
:3  %p_addr2_cast = zext i7 %tmp_9 to i8

]]></node>
<StgValue><ssdm name="p_addr2_cast"/></StgValue>
</operation>

<operation id="56" st_id="6" stage="1" lat="1">
<core>AddSub</core>
<MemPortIdVec></MemPortIdVec>
<condition id="19">
<or_exp><and_exp></and_exp></or_exp>
</condition>

<node id="57" bw="8" op_0_bw="8" op_1_bw="8">
<![CDATA[
:4  %p_addr3 = add i8 %p_addr2_cast, %k_cast2_cast

]]></node>
<StgValue><ssdm name="p_addr3"/></StgValue>
</operation>

<operation id="57" st_id="6" stage="1" lat="1">
<core>NULL</core>
<MemPortIdVec></MemPortIdVec>
<condition id="19">
<or_exp><and_exp></and_exp></or_exp>
</condition>

<node id="58" bw="32" op_0_bw="8">
<![CDATA[
:5  %p_addr3_cast = zext i8 %p_addr3 to i32

]]></node>
<StgValue><ssdm name="p_addr3_cast"/></StgValue>
</operation>

<operation id="58" st_id="6" stage="1" lat="1">
<core>NULL</core>
<MemPortIdVec></MemPortIdVec>
<condition id="19">
<or_exp><and_exp></and_exp></or_exp>
</condition>

<node id="59" bw="6" op_0_bw="16" op_1_bw="32" op_2_bw="32">
<![CDATA[
:6  %dst_addr = getelementptr [64 x i16]* %dst, i32 0, i32 %p_addr3_cast

]]></node>
<StgValue><ssdm name="dst_addr"/></StgValue>
</operation>

<operation id="59" st_id="6" stage="1" lat="1">
<core>RAM</core>
<MemPortIdVec>0 </MemPortIdVec>
<condition id="19">
<or_exp><and_exp></and_exp></or_exp>
</condition>

<node id="60" bw="0" op_0_bw="16" op_1_bw="6">
<![CDATA[
:7  store i16 %tmp_3, i16* %dst_addr, align 2

]]></node>
<StgValue><ssdm name=""/></StgValue>
</operation>

<operation id="60" st_id="6" stage="1" lat="1">
<core>NULL</core>
<MemPortIdVec></MemPortIdVec>
<condition id="19">
<or_exp><and_exp></and_exp></or_exp>
</condition>

<node id="61" bw="32" op_0_bw="32" op_1_bw="8" op_2_bw="32">
<![CDATA[
:8  %empty_25 = call i32 (...)* @_ssdm_op_SpecRegionEnd([15 x i8]* @p_str, i32 %tmp_s) nounwind

]]></node>
<StgValue><ssdm name="empty_25"/></StgValue>
</operation>

<operation id="61" st_id="6" stage="1" lat="1">
<core>NULL</core>
<MemPortIdVec></MemPortIdVec>
<condition id="19">
<or_exp><and_exp></and_exp></or_exp>
</condition>

<node id="62" bw="0" op_0_bw="0">
<![CDATA[
:9  br label %1

]]></node>
<StgValue><ssdm name=""/></StgValue>
</operation>
</state>
</state_list>


<ports>
<port id="76" name="src" dir="0" iftype="1">
<core>RAM</core><StgValue><ssdm name="src"/><MemPortTyVec>1 3 </MemPortTyVec>
</StgValue>
</port>
<port id="77" name="i_2" dir="0" iftype="0">
<core>NULL</core><StgValue><ssdm name="i_2"/></StgValue>
</port>
<port id="78" name="dst" dir="1" iftype="1">
<core>RAM</core><StgValue><ssdm name="dst"/><MemPortTyVec>0 3 </MemPortTyVec>
</StgValue>
</port>
<port id="79" name="i_21" dir="0" iftype="0">
<core>NULL</core><StgValue><ssdm name="i_21"/></StgValue>
</port>
<port id="80" name="dct_coeff_table" dir="0" iftype="1">
<core>ROM_nP</core><StgValue><ssdm name="dct_coeff_table"/><MemPortTyVec>1 </MemPortTyVec>
</StgValue>
</port>
</ports>


<dataflows>
<dataflow id="82" from="_ssdm_op_Read.ap_auto.i4" to="i_21_read" fromId="81" toId="7">
</dataflow>
<dataflow id="83" from="i_21" to="i_21_read" fromId="79" toId="7">
</dataflow>
<dataflow id="84" from="_ssdm_op_Read.ap_auto.i4" to="i_2_read" fromId="81" toId="8">
</dataflow>
<dataflow id="85" from="i_2" to="i_2_read" fromId="77" toId="8">
</dataflow>
<dataflow id="87" from="stg_86" to="k" fromId="86" toId="10">
<condition id="44">
<or_exp><and_exp></and_exp></or_exp>
</condition>
</dataflow>
<dataflow id="88" from="stg_9" to="k" fromId="9" toId="10">
</dataflow>
<dataflow id="89" from="k_1" to="k" fromId="12" toId="10">
<BackEdge/>
<condition id="45">
<or_exp><and_exp></and_exp></or_exp>
</condition>
</dataflow>
<dataflow id="90" from="stg_61" to="k" fromId="61" toId="10">
<BackEdge/>
</dataflow>
<dataflow id="91" from="k" to="exitcond1" fromId="10" toId="11">
</dataflow>
<dataflow id="93" from="stg_92" to="exitcond1" fromId="92" toId="11">
</dataflow>
<dataflow id="94" from="k" to="k_1" fromId="10" toId="12">
</dataflow>
<dataflow id="96" from="stg_95" to="k_1" fromId="95" toId="12">
</dataflow>
<dataflow id="97" from="exitcond1" to="stg_13" fromId="11" toId="13">
</dataflow>
<dataflow id="98" from="k" to="k_cast2_cast" fromId="10" toId="14">
</dataflow>
<dataflow id="100" from="_ssdm_op_SpecLoopTripCount" to="empty" fromId="99" toId="15">
</dataflow>
<dataflow id="102" from="stg_101" to="empty" fromId="101" toId="15">
</dataflow>
<dataflow id="103" from="stg_101" to="empty" fromId="101" toId="15">
</dataflow>
<dataflow id="104" from="stg_101" to="empty" fromId="101" toId="15">
</dataflow>
<dataflow id="106" from="_ssdm_op_SpecLoopName" to="stg_16" fromId="105" toId="16">
</dataflow>
<dataflow id="108" from="p_str" to="stg_16" fromId="107" toId="16">
</dataflow>
<dataflow id="110" from="_ssdm_op_SpecRegionBegin" to="tmp_s" fromId="109" toId="17">
</dataflow>
<dataflow id="111" from="p_str" to="tmp_s" fromId="107" toId="17">
</dataflow>
<dataflow id="112" from="stg_86" to="n" fromId="86" toId="20">
<condition id="46">
<or_exp><and_exp><literal name="exitcond1" val="0"/>
</and_exp></or_exp>
</condition>
</dataflow>
<dataflow id="113" from="stg_18" to="n" fromId="18" toId="20">
</dataflow>
<dataflow id="114" from="n_1" to="n" fromId="22" toId="20">
<BackEdge/>
<condition id="47">
<or_exp><and_exp><literal name="exitcond" val="0"/>
</and_exp></or_exp>
</condition>
</dataflow>
<dataflow id="115" from="stg_51" to="n" fromId="51" toId="20">
<BackEdge/>
</dataflow>
<dataflow id="116" from="n" to="exitcond" fromId="20" toId="21">
</dataflow>
<dataflow id="117" from="stg_92" to="exitcond" fromId="92" toId="21">
</dataflow>
<dataflow id="118" from="n" to="n_1" fromId="20" toId="22">
</dataflow>
<dataflow id="119" from="stg_95" to="n_1" fromId="95" toId="22">
</dataflow>
<dataflow id="120" from="n" to="n_cast1_cast" fromId="20" toId="23">
</dataflow>
<dataflow id="122" from="_ssdm_op_BitConcatenate.i7.i4.i3" to="tmp_2" fromId="121" toId="24">
</dataflow>
<dataflow id="123" from="k" to="tmp_2" fromId="10" toId="24">
</dataflow>
<dataflow id="125" from="stg_124" to="tmp_2" fromId="124" toId="24">
</dataflow>
<dataflow id="126" from="tmp_2" to="dct_coeff_table_addr4_cast" fromId="24" toId="25">
</dataflow>
<dataflow id="127" from="dct_coeff_table_addr4_cast" to="dct_coeff_table_addr5" fromId="25" toId="26">
</dataflow>
<dataflow id="128" from="n_cast1_cast" to="dct_coeff_table_addr5" fromId="23" toId="26">
</dataflow>
<dataflow id="129" from="dct_coeff_table_addr5" to="dct_coeff_table_addr5_cast" fromId="26" toId="27">
</dataflow>
<dataflow id="130" from="dct_coeff_table" to="dct_coeff_table_addr" fromId="80" toId="28">
</dataflow>
<dataflow id="132" from="stg_131" to="dct_coeff_table_addr" fromId="131" toId="28">
</dataflow>
<dataflow id="133" from="dct_coeff_table_addr5_cast" to="dct_coeff_table_addr" fromId="27" toId="28">
</dataflow>
<dataflow id="134" from="dct_coeff_table_addr" to="dct_coeff_table_load" fromId="28" toId="29">
</dataflow>
<dataflow id="135" from="_ssdm_op_BitConcatenate.i7.i4.i3" to="tmp_8" fromId="121" toId="30">
</dataflow>
<dataflow id="136" from="i_2_read" to="tmp_8" fromId="8" toId="30">
</dataflow>
<dataflow id="137" from="stg_124" to="tmp_8" fromId="124" toId="30">
</dataflow>
<dataflow id="138" from="tmp_8" to="p_addr_cast" fromId="30" toId="31">
</dataflow>
<dataflow id="139" from="p_addr_cast" to="p_addr1" fromId="31" toId="32">
</dataflow>
<dataflow id="140" from="n_cast1_cast" to="p_addr1" fromId="23" toId="32">
</dataflow>
<dataflow id="141" from="p_addr1" to="p_addr1_cast" fromId="32" toId="33">
</dataflow>
<dataflow id="142" from="src" to="src_addr" fromId="76" toId="34">
</dataflow>
<dataflow id="143" from="stg_131" to="src_addr" fromId="131" toId="34">
</dataflow>
<dataflow id="144" from="p_addr1_cast" to="src_addr" fromId="33" toId="34">
</dataflow>
<dataflow id="145" from="src_addr" to="src_load" fromId="34" toId="35">
</dataflow>
<dataflow id="146" from="dct_coeff_table_addr" to="dct_coeff_table_load" fromId="28" toId="36">
</dataflow>
<dataflow id="147" from="src_addr" to="src_load" fromId="34" toId="37">
</dataflow>
<dataflow id="148" from="stg_131" to="tmp" fromId="131" toId="38">
<condition id="48">
<or_exp><and_exp><literal name="exitcond1" val="0"/>
</and_exp></or_exp>
</condition>
</dataflow>
<dataflow id="149" from="stg_18" to="tmp" fromId="18" toId="38">
</dataflow>
<dataflow id="150" from="tmp_4" to="tmp" fromId="49" toId="38">
<BackEdge/>
<condition id="49">
<or_exp><and_exp><literal name="exitcond" val="0"/>
</and_exp></or_exp>
</condition>
</dataflow>
<dataflow id="151" from="stg_51" to="tmp" fromId="51" toId="38">
<BackEdge/>
</dataflow>
<dataflow id="152" from="tmp" to="tmp_5" fromId="38" toId="39">
</dataflow>
<dataflow id="153" from="exitcond" to="stg_40" fromId="21" toId="40">
</dataflow>
<dataflow id="154" from="_ssdm_op_SpecLoopTripCount" to="empty_23" fromId="99" toId="41">
</dataflow>
<dataflow id="155" from="stg_101" to="empty_23" fromId="101" toId="41">
</dataflow>
<dataflow id="156" from="stg_101" to="empty_23" fromId="101" toId="41">
</dataflow>
<dataflow id="157" from="stg_101" to="empty_23" fromId="101" toId="41">
</dataflow>
<dataflow id="158" from="_ssdm_op_SpecLoopName" to="stg_42" fromId="105" toId="42">
</dataflow>
<dataflow id="160" from="p_str1" to="stg_42" fromId="159" toId="42">
</dataflow>
<dataflow id="161" from="_ssdm_op_SpecRegionBegin" to="tmp_7" fromId="109" toId="43">
</dataflow>
<dataflow id="162" from="p_str1" to="tmp_7" fromId="159" toId="43">
</dataflow>
<dataflow id="164" from="_ssdm_op_SpecPipeline" to="stg_44" fromId="163" toId="44">
</dataflow>
<dataflow id="166" from="stg_165" to="stg_44" fromId="165" toId="44">
</dataflow>
<dataflow id="167" from="stg_165" to="stg_44" fromId="165" toId="44">
</dataflow>
<dataflow id="168" from="stg_165" to="stg_44" fromId="165" toId="44">
</dataflow>
<dataflow id="170" from="p_str2" to="stg_44" fromId="169" toId="44">
</dataflow>
<dataflow id="171" from="dct_coeff_table_load" to="coeff_cast" fromId="36" toId="45">
</dataflow>
<dataflow id="172" from="src_load" to="tmp_5_cast" fromId="37" toId="46">
</dataflow>
<dataflow id="173" from="tmp_5_cast" to="tmp_6" fromId="46" toId="47">
</dataflow>
<dataflow id="174" from="coeff_cast" to="tmp_6" fromId="45" toId="47">
</dataflow>
<dataflow id="175" from="tmp_6" to="tmp_6_cast" fromId="47" toId="48">
</dataflow>
<dataflow id="176" from="tmp_6_cast" to="tmp_4" fromId="48" toId="49">
</dataflow>
<dataflow id="177" from="tmp" to="tmp_4" fromId="38" toId="49">
</dataflow>
<dataflow id="179" from="_ssdm_op_SpecRegionEnd" to="empty_24" fromId="178" toId="50">
</dataflow>
<dataflow id="180" from="p_str1" to="empty_24" fromId="159" toId="50">
</dataflow>
<dataflow id="181" from="tmp_7" to="empty_24" fromId="43" toId="50">
</dataflow>
<dataflow id="182" from="tmp_5" to="tmp_1" fromId="39" toId="52">
</dataflow>
<dataflow id="184" from="stg_183" to="tmp_1" fromId="183" toId="52">
</dataflow>
<dataflow id="186" from="_ssdm_op_PartSelect.i16.i29.i32.i32" to="tmp_3" fromId="185" toId="53">
</dataflow>
<dataflow id="187" from="tmp_1" to="tmp_3" fromId="52" toId="53">
</dataflow>
<dataflow id="189" from="stg_188" to="tmp_3" fromId="188" toId="53">
</dataflow>
<dataflow id="191" from="stg_190" to="tmp_3" fromId="190" toId="53">
</dataflow>
<dataflow id="192" from="_ssdm_op_BitConcatenate.i7.i4.i3" to="tmp_9" fromId="121" toId="54">
</dataflow>
<dataflow id="193" from="i_21_read" to="tmp_9" fromId="7" toId="54">
</dataflow>
<dataflow id="194" from="stg_124" to="tmp_9" fromId="124" toId="54">
</dataflow>
<dataflow id="195" from="tmp_9" to="p_addr2_cast" fromId="54" toId="55">
</dataflow>
<dataflow id="196" from="p_addr2_cast" to="p_addr3" fromId="55" toId="56">
</dataflow>
<dataflow id="197" from="k_cast2_cast" to="p_addr3" fromId="14" toId="56">
</dataflow>
<dataflow id="198" from="p_addr3" to="p_addr3_cast" fromId="56" toId="57">
</dataflow>
<dataflow id="199" from="dst" to="dst_addr" fromId="78" toId="58">
</dataflow>
<dataflow id="200" from="stg_131" to="dst_addr" fromId="131" toId="58">
</dataflow>
<dataflow id="201" from="p_addr3_cast" to="dst_addr" fromId="57" toId="58">
</dataflow>
<dataflow id="202" from="tmp_3" to="stg_59" fromId="53" toId="59">
</dataflow>
<dataflow id="203" from="dst_addr" to="stg_59" fromId="58" toId="59">
</dataflow>
<dataflow id="204" from="_ssdm_op_SpecRegionEnd" to="empty_25" fromId="178" toId="60">
</dataflow>
<dataflow id="205" from="p_str" to="empty_25" fromId="107" toId="60">
</dataflow>
<dataflow id="206" from="tmp_s" to="empty_25" fromId="17" toId="60">
</dataflow>
<dataflow id="207" from="exitcond1" to="stg_2" fromId="11" toId="2">
</dataflow>
<dataflow id="208" from="exitcond" to="stg_3" fromId="21" toId="3">
</dataflow>
<dataflow id="209" from="exitcond" to="stg_4" fromId="21" toId="4">
</dataflow>
<dataflow id="210" from="exitcond" to="stg_5" fromId="21" toId="5">
</dataflow>
</dataflows>


</stg>
