<profile>

<section name = "Vivado HLS Report for 'dct'" level="0">
<item name = "Date">Fri Jan 03 23:02:52 2014
</item>
<item name = "Version">2013.3 (build date: Wed Oct 16 18:12:55 PM 2013)</item>
<item name = "Project">dct_prj</item>
<item name = "Solution">solution1</item>
<item name = "Product family">artix7 artix7_fpv6 </item>
<item name = "Target device">xc7a100tcsg324-1</item>
</section>

<section name = "Performance Estimates" level="0">
<item name = "Timing (ns)">
<section name = "" level="1">
<item name = "Summary"><table name="" hasTotal="0">
<keys size="4">Clock, Target, Estimated, Uncertainty</keys>
<column name="default">10.00, 7.18, 1.25</column>
</table>
</item>
</section>
</item>
<item name = "Latency (clock cycles)">
<section name = "" level="1">
<item name = "Summary"><table name="" hasTotal="0">
<keys size="6">, min, max, min, max, Type</keys>
<column name="">3959, 3959, 3960, 3960, none</column>
</table>
</item>
<item name = "Detail">
<section name = "" level="1">
<item name = "Instance"><table name="" hasTotal="0">
<keys size="7">Instance, Module, min, max, min, max, Type</keys>
<column name="grp_dct_2d_fu_151">dct_2d, 3668, 3668, 3668, 3668, none</column>
</table>
</item>
<item name = "Loop"><table name="" hasTotal="0">
<keys size="8">Loop Name, min, max, Latency, achieved, target, Count, Pipelined</keys>
<column name="- RD_Loop_Row">144, 144, 18, -, -, 8, no</column>
<column name=" + RD_Loop_Col">16, 16, 2, -, -, 8, no</column>
<column name="- WR_Loop_Row">144, 144, 18, -, -, 8, no</column>
<column name=" + WR_Loop_Col">16, 16, 2, -, -, 8, no</column>
</table>
</item>
</section>
</item>
</section>
</item>
</section>

<section name = "Utilization Estimates" level="0">
<item name = "Summary"><table name="" hasTotal="1">
<keys size="5">Name, BRAM_18K, DSP48E, FF, LUT</keys>
<column name="Expression">-, -, 0, 60</column>
<column name="FIFO">-, -, -, -</column>
<column name="Instance">4, 1, 163, 255</column>
<column name="Memory">2, -, 0, 0</column>
<column name="Multiplexer">-, -, -, 28</column>
<column name="Register">-, -, 56, -</column>
<column name="ShiftMemory">-, -, -, -</column>
<specialColumn name="Available">270, 240, 126800, 63400</specialColumn>
<specialColumn name="Utilization (%)">2, ~0, ~0, ~0</specialColumn>
</table>
</item>
<item name = "Detail">
<section name = "" level="1">
<item name = "Instance"><table name="" hasTotal="1">
<keys size="6">Instance, Module, BRAM_18K, DSP48E, FF, LUT</keys>
<column name="grp_dct_2d_fu_151">dct_2d, 4, 1, 163, 255</column>
</table>
</item>
<item name = "Memory"><table name="" hasTotal="1">
<keys size="7">Memory, Module, BRAM_18K, Words, Bits, Banks, W*Bits*Banks</keys>
<column name="buf_2d_in_U">dct_2d_row_outbuf, 1, 64, 16, 1, 1024</column>
<column name="buf_2d_out_U">dct_2d_row_outbuf, 1, 64, 16, 1, 1024</column>
</table>
</item>
<item name = "FIFO"><table name="" hasTotal="1">
<keys size="7">Name, BRAM_18K, FF, LUT, Depth, Bits, Size:D*B</keys>
</table>
</item>
<item name = "Shift register"><table name="" hasTotal="1">
<keys size="5">Name, FF, LUT, Bits, Const Bits</keys>
</table>
</item>
<item name = "Expression"><table name="" hasTotal="1">
<keys size="7">Variable Name, Operation, DSP48E, FF, LUT, Bitwidth P0, Bitwidth P1</keys>
<column name="c_1_fu_273_p2">+, 0, 0, 4, 4, 1</column>
<column name="c_fu_197_p2">+, 0, 0, 4, 4, 1</column>
<column name="p_addr1_fu_225_p2">+, 0, 0, 8, 8, 8</column>
<column name="p_addr3_fu_291_p2">+, 0, 0, 8, 8, 8</column>
<column name="r_1_fu_241_p2">+, 0, 0, 4, 4, 1</column>
<column name="r_fu_165_p2">+, 0, 0, 4, 4, 1</column>
<column name="sum3_i_fu_302_p2">+, 0, 0, 6, 6, 6</column>
<column name="sum_i_fu_203_p2">+, 0, 0, 6, 6, 6</column>
<column name="exitcond1_i3_fu_235_p2">icmp, 0, 0, 4, 4, 5</column>
<column name="exitcond1_i_fu_159_p2">icmp, 0, 0, 4, 4, 5</column>
<column name="exitcond_i6_fu_267_p2">icmp, 0, 0, 4, 4, 5</column>
<column name="exitcond_i_fu_191_p2">icmp, 0, 0, 4, 4, 5</column>
</table>
</item>
<item name = "Multiplexer"><table name="" hasTotal="1">
<keys size="5">Name, LUT, Input Size, Bits, Total Bits</keys>
<column name="buf_2d_in_address0">6, 3, 6, 18</column>
<column name="buf_2d_out_address0">6, 3, 6, 18</column>
<column name="c_i5_reg_139">4, 2, 4, 8</column>
<column name="c_i_reg_116">4, 2, 4, 8</column>
<column name="r_i2_reg_127">4, 2, 4, 8</column>
<column name="r_i_reg_104">4, 2, 4, 8</column>
</table>
</item>
<item name = "Register"><table name="" hasTotal="1">
<keys size="4">Name, FF, Bits, Const Bits</keys>
<column name="ap_CS_fsm">3, 3, 0</column>
<column name="c_1_reg_358">4, 4, 0</column>
<column name="c_i5_reg_139">4, 4, 0</column>
<column name="c_i_reg_116">4, 4, 0</column>
<column name="c_reg_327">4, 4, 0</column>
<column name="grp_dct_2d_fu_151_ap_start_ap_start_reg">1, 1, 0</column>
<column name="p_addr1_reg_337">8, 8, 0</column>
<column name="r_1_reg_345">4, 4, 0</column>
<column name="r_i2_reg_127">4, 4, 0</column>
<column name="r_i_reg_104">4, 4, 0</column>
<column name="r_reg_314">4, 4, 0</column>
<column name="sum3_i_reg_368">6, 6, 0</column>
<column name="tmp_i4_reg_350">3, 6, 3</column>
<column name="tmp_i_reg_319">3, 6, 3</column>
</table>
</item>
</section>
</item>
</section>

<section name = "Interface" level="0">
<item name = "Summary"><table name="" hasTotal="0">
<keys size="6">RTL Ports, Dir, Bits, Protocol, Source Object, C Type</keys>
<column name="ap_clk">in, 1, ap_ctrl_hs, dct, return value</column>
<column name="ap_rst">in, 1, ap_ctrl_hs, dct, return value</column>
<column name="ap_start">in, 1, ap_ctrl_hs, dct, return value</column>
<column name="ap_done">out, 1, ap_ctrl_hs, dct, return value</column>
<column name="ap_idle">out, 1, ap_ctrl_hs, dct, return value</column>
<column name="ap_ready">out, 1, ap_ctrl_hs, dct, return value</column>
<column name="input_r_address0">out, 6, ap_memory, input_r, array</column>
<column name="input_r_ce0">out, 1, ap_memory, input_r, array</column>
<column name="input_r_q0">in, 16, ap_memory, input_r, array</column>
<column name="output_r_address0">out, 6, ap_memory, output_r, array</column>
<column name="output_r_ce0">out, 1, ap_memory, output_r, array</column>
<column name="output_r_we0">out, 1, ap_memory, output_r, array</column>
<column name="output_r_d0">out, 16, ap_memory, output_r, array</column>
</table>
</item>
</section>
</profile>
