<stg><name>dct</name>


<trans_list>

<trans id="83" from="1" to="2">
<condition id="25">
<or_exp><and_exp></and_exp></or_exp>
</condition>
</trans>

<trans id="84" from="2" to="5">
<condition id="26">
<or_exp><and_exp><literal name="exitcond1_i" val="1"/>
</and_exp></or_exp>
</condition>
</trans>

<trans id="85" from="2" to="3">
<condition id="28">
<or_exp><and_exp><literal name="exitcond1_i" val="0"/>
</and_exp></or_exp>
</condition>
</trans>

<trans id="86" from="3" to="4">
<condition id="29">
<or_exp><and_exp><literal name="exitcond_i" val="0"/>
</and_exp></or_exp>
</condition>
</trans>

<trans id="89" from="3" to="2">
<condition id="34">
<or_exp><and_exp><literal name="exitcond_i" val="1"/>
</and_exp></or_exp>
</condition>
</trans>

<trans id="88" from="4" to="3">
<condition id="32">
<or_exp><and_exp></and_exp></or_exp>
</condition>
</trans>

<trans id="91" from="5" to="6">
<condition id="37">
<or_exp><and_exp></and_exp></or_exp>
</condition>
</trans>

<trans id="92" from="6" to="7">
<condition id="39">
<or_exp><and_exp><literal name="exitcond1_i3" val="0"/>
</and_exp></or_exp>
</condition>
</trans>

<trans id="93" from="7" to="8">
<condition id="40">
<or_exp><and_exp><literal name="exitcond_i6" val="0"/>
</and_exp></or_exp>
</condition>
</trans>

<trans id="96" from="7" to="6">
<condition id="45">
<or_exp><and_exp><literal name="exitcond_i6" val="1"/>
</and_exp></or_exp>
</condition>
</trans>

<trans id="95" from="8" to="7">
<condition id="43">
<or_exp><and_exp></and_exp></or_exp>
</condition>
</trans>
</trans_list>



<state_list>

<state id="1" st_id="1">

<operation id="9" st_id="1" stage="1" lat="1">
<core>NULL</core>
<MemPortIdVec></MemPortIdVec>
<condition id="0">
<or_exp><and_exp></and_exp></or_exp>
</condition>

<node id="4" bw="0" op_0_bw="0" op_1_bw="16">
<![CDATA[
:0  call void (...)* @_ssdm_op_SpecBitsMap([64 x i16]* %input_r) nounwind, !map !0

]]></node>
<StgValue><ssdm name=""/></StgValue>
</operation>

<operation id="10" st_id="1" stage="1" lat="1">
<core>NULL</core>
<MemPortIdVec></MemPortIdVec>
<condition id="0">
<or_exp><and_exp></and_exp></or_exp>
</condition>

<node id="5" bw="0" op_0_bw="0" op_1_bw="16">
<![CDATA[
:1  call void (...)* @_ssdm_op_SpecBitsMap([64 x i16]* %output_r) nounwind, !map !6

]]></node>
<StgValue><ssdm name=""/></StgValue>
</operation>

<operation id="11" st_id="1" stage="1" lat="1">
<core>NULL</core>
<MemPortIdVec></MemPortIdVec>
<condition id="0">
<or_exp><and_exp></and_exp></or_exp>
</condition>

<node id="6" bw="0" op_0_bw="0" op_1_bw="8">
<![CDATA[
:2  call void (...)* @_ssdm_op_SpecTopModule([4 x i8]* @str) nounwind

]]></node>
<StgValue><ssdm name=""/></StgValue>
</operation>

<operation id="12" st_id="1" stage="1" lat="1">
<core>RAM</core>
<MemPortIdVec></MemPortIdVec>
<condition id="0">
<or_exp><and_exp></and_exp></or_exp>
</condition>

<node id="7" bw="16" op_0_bw="32">
<![CDATA[
:3  %buf_2d_in = alloca [64 x i16], align 2

]]></node>
<StgValue><ssdm name="buf_2d_in"/><MemPortTyVec>2 3 </MemPortTyVec>
</StgValue>
</operation>

<operation id="13" st_id="1" stage="1" lat="1">
<core>RAM</core>
<MemPortIdVec></MemPortIdVec>
<condition id="0">
<or_exp><and_exp></and_exp></or_exp>
</condition>

<node id="8" bw="16" op_0_bw="32">
<![CDATA[
:4  %buf_2d_out = alloca [64 x i16], align 2

]]></node>
<StgValue><ssdm name="buf_2d_out"/><MemPortTyVec>2 3 </MemPortTyVec>
</StgValue>
</operation>

<operation id="14" st_id="1" stage="1" lat="1">
<core>NULL</core>
<MemPortIdVec></MemPortIdVec>
<condition id="0">
<or_exp><and_exp></and_exp></or_exp>
</condition>

<node id="9" bw="0" op_0_bw="0">
<![CDATA[
:5  br label %1

]]></node>
<StgValue><ssdm name=""/></StgValue>
</operation>
</state>

<state id="2" st_id="2">

<operation id="15" st_id="2" stage="1" lat="1">
<core>NULL</core>
<MemPortIdVec></MemPortIdVec>
<condition id="1">
<or_exp><and_exp></and_exp></or_exp>
</condition>

<node id="11" bw="4" op_0_bw="4" op_1_bw="0">
<![CDATA[
:0  %r_i = phi i4 [ 0, %0 ], [ %r, %5 ]

]]></node>
<StgValue><ssdm name="r_i"/></StgValue>
</operation>

<operation id="16" st_id="2" stage="1" lat="1">
<core>Cmp</core>
<MemPortIdVec></MemPortIdVec>
<condition id="1">
<or_exp><and_exp></and_exp></or_exp>
</condition>

<node id="12" bw="1" op_0_bw="4" op_1_bw="4">
<![CDATA[
:1  %exitcond1_i = icmp eq i4 %r_i, -8

]]></node>
<StgValue><ssdm name="exitcond1_i"/></StgValue>
</operation>

<operation id="17" st_id="2" stage="1" lat="1">
<core>NULL</core>
<MemPortIdVec></MemPortIdVec>
<condition id="1">
<or_exp><and_exp></and_exp></or_exp>
</condition>

<node id="13" bw="32" op_0_bw="32" op_1_bw="64" op_2_bw="64" op_3_bw="64">
<![CDATA[
:2  %empty = call i32 (...)* @_ssdm_op_SpecLoopTripCount(i64 8, i64 8, i64 8) nounwind

]]></node>
<StgValue><ssdm name="empty"/></StgValue>
</operation>

<operation id="18" st_id="2" stage="1" lat="1">
<core>AddSub</core>
<MemPortIdVec></MemPortIdVec>
<condition id="1">
<or_exp><and_exp></and_exp></or_exp>
</condition>

<node id="14" bw="4" op_0_bw="4" op_1_bw="4">
<![CDATA[
:3  %r = add i4 %r_i, 1

]]></node>
<StgValue><ssdm name="r"/></StgValue>
</operation>

<operation id="19" st_id="2" stage="1" lat="1">
<core>NULL</core>
<MemPortIdVec></MemPortIdVec>
<condition id="1">
<or_exp><and_exp></and_exp></or_exp>
</condition>

<node id="15" bw="0" op_0_bw="1" op_1_bw="0" op_2_bw="0">
<![CDATA[
:4  br i1 %exitcond1_i, label %read_data.exit, label %2

]]></node>
<StgValue><ssdm name=""/></StgValue>
</operation>

<operation id="20" st_id="2" stage="1" lat="1">
<core>NULL</core>
<MemPortIdVec></MemPortIdVec>
<condition id="3">
<or_exp><and_exp><literal name="exitcond1_i" val="0"/>
</and_exp></or_exp>
</condition>

<node id="17" bw="0" op_0_bw="0" op_1_bw="8">
<![CDATA[
:0  call void (...)* @_ssdm_op_SpecLoopName([12 x i8]* @p_str8) nounwind

]]></node>
<StgValue><ssdm name=""/></StgValue>
</operation>

<operation id="21" st_id="2" stage="1" lat="1">
<core>NULL</core>
<MemPortIdVec></MemPortIdVec>
<condition id="3">
<or_exp><and_exp><literal name="exitcond1_i" val="0"/>
</and_exp></or_exp>
</condition>

<node id="18" bw="32" op_0_bw="32" op_1_bw="8">
<![CDATA[
:1  %tmp_8_i = call i32 (...)* @_ssdm_op_SpecRegionBegin([12 x i8]* @p_str8) nounwind

]]></node>
<StgValue><ssdm name="tmp_8_i"/></StgValue>
</operation>

<operation id="22" st_id="2" stage="1" lat="1">
<core>NULL</core>
<MemPortIdVec></MemPortIdVec>
<condition id="3">
<or_exp><and_exp><literal name="exitcond1_i" val="0"/>
</and_exp></or_exp>
</condition>

<node id="19" bw="3" op_0_bw="4">
<![CDATA[
:2  %tmp = trunc i4 %r_i to i3

]]></node>
<StgValue><ssdm name="tmp"/></StgValue>
</operation>

<operation id="23" st_id="2" stage="1" lat="1">
<core>NULL</core>
<MemPortIdVec></MemPortIdVec>
<condition id="3">
<or_exp><and_exp><literal name="exitcond1_i" val="0"/>
</and_exp></or_exp>
</condition>

<node id="20" bw="6" op_0_bw="6" op_1_bw="3" op_2_bw="3">
<![CDATA[
:3  %tmp_i = call i6 @_ssdm_op_BitConcatenate.i6.i3.i3(i3 %tmp, i3 0)

]]></node>
<StgValue><ssdm name="tmp_i"/></StgValue>
</operation>

<operation id="24" st_id="2" stage="1" lat="1">
<core>NULL</core>
<MemPortIdVec></MemPortIdVec>
<condition id="3">
<or_exp><and_exp><literal name="exitcond1_i" val="0"/>
</and_exp></or_exp>
</condition>

<node id="21" bw="0" op_0_bw="0">
<![CDATA[
:4  br label %3

]]></node>
<StgValue><ssdm name=""/></StgValue>
</operation>

<operation id="25" st_id="2" stage="2" lat="2">
<core></core>
<MemPortIdVec></MemPortIdVec>
<condition id="5">
<or_exp><and_exp><literal name="exitcond1_i" val="1"/>
</and_exp></or_exp>
</condition>

<node id="47" bw="0" op_0_bw="0" op_1_bw="16" op_2_bw="16">
<![CDATA[
read_data.exit:0  call fastcc void @dct_2d([64 x i16]* nocapture %buf_2d_in, [64 x i16]* nocapture %buf_2d_out) nounwind

]]></node>
<StgValue><ssdm name=""/></StgValue>
</operation>
</state>

<state id="3" st_id="3">

<operation id="26" st_id="3" stage="1" lat="1">
<core>NULL</core>
<MemPortIdVec></MemPortIdVec>
<condition id="6">
<or_exp><and_exp></and_exp></or_exp>
</condition>

<node id="23" bw="4" op_0_bw="4" op_1_bw="0">
<![CDATA[
:0  %c_i = phi i4 [ 0, %2 ], [ %c, %4 ]

]]></node>
<StgValue><ssdm name="c_i"/></StgValue>
</operation>

<operation id="27" st_id="3" stage="1" lat="1">
<core>NULL</core>
<MemPortIdVec></MemPortIdVec>
<condition id="6">
<or_exp><and_exp></and_exp></or_exp>
</condition>

<node id="24" bw="6" op_0_bw="4">
<![CDATA[
:1  %c_i_cast6 = zext i4 %c_i to i6

]]></node>
<StgValue><ssdm name="c_i_cast6"/></StgValue>
</operation>

<operation id="28" st_id="3" stage="1" lat="1">
<core>NULL</core>
<MemPortIdVec></MemPortIdVec>
<condition id="6">
<or_exp><and_exp></and_exp></or_exp>
</condition>

<node id="25" bw="8" op_0_bw="4">
<![CDATA[
:2  %c_i_cast5_cast = zext i4 %c_i to i8

]]></node>
<StgValue><ssdm name="c_i_cast5_cast"/></StgValue>
</operation>

<operation id="29" st_id="3" stage="1" lat="1">
<core>Cmp</core>
<MemPortIdVec></MemPortIdVec>
<condition id="6">
<or_exp><and_exp></and_exp></or_exp>
</condition>

<node id="26" bw="1" op_0_bw="4" op_1_bw="4">
<![CDATA[
:3  %exitcond_i = icmp eq i4 %c_i, -8

]]></node>
<StgValue><ssdm name="exitcond_i"/></StgValue>
</operation>

<operation id="30" st_id="3" stage="1" lat="1">
<core>NULL</core>
<MemPortIdVec></MemPortIdVec>
<condition id="6">
<or_exp><and_exp></and_exp></or_exp>
</condition>

<node id="27" bw="32" op_0_bw="32" op_1_bw="64" op_2_bw="64" op_3_bw="64">
<![CDATA[
:4  %empty_15 = call i32 (...)* @_ssdm_op_SpecLoopTripCount(i64 8, i64 8, i64 8) nounwind

]]></node>
<StgValue><ssdm name="empty_15"/></StgValue>
</operation>

<operation id="31" st_id="3" stage="1" lat="1">
<core>AddSub</core>
<MemPortIdVec></MemPortIdVec>
<condition id="6">
<or_exp><and_exp></and_exp></or_exp>
</condition>

<node id="28" bw="4" op_0_bw="4" op_1_bw="4">
<![CDATA[
:5  %c = add i4 %c_i, 1

]]></node>
<StgValue><ssdm name="c"/></StgValue>
</operation>

<operation id="32" st_id="3" stage="1" lat="1">
<core>NULL</core>
<MemPortIdVec></MemPortIdVec>
<condition id="6">
<or_exp><and_exp></and_exp></or_exp>
</condition>

<node id="29" bw="0" op_0_bw="1" op_1_bw="0" op_2_bw="0">
<![CDATA[
:6  br i1 %exitcond_i, label %5, label %4

]]></node>
<StgValue><ssdm name=""/></StgValue>
</operation>

<operation id="33" st_id="3" stage="1" lat="1">
<core>AddSub</core>
<MemPortIdVec></MemPortIdVec>
<condition id="8">
<or_exp><and_exp><literal name="exitcond_i" val="0"/>
</and_exp></or_exp>
</condition>

<node id="32" bw="6" op_0_bw="6" op_1_bw="6">
<![CDATA[
:1  %sum_i = add i6 %c_i_cast6, %tmp_i

]]></node>
<StgValue><ssdm name="sum_i"/></StgValue>
</operation>

<operation id="34" st_id="3" stage="1" lat="1">
<core>NULL</core>
<MemPortIdVec></MemPortIdVec>
<condition id="8">
<or_exp><and_exp><literal name="exitcond_i" val="0"/>
</and_exp></or_exp>
</condition>

<node id="33" bw="32" op_0_bw="6">
<![CDATA[
:2  %sum_i_cast = zext i6 %sum_i to i32

]]></node>
<StgValue><ssdm name="sum_i_cast"/></StgValue>
</operation>

<operation id="35" st_id="3" stage="1" lat="1">
<core>NULL</core>
<MemPortIdVec></MemPortIdVec>
<condition id="8">
<or_exp><and_exp><literal name="exitcond_i" val="0"/>
</and_exp></or_exp>
</condition>

<node id="34" bw="6" op_0_bw="16" op_1_bw="32" op_2_bw="32">
<![CDATA[
:3  %input_addr = getelementptr [64 x i16]* %input_r, i32 0, i32 %sum_i_cast

]]></node>
<StgValue><ssdm name="input_addr"/></StgValue>
</operation>

<operation id="36" st_id="3" stage="2" lat="2">
<core>RAM</core>
<MemPortIdVec>0 </MemPortIdVec>
<condition id="8">
<or_exp><and_exp><literal name="exitcond_i" val="0"/>
</and_exp></or_exp>
</condition>

<node id="35" bw="16" op_0_bw="6">
<![CDATA[
:4  %input_load = load i16* %input_addr, align 2

]]></node>
<StgValue><ssdm name="input_load"/></StgValue>
</operation>

<operation id="37" st_id="3" stage="1" lat="1">
<core>NULL</core>
<MemPortIdVec></MemPortIdVec>
<condition id="8">
<or_exp><and_exp><literal name="exitcond_i" val="0"/>
</and_exp></or_exp>
</condition>

<node id="36" bw="7" op_0_bw="7" op_1_bw="4" op_2_bw="3">
<![CDATA[
:5  %tmp_2 = call i7 @_ssdm_op_BitConcatenate.i7.i4.i3(i4 %r_i, i3 0)

]]></node>
<StgValue><ssdm name="tmp_2"/></StgValue>
</operation>

<operation id="38" st_id="3" stage="1" lat="1">
<core>NULL</core>
<MemPortIdVec></MemPortIdVec>
<condition id="8">
<or_exp><and_exp><literal name="exitcond_i" val="0"/>
</and_exp></or_exp>
</condition>

<node id="37" bw="8" op_0_bw="7">
<![CDATA[
:6  %p_addr_cast = zext i7 %tmp_2 to i8

]]></node>
<StgValue><ssdm name="p_addr_cast"/></StgValue>
</operation>

<operation id="39" st_id="3" stage="1" lat="1">
<core>AddSub</core>
<MemPortIdVec></MemPortIdVec>
<condition id="8">
<or_exp><and_exp><literal name="exitcond_i" val="0"/>
</and_exp></or_exp>
</condition>

<node id="38" bw="8" op_0_bw="8" op_1_bw="8">
<![CDATA[
:7  %p_addr1 = add i8 %p_addr_cast, %c_i_cast5_cast

]]></node>
<StgValue><ssdm name="p_addr1"/></StgValue>
</operation>

<operation id="40" st_id="3" stage="1" lat="1">
<core>NULL</core>
<MemPortIdVec></MemPortIdVec>
<condition id="10">
<or_exp><and_exp><literal name="exitcond_i" val="1"/>
</and_exp></or_exp>
</condition>

<node id="44" bw="32" op_0_bw="32" op_1_bw="8" op_2_bw="32">
<![CDATA[
:0  %empty_16 = call i32 (...)* @_ssdm_op_SpecRegionEnd([12 x i8]* @p_str8, i32 %tmp_8_i) nounwind

]]></node>
<StgValue><ssdm name="empty_16"/></StgValue>
</operation>

<operation id="41" st_id="3" stage="1" lat="1">
<core>NULL</core>
<MemPortIdVec></MemPortIdVec>
<condition id="10">
<or_exp><and_exp><literal name="exitcond_i" val="1"/>
</and_exp></or_exp>
</condition>

<node id="45" bw="0" op_0_bw="0">
<![CDATA[
:1  br label %1

]]></node>
<StgValue><ssdm name=""/></StgValue>
</operation>
</state>

<state id="4" st_id="4">

<operation id="42" st_id="4" stage="1" lat="1">
<core>NULL</core>
<MemPortIdVec></MemPortIdVec>
<condition id="11">
<or_exp><and_exp></and_exp></or_exp>
</condition>

<node id="31" bw="0" op_0_bw="0" op_1_bw="8">
<![CDATA[
:0  call void (...)* @_ssdm_op_SpecLoopName([12 x i8]* @p_str9) nounwind

]]></node>
<StgValue><ssdm name=""/></StgValue>
</operation>

<operation id="43" st_id="4" stage="1" lat="2">
<core>RAM</core>
<MemPortIdVec>0 </MemPortIdVec>
<condition id="11">
<or_exp><and_exp></and_exp></or_exp>
</condition>

<node id="35" bw="16" op_0_bw="6">
<![CDATA[
:4  %input_load = load i16* %input_addr, align 2

]]></node>
<StgValue><ssdm name="input_load"/></StgValue>
</operation>

<operation id="44" st_id="4" stage="1" lat="1">
<core>NULL</core>
<MemPortIdVec></MemPortIdVec>
<condition id="11">
<or_exp><and_exp></and_exp></or_exp>
</condition>

<node id="39" bw="32" op_0_bw="8">
<![CDATA[
:8  %p_addr1_cast = zext i8 %p_addr1 to i32

]]></node>
<StgValue><ssdm name="p_addr1_cast"/></StgValue>
</operation>

<operation id="45" st_id="4" stage="1" lat="1">
<core>NULL</core>
<MemPortIdVec></MemPortIdVec>
<condition id="11">
<or_exp><and_exp></and_exp></or_exp>
</condition>

<node id="40" bw="6" op_0_bw="16" op_1_bw="32" op_2_bw="32">
<![CDATA[
:9  %buf_2d_in_addr = getelementptr [64 x i16]* %buf_2d_in, i32 0, i32 %p_addr1_cast

]]></node>
<StgValue><ssdm name="buf_2d_in_addr"/></StgValue>
</operation>

<operation id="46" st_id="4" stage="1" lat="1">
<core>RAM</core>
<MemPortIdVec>0 </MemPortIdVec>
<condition id="11">
<or_exp><and_exp></and_exp></or_exp>
</condition>

<node id="41" bw="0" op_0_bw="16" op_1_bw="6">
<![CDATA[
:10  store i16 %input_load, i16* %buf_2d_in_addr, align 2

]]></node>
<StgValue><ssdm name=""/></StgValue>
</operation>

<operation id="47" st_id="4" stage="1" lat="1">
<core>NULL</core>
<MemPortIdVec></MemPortIdVec>
<condition id="11">
<or_exp><and_exp></and_exp></or_exp>
</condition>

<node id="42" bw="0" op_0_bw="0">
<![CDATA[
:11  br label %3

]]></node>
<StgValue><ssdm name=""/></StgValue>
</operation>
</state>

<state id="5" st_id="5">

<operation id="48" st_id="5" stage="1" lat="2">
<core></core>
<MemPortIdVec></MemPortIdVec>
<condition id="12">
<or_exp><and_exp></and_exp></or_exp>
</condition>

<node id="47" bw="0" op_0_bw="0" op_1_bw="16" op_2_bw="16">
<![CDATA[
read_data.exit:0  call fastcc void @dct_2d([64 x i16]* nocapture %buf_2d_in, [64 x i16]* nocapture %buf_2d_out) nounwind

]]></node>
<StgValue><ssdm name=""/></StgValue>
</operation>

<operation id="49" st_id="5" stage="1" lat="1">
<core>NULL</core>
<MemPortIdVec></MemPortIdVec>
<condition id="12">
<or_exp><and_exp></and_exp></or_exp>
</condition>

<node id="48" bw="0" op_0_bw="0">
<![CDATA[
read_data.exit:1  br label %6

]]></node>
<StgValue><ssdm name=""/></StgValue>
</operation>
</state>

<state id="6" st_id="6">

<operation id="50" st_id="6" stage="1" lat="1">
<core>NULL</core>
<MemPortIdVec></MemPortIdVec>
<condition id="13">
<or_exp><and_exp></and_exp></or_exp>
</condition>

<node id="50" bw="4" op_0_bw="4" op_1_bw="0">
<![CDATA[
:0  %r_i2 = phi i4 [ 0, %read_data.exit ], [ %r_1, %10 ]

]]></node>
<StgValue><ssdm name="r_i2"/></StgValue>
</operation>

<operation id="51" st_id="6" stage="1" lat="1">
<core>Cmp</core>
<MemPortIdVec></MemPortIdVec>
<condition id="13">
<or_exp><and_exp></and_exp></or_exp>
</condition>

<node id="51" bw="1" op_0_bw="4" op_1_bw="4">
<![CDATA[
:1  %exitcond1_i3 = icmp eq i4 %r_i2, -8

]]></node>
<StgValue><ssdm name="exitcond1_i3"/></StgValue>
</operation>

<operation id="52" st_id="6" stage="1" lat="1">
<core>NULL</core>
<MemPortIdVec></MemPortIdVec>
<condition id="13">
<or_exp><and_exp></and_exp></or_exp>
</condition>

<node id="52" bw="32" op_0_bw="32" op_1_bw="64" op_2_bw="64" op_3_bw="64">
<![CDATA[
:2  %empty_17 = call i32 (...)* @_ssdm_op_SpecLoopTripCount(i64 8, i64 8, i64 8) nounwind

]]></node>
<StgValue><ssdm name="empty_17"/></StgValue>
</operation>

<operation id="53" st_id="6" stage="1" lat="1">
<core>AddSub</core>
<MemPortIdVec></MemPortIdVec>
<condition id="13">
<or_exp><and_exp></and_exp></or_exp>
</condition>

<node id="53" bw="4" op_0_bw="4" op_1_bw="4">
<![CDATA[
:3  %r_1 = add i4 %r_i2, 1

]]></node>
<StgValue><ssdm name="r_1"/></StgValue>
</operation>

<operation id="54" st_id="6" stage="1" lat="1">
<core>NULL</core>
<MemPortIdVec></MemPortIdVec>
<condition id="13">
<or_exp><and_exp></and_exp></or_exp>
</condition>

<node id="54" bw="0" op_0_bw="1" op_1_bw="0" op_2_bw="0">
<![CDATA[
:4  br i1 %exitcond1_i3, label %write_data.exit, label %7

]]></node>
<StgValue><ssdm name=""/></StgValue>
</operation>

<operation id="55" st_id="6" stage="1" lat="1">
<core>NULL</core>
<MemPortIdVec></MemPortIdVec>
<condition id="15">
<or_exp><and_exp><literal name="exitcond1_i3" val="0"/>
</and_exp></or_exp>
</condition>

<node id="56" bw="0" op_0_bw="0" op_1_bw="8">
<![CDATA[
:0  call void (...)* @_ssdm_op_SpecLoopName([12 x i8]* @p_str10) nounwind

]]></node>
<StgValue><ssdm name=""/></StgValue>
</operation>

<operation id="56" st_id="6" stage="1" lat="1">
<core>NULL</core>
<MemPortIdVec></MemPortIdVec>
<condition id="15">
<or_exp><and_exp><literal name="exitcond1_i3" val="0"/>
</and_exp></or_exp>
</condition>

<node id="57" bw="32" op_0_bw="32" op_1_bw="8">
<![CDATA[
:1  %tmp_1_i = call i32 (...)* @_ssdm_op_SpecRegionBegin([12 x i8]* @p_str10) nounwind

]]></node>
<StgValue><ssdm name="tmp_1_i"/></StgValue>
</operation>

<operation id="57" st_id="6" stage="1" lat="1">
<core>NULL</core>
<MemPortIdVec></MemPortIdVec>
<condition id="15">
<or_exp><and_exp><literal name="exitcond1_i3" val="0"/>
</and_exp></or_exp>
</condition>

<node id="58" bw="3" op_0_bw="4">
<![CDATA[
:2  %tmp_1 = trunc i4 %r_i2 to i3

]]></node>
<StgValue><ssdm name="tmp_1"/></StgValue>
</operation>

<operation id="58" st_id="6" stage="1" lat="1">
<core>NULL</core>
<MemPortIdVec></MemPortIdVec>
<condition id="15">
<or_exp><and_exp><literal name="exitcond1_i3" val="0"/>
</and_exp></or_exp>
</condition>

<node id="59" bw="6" op_0_bw="6" op_1_bw="3" op_2_bw="3">
<![CDATA[
:3  %tmp_i4 = call i6 @_ssdm_op_BitConcatenate.i6.i3.i3(i3 %tmp_1, i3 0)

]]></node>
<StgValue><ssdm name="tmp_i4"/></StgValue>
</operation>

<operation id="59" st_id="6" stage="1" lat="1">
<core>NULL</core>
<MemPortIdVec></MemPortIdVec>
<condition id="15">
<or_exp><and_exp><literal name="exitcond1_i3" val="0"/>
</and_exp></or_exp>
</condition>

<node id="60" bw="0" op_0_bw="0">
<![CDATA[
:4  br label %8

]]></node>
<StgValue><ssdm name=""/></StgValue>
</operation>

<operation id="60" st_id="6" stage="1" lat="1">
<core>NULL</core>
<MemPortIdVec></MemPortIdVec>
<condition id="17">
<or_exp><and_exp><literal name="exitcond1_i3" val="1"/>
</and_exp></or_exp>
</condition>

<node id="86" bw="0">
<![CDATA[
write_data.exit:0  ret void

]]></node>
<StgValue><ssdm name=""/></StgValue>
</operation>
</state>

<state id="7" st_id="7">

<operation id="61" st_id="7" stage="1" lat="1">
<core>NULL</core>
<MemPortIdVec></MemPortIdVec>
<condition id="18">
<or_exp><and_exp></and_exp></or_exp>
</condition>

<node id="62" bw="4" op_0_bw="4" op_1_bw="0">
<![CDATA[
:0  %c_i5 = phi i4 [ 0, %7 ], [ %c_1, %9 ]

]]></node>
<StgValue><ssdm name="c_i5"/></StgValue>
</operation>

<operation id="62" st_id="7" stage="1" lat="1">
<core>NULL</core>
<MemPortIdVec></MemPortIdVec>
<condition id="18">
<or_exp><and_exp></and_exp></or_exp>
</condition>

<node id="63" bw="6" op_0_bw="4">
<![CDATA[
:1  %c_i5_cast2 = zext i4 %c_i5 to i6

]]></node>
<StgValue><ssdm name="c_i5_cast2"/></StgValue>
</operation>

<operation id="63" st_id="7" stage="1" lat="1">
<core>NULL</core>
<MemPortIdVec></MemPortIdVec>
<condition id="18">
<or_exp><and_exp></and_exp></or_exp>
</condition>

<node id="64" bw="8" op_0_bw="4">
<![CDATA[
:2  %c_i5_cast1_cast = zext i4 %c_i5 to i8

]]></node>
<StgValue><ssdm name="c_i5_cast1_cast"/></StgValue>
</operation>

<operation id="64" st_id="7" stage="1" lat="1">
<core>Cmp</core>
<MemPortIdVec></MemPortIdVec>
<condition id="18">
<or_exp><and_exp></and_exp></or_exp>
</condition>

<node id="65" bw="1" op_0_bw="4" op_1_bw="4">
<![CDATA[
:3  %exitcond_i6 = icmp eq i4 %c_i5, -8

]]></node>
<StgValue><ssdm name="exitcond_i6"/></StgValue>
</operation>

<operation id="65" st_id="7" stage="1" lat="1">
<core>NULL</core>
<MemPortIdVec></MemPortIdVec>
<condition id="18">
<or_exp><and_exp></and_exp></or_exp>
</condition>

<node id="66" bw="32" op_0_bw="32" op_1_bw="64" op_2_bw="64" op_3_bw="64">
<![CDATA[
:4  %empty_18 = call i32 (...)* @_ssdm_op_SpecLoopTripCount(i64 8, i64 8, i64 8) nounwind

]]></node>
<StgValue><ssdm name="empty_18"/></StgValue>
</operation>

<operation id="66" st_id="7" stage="1" lat="1">
<core>AddSub</core>
<MemPortIdVec></MemPortIdVec>
<condition id="18">
<or_exp><and_exp></and_exp></or_exp>
</condition>

<node id="67" bw="4" op_0_bw="4" op_1_bw="4">
<![CDATA[
:5  %c_1 = add i4 %c_i5, 1

]]></node>
<StgValue><ssdm name="c_1"/></StgValue>
</operation>

<operation id="67" st_id="7" stage="1" lat="1">
<core>NULL</core>
<MemPortIdVec></MemPortIdVec>
<condition id="18">
<or_exp><and_exp></and_exp></or_exp>
</condition>

<node id="68" bw="0" op_0_bw="1" op_1_bw="0" op_2_bw="0">
<![CDATA[
:6  br i1 %exitcond_i6, label %10, label %9

]]></node>
<StgValue><ssdm name=""/></StgValue>
</operation>

<operation id="68" st_id="7" stage="1" lat="1">
<core>NULL</core>
<MemPortIdVec></MemPortIdVec>
<condition id="20">
<or_exp><and_exp><literal name="exitcond_i6" val="0"/>
</and_exp></or_exp>
</condition>

<node id="71" bw="7" op_0_bw="7" op_1_bw="4" op_2_bw="3">
<![CDATA[
:1  %tmp_3 = call i7 @_ssdm_op_BitConcatenate.i7.i4.i3(i4 %r_i2, i3 0)

]]></node>
<StgValue><ssdm name="tmp_3"/></StgValue>
</operation>

<operation id="69" st_id="7" stage="1" lat="1">
<core>NULL</core>
<MemPortIdVec></MemPortIdVec>
<condition id="20">
<or_exp><and_exp><literal name="exitcond_i6" val="0"/>
</and_exp></or_exp>
</condition>

<node id="72" bw="8" op_0_bw="7">
<![CDATA[
:2  %p_addr2_cast = zext i7 %tmp_3 to i8

]]></node>
<StgValue><ssdm name="p_addr2_cast"/></StgValue>
</operation>

<operation id="70" st_id="7" stage="1" lat="1">
<core>AddSub</core>
<MemPortIdVec></MemPortIdVec>
<condition id="20">
<or_exp><and_exp><literal name="exitcond_i6" val="0"/>
</and_exp></or_exp>
</condition>

<node id="73" bw="8" op_0_bw="8" op_1_bw="8">
<![CDATA[
:3  %p_addr3 = add i8 %p_addr2_cast, %c_i5_cast1_cast

]]></node>
<StgValue><ssdm name="p_addr3"/></StgValue>
</operation>

<operation id="71" st_id="7" stage="1" lat="1">
<core>NULL</core>
<MemPortIdVec></MemPortIdVec>
<condition id="20">
<or_exp><and_exp><literal name="exitcond_i6" val="0"/>
</and_exp></or_exp>
</condition>

<node id="74" bw="32" op_0_bw="8">
<![CDATA[
:4  %p_addr3_cast = zext i8 %p_addr3 to i32

]]></node>
<StgValue><ssdm name="p_addr3_cast"/></StgValue>
</operation>

<operation id="72" st_id="7" stage="1" lat="1">
<core>NULL</core>
<MemPortIdVec></MemPortIdVec>
<condition id="20">
<or_exp><and_exp><literal name="exitcond_i6" val="0"/>
</and_exp></or_exp>
</condition>

<node id="75" bw="6" op_0_bw="16" op_1_bw="32" op_2_bw="32">
<![CDATA[
:5  %buf_2d_out_addr = getelementptr [64 x i16]* %buf_2d_out, i32 0, i32 %p_addr3_cast

]]></node>
<StgValue><ssdm name="buf_2d_out_addr"/></StgValue>
</operation>

<operation id="73" st_id="7" stage="2" lat="2">
<core>RAM</core>
<MemPortIdVec>0 </MemPortIdVec>
<condition id="20">
<or_exp><and_exp><literal name="exitcond_i6" val="0"/>
</and_exp></or_exp>
</condition>

<node id="76" bw="16" op_0_bw="6">
<![CDATA[
:6  %buf_2d_out_load = load i16* %buf_2d_out_addr, align 2

]]></node>
<StgValue><ssdm name="buf_2d_out_load"/></StgValue>
</operation>

<operation id="74" st_id="7" stage="1" lat="1">
<core>AddSub</core>
<MemPortIdVec></MemPortIdVec>
<condition id="20">
<or_exp><and_exp><literal name="exitcond_i6" val="0"/>
</and_exp></or_exp>
</condition>

<node id="77" bw="6" op_0_bw="6" op_1_bw="6">
<![CDATA[
:7  %sum3_i = add i6 %c_i5_cast2, %tmp_i4

]]></node>
<StgValue><ssdm name="sum3_i"/></StgValue>
</operation>

<operation id="75" st_id="7" stage="1" lat="1">
<core>NULL</core>
<MemPortIdVec></MemPortIdVec>
<condition id="22">
<or_exp><and_exp><literal name="exitcond_i6" val="1"/>
</and_exp></or_exp>
</condition>

<node id="83" bw="32" op_0_bw="32" op_1_bw="8" op_2_bw="32">
<![CDATA[
:0  %empty_19 = call i32 (...)* @_ssdm_op_SpecRegionEnd([12 x i8]* @p_str10, i32 %tmp_1_i) nounwind

]]></node>
<StgValue><ssdm name="empty_19"/></StgValue>
</operation>

<operation id="76" st_id="7" stage="1" lat="1">
<core>NULL</core>
<MemPortIdVec></MemPortIdVec>
<condition id="22">
<or_exp><and_exp><literal name="exitcond_i6" val="1"/>
</and_exp></or_exp>
</condition>

<node id="84" bw="0" op_0_bw="0">
<![CDATA[
:1  br label %6

]]></node>
<StgValue><ssdm name=""/></StgValue>
</operation>
</state>

<state id="8" st_id="8">

<operation id="77" st_id="8" stage="1" lat="1">
<core>NULL</core>
<MemPortIdVec></MemPortIdVec>
<condition id="23">
<or_exp><and_exp></and_exp></or_exp>
</condition>

<node id="70" bw="0" op_0_bw="0" op_1_bw="8">
<![CDATA[
:0  call void (...)* @_ssdm_op_SpecLoopName([12 x i8]* @p_str11) nounwind

]]></node>
<StgValue><ssdm name=""/></StgValue>
</operation>

<operation id="78" st_id="8" stage="1" lat="2">
<core>RAM</core>
<MemPortIdVec>0 </MemPortIdVec>
<condition id="23">
<or_exp><and_exp></and_exp></or_exp>
</condition>

<node id="76" bw="16" op_0_bw="6">
<![CDATA[
:6  %buf_2d_out_load = load i16* %buf_2d_out_addr, align 2

]]></node>
<StgValue><ssdm name="buf_2d_out_load"/></StgValue>
</operation>

<operation id="79" st_id="8" stage="1" lat="1">
<core>NULL</core>
<MemPortIdVec></MemPortIdVec>
<condition id="23">
<or_exp><and_exp></and_exp></or_exp>
</condition>

<node id="78" bw="32" op_0_bw="6">
<![CDATA[
:8  %sum3_i_cast = zext i6 %sum3_i to i32

]]></node>
<StgValue><ssdm name="sum3_i_cast"/></StgValue>
</operation>

<operation id="80" st_id="8" stage="1" lat="1">
<core>NULL</core>
<MemPortIdVec></MemPortIdVec>
<condition id="23">
<or_exp><and_exp></and_exp></or_exp>
</condition>

<node id="79" bw="6" op_0_bw="16" op_1_bw="32" op_2_bw="32">
<![CDATA[
:9  %output_addr = getelementptr [64 x i16]* %output_r, i32 0, i32 %sum3_i_cast

]]></node>
<StgValue><ssdm name="output_addr"/></StgValue>
</operation>

<operation id="81" st_id="8" stage="1" lat="1">
<core>RAM</core>
<MemPortIdVec>0 </MemPortIdVec>
<condition id="23">
<or_exp><and_exp></and_exp></or_exp>
</condition>

<node id="80" bw="0" op_0_bw="16" op_1_bw="6">
<![CDATA[
:10  store i16 %buf_2d_out_load, i16* %output_addr, align 2

]]></node>
<StgValue><ssdm name=""/></StgValue>
</operation>

<operation id="82" st_id="8" stage="1" lat="1">
<core>NULL</core>
<MemPortIdVec></MemPortIdVec>
<condition id="23">
<or_exp><and_exp></and_exp></or_exp>
</condition>

<node id="81" bw="0" op_0_bw="0">
<![CDATA[
:11  br label %8

]]></node>
<StgValue><ssdm name=""/></StgValue>
</operation>
</state>
</state_list>


<ports>
<port id="97" name="input_r" dir="0" iftype="1">
<core>RAM</core><StgValue><ssdm name="input_r"/><MemPortTyVec>1 3 </MemPortTyVec>
</StgValue>
</port>
<port id="98" name="output_r" dir="1" iftype="1">
<core>RAM</core><StgValue><ssdm name="output_r"/><MemPortTyVec>0 3 </MemPortTyVec>
</StgValue>
</port>
<port id="99" name="dct_coeff_table" dir="0" iftype="1">
<core>ROM_nP</core><StgValue><ssdm name="dct_coeff_table"/><MemPortTyVec>1 </MemPortTyVec>
</StgValue>
</port>
</ports>


<dataflows>
<dataflow id="101" from="_ssdm_op_SpecBitsMap" to="stg_9" fromId="100" toId="9">
</dataflow>
<dataflow id="102" from="input_r" to="stg_9" fromId="97" toId="9">
</dataflow>
<dataflow id="103" from="_ssdm_op_SpecBitsMap" to="stg_10" fromId="100" toId="10">
</dataflow>
<dataflow id="104" from="output_r" to="stg_10" fromId="98" toId="10">
</dataflow>
<dataflow id="106" from="_ssdm_op_SpecTopModule" to="stg_11" fromId="105" toId="11">
</dataflow>
<dataflow id="108" from="str" to="stg_11" fromId="107" toId="11">
</dataflow>
<dataflow id="110" from="stg_109" to="buf_2d_in" fromId="109" toId="12">
</dataflow>
<dataflow id="111" from="stg_109" to="buf_2d_out" fromId="109" toId="13">
</dataflow>
<dataflow id="113" from="stg_112" to="r_i" fromId="112" toId="15">
<condition id="54">
<or_exp><and_exp></and_exp></or_exp>
</condition>
</dataflow>
<dataflow id="114" from="stg_14" to="r_i" fromId="14" toId="15">
</dataflow>
<dataflow id="115" from="r" to="r_i" fromId="18" toId="15">
<BackEdge/>
<condition id="55">
<or_exp><and_exp><literal name="exitcond_i" val="1"/>
</and_exp></or_exp>
</condition>
</dataflow>
<dataflow id="116" from="stg_41" to="r_i" fromId="41" toId="15">
<BackEdge/>
</dataflow>
<dataflow id="117" from="r_i" to="exitcond1_i" fromId="15" toId="16">
</dataflow>
<dataflow id="119" from="stg_118" to="exitcond1_i" fromId="118" toId="16">
</dataflow>
<dataflow id="121" from="_ssdm_op_SpecLoopTripCount" to="empty" fromId="120" toId="17">
</dataflow>
<dataflow id="123" from="stg_122" to="empty" fromId="122" toId="17">
</dataflow>
<dataflow id="124" from="stg_122" to="empty" fromId="122" toId="17">
</dataflow>
<dataflow id="125" from="stg_122" to="empty" fromId="122" toId="17">
</dataflow>
<dataflow id="126" from="r_i" to="r" fromId="15" toId="18">
</dataflow>
<dataflow id="128" from="stg_127" to="r" fromId="127" toId="18">
</dataflow>
<dataflow id="129" from="exitcond1_i" to="stg_19" fromId="16" toId="19">
</dataflow>
<dataflow id="131" from="_ssdm_op_SpecLoopName" to="stg_20" fromId="130" toId="20">
</dataflow>
<dataflow id="133" from="p_str8" to="stg_20" fromId="132" toId="20">
</dataflow>
<dataflow id="135" from="_ssdm_op_SpecRegionBegin" to="tmp_8_i" fromId="134" toId="21">
</dataflow>
<dataflow id="136" from="p_str8" to="tmp_8_i" fromId="132" toId="21">
</dataflow>
<dataflow id="137" from="r_i" to="tmp" fromId="15" toId="22">
</dataflow>
<dataflow id="139" from="_ssdm_op_BitConcatenate.i6.i3.i3" to="tmp_i" fromId="138" toId="23">
</dataflow>
<dataflow id="140" from="tmp" to="tmp_i" fromId="22" toId="23">
</dataflow>
<dataflow id="142" from="stg_141" to="tmp_i" fromId="141" toId="23">
</dataflow>
<dataflow id="144" from="dct_2d" to="stg_25" fromId="143" toId="25">
</dataflow>
<dataflow id="145" from="buf_2d_in" to="stg_25" fromId="12" toId="25">
</dataflow>
<dataflow id="146" from="buf_2d_out" to="stg_25" fromId="13" toId="25">
</dataflow>
<dataflow id="147" from="dct_coeff_table" to="stg_25" fromId="99" toId="25">
</dataflow>
<dataflow id="148" from="stg_112" to="c_i" fromId="112" toId="26">
<condition id="56">
<or_exp><and_exp><literal name="exitcond1_i" val="0"/>
</and_exp></or_exp>
</condition>
</dataflow>
<dataflow id="149" from="stg_24" to="c_i" fromId="24" toId="26">
</dataflow>
<dataflow id="150" from="c" to="c_i" fromId="31" toId="26">
<BackEdge/>
<condition id="57">
<or_exp><and_exp></and_exp></or_exp>
</condition>
</dataflow>
<dataflow id="151" from="stg_47" to="c_i" fromId="47" toId="26">
<BackEdge/>
</dataflow>
<dataflow id="152" from="c_i" to="c_i_cast6" fromId="26" toId="27">
</dataflow>
<dataflow id="153" from="c_i" to="c_i_cast5_cast" fromId="26" toId="28">
</dataflow>
<dataflow id="154" from="c_i" to="exitcond_i" fromId="26" toId="29">
</dataflow>
<dataflow id="155" from="stg_118" to="exitcond_i" fromId="118" toId="29">
</dataflow>
<dataflow id="156" from="_ssdm_op_SpecLoopTripCount" to="empty_15" fromId="120" toId="30">
</dataflow>
<dataflow id="157" from="stg_122" to="empty_15" fromId="122" toId="30">
</dataflow>
<dataflow id="158" from="stg_122" to="empty_15" fromId="122" toId="30">
</dataflow>
<dataflow id="159" from="stg_122" to="empty_15" fromId="122" toId="30">
</dataflow>
<dataflow id="160" from="c_i" to="c" fromId="26" toId="31">
</dataflow>
<dataflow id="161" from="stg_127" to="c" fromId="127" toId="31">
</dataflow>
<dataflow id="162" from="exitcond_i" to="stg_32" fromId="29" toId="32">
</dataflow>
<dataflow id="163" from="c_i_cast6" to="sum_i" fromId="27" toId="33">
</dataflow>
<dataflow id="164" from="tmp_i" to="sum_i" fromId="23" toId="33">
</dataflow>
<dataflow id="165" from="sum_i" to="sum_i_cast" fromId="33" toId="34">
</dataflow>
<dataflow id="166" from="input_r" to="input_addr" fromId="97" toId="35">
</dataflow>
<dataflow id="168" from="stg_167" to="input_addr" fromId="167" toId="35">
</dataflow>
<dataflow id="169" from="sum_i_cast" to="input_addr" fromId="34" toId="35">
</dataflow>
<dataflow id="170" from="input_addr" to="input_load" fromId="35" toId="36">
</dataflow>
<dataflow id="172" from="_ssdm_op_BitConcatenate.i7.i4.i3" to="tmp_2" fromId="171" toId="37">
</dataflow>
<dataflow id="173" from="r_i" to="tmp_2" fromId="15" toId="37">
</dataflow>
<dataflow id="174" from="stg_141" to="tmp_2" fromId="141" toId="37">
</dataflow>
<dataflow id="175" from="tmp_2" to="p_addr_cast" fromId="37" toId="38">
</dataflow>
<dataflow id="176" from="p_addr_cast" to="p_addr1" fromId="38" toId="39">
</dataflow>
<dataflow id="177" from="c_i_cast5_cast" to="p_addr1" fromId="28" toId="39">
</dataflow>
<dataflow id="179" from="_ssdm_op_SpecRegionEnd" to="empty_16" fromId="178" toId="40">
</dataflow>
<dataflow id="180" from="p_str8" to="empty_16" fromId="132" toId="40">
</dataflow>
<dataflow id="181" from="tmp_8_i" to="empty_16" fromId="21" toId="40">
</dataflow>
<dataflow id="182" from="_ssdm_op_SpecLoopName" to="stg_42" fromId="130" toId="42">
</dataflow>
<dataflow id="184" from="p_str9" to="stg_42" fromId="183" toId="42">
</dataflow>
<dataflow id="185" from="input_addr" to="input_load" fromId="35" toId="43">
</dataflow>
<dataflow id="186" from="p_addr1" to="p_addr1_cast" fromId="39" toId="44">
</dataflow>
<dataflow id="187" from="buf_2d_in" to="buf_2d_in_addr" fromId="12" toId="45">
</dataflow>
<dataflow id="188" from="stg_167" to="buf_2d_in_addr" fromId="167" toId="45">
</dataflow>
<dataflow id="189" from="p_addr1_cast" to="buf_2d_in_addr" fromId="44" toId="45">
</dataflow>
<dataflow id="190" from="input_load" to="stg_46" fromId="43" toId="46">
</dataflow>
<dataflow id="191" from="buf_2d_in_addr" to="stg_46" fromId="45" toId="46">
</dataflow>
<dataflow id="192" from="dct_2d" to="stg_48" fromId="143" toId="48">
</dataflow>
<dataflow id="193" from="buf_2d_in" to="stg_48" fromId="12" toId="48">
</dataflow>
<dataflow id="194" from="buf_2d_out" to="stg_48" fromId="13" toId="48">
</dataflow>
<dataflow id="195" from="dct_coeff_table" to="stg_48" fromId="99" toId="48">
</dataflow>
<dataflow id="196" from="stg_112" to="r_i2" fromId="112" toId="50">
<condition id="58">
<or_exp><and_exp></and_exp></or_exp>
</condition>
</dataflow>
<dataflow id="197" from="stg_49" to="r_i2" fromId="49" toId="50">
</dataflow>
<dataflow id="198" from="r_1" to="r_i2" fromId="53" toId="50">
<BackEdge/>
<condition id="59">
<or_exp><and_exp><literal name="exitcond_i6" val="1"/>
</and_exp></or_exp>
</condition>
</dataflow>
<dataflow id="199" from="stg_76" to="r_i2" fromId="76" toId="50">
<BackEdge/>
</dataflow>
<dataflow id="200" from="r_i2" to="exitcond1_i3" fromId="50" toId="51">
</dataflow>
<dataflow id="201" from="stg_118" to="exitcond1_i3" fromId="118" toId="51">
</dataflow>
<dataflow id="202" from="_ssdm_op_SpecLoopTripCount" to="empty_17" fromId="120" toId="52">
</dataflow>
<dataflow id="203" from="stg_122" to="empty_17" fromId="122" toId="52">
</dataflow>
<dataflow id="204" from="stg_122" to="empty_17" fromId="122" toId="52">
</dataflow>
<dataflow id="205" from="stg_122" to="empty_17" fromId="122" toId="52">
</dataflow>
<dataflow id="206" from="r_i2" to="r_1" fromId="50" toId="53">
</dataflow>
<dataflow id="207" from="stg_127" to="r_1" fromId="127" toId="53">
</dataflow>
<dataflow id="208" from="exitcond1_i3" to="stg_54" fromId="51" toId="54">
</dataflow>
<dataflow id="209" from="_ssdm_op_SpecLoopName" to="stg_55" fromId="130" toId="55">
</dataflow>
<dataflow id="211" from="p_str10" to="stg_55" fromId="210" toId="55">
</dataflow>
<dataflow id="212" from="_ssdm_op_SpecRegionBegin" to="tmp_1_i" fromId="134" toId="56">
</dataflow>
<dataflow id="213" from="p_str10" to="tmp_1_i" fromId="210" toId="56">
</dataflow>
<dataflow id="214" from="r_i2" to="tmp_1" fromId="50" toId="57">
</dataflow>
<dataflow id="215" from="_ssdm_op_BitConcatenate.i6.i3.i3" to="tmp_i4" fromId="138" toId="58">
</dataflow>
<dataflow id="216" from="tmp_1" to="tmp_i4" fromId="57" toId="58">
</dataflow>
<dataflow id="217" from="stg_141" to="tmp_i4" fromId="141" toId="58">
</dataflow>
<dataflow id="218" from="stg_112" to="c_i5" fromId="112" toId="61">
<condition id="60">
<or_exp><and_exp><literal name="exitcond1_i3" val="0"/>
</and_exp></or_exp>
</condition>
</dataflow>
<dataflow id="219" from="stg_59" to="c_i5" fromId="59" toId="61">
</dataflow>
<dataflow id="220" from="c_1" to="c_i5" fromId="66" toId="61">
<BackEdge/>
<condition id="61">
<or_exp><and_exp></and_exp></or_exp>
</condition>
</dataflow>
<dataflow id="221" from="stg_82" to="c_i5" fromId="82" toId="61">
<BackEdge/>
</dataflow>
<dataflow id="222" from="c_i5" to="c_i5_cast2" fromId="61" toId="62">
</dataflow>
<dataflow id="223" from="c_i5" to="c_i5_cast1_cast" fromId="61" toId="63">
</dataflow>
<dataflow id="224" from="c_i5" to="exitcond_i6" fromId="61" toId="64">
</dataflow>
<dataflow id="225" from="stg_118" to="exitcond_i6" fromId="118" toId="64">
</dataflow>
<dataflow id="226" from="_ssdm_op_SpecLoopTripCount" to="empty_18" fromId="120" toId="65">
</dataflow>
<dataflow id="227" from="stg_122" to="empty_18" fromId="122" toId="65">
</dataflow>
<dataflow id="228" from="stg_122" to="empty_18" fromId="122" toId="65">
</dataflow>
<dataflow id="229" from="stg_122" to="empty_18" fromId="122" toId="65">
</dataflow>
<dataflow id="230" from="c_i5" to="c_1" fromId="61" toId="66">
</dataflow>
<dataflow id="231" from="stg_127" to="c_1" fromId="127" toId="66">
</dataflow>
<dataflow id="232" from="exitcond_i6" to="stg_67" fromId="64" toId="67">
</dataflow>
<dataflow id="233" from="_ssdm_op_BitConcatenate.i7.i4.i3" to="tmp_3" fromId="171" toId="68">
</dataflow>
<dataflow id="234" from="r_i2" to="tmp_3" fromId="50" toId="68">
</dataflow>
<dataflow id="235" from="stg_141" to="tmp_3" fromId="141" toId="68">
</dataflow>
<dataflow id="236" from="tmp_3" to="p_addr2_cast" fromId="68" toId="69">
</dataflow>
<dataflow id="237" from="p_addr2_cast" to="p_addr3" fromId="69" toId="70">
</dataflow>
<dataflow id="238" from="c_i5_cast1_cast" to="p_addr3" fromId="63" toId="70">
</dataflow>
<dataflow id="239" from="p_addr3" to="p_addr3_cast" fromId="70" toId="71">
</dataflow>
<dataflow id="240" from="buf_2d_out" to="buf_2d_out_addr" fromId="13" toId="72">
</dataflow>
<dataflow id="241" from="stg_167" to="buf_2d_out_addr" fromId="167" toId="72">
</dataflow>
<dataflow id="242" from="p_addr3_cast" to="buf_2d_out_addr" fromId="71" toId="72">
</dataflow>
<dataflow id="243" from="buf_2d_out_addr" to="buf_2d_out_load" fromId="72" toId="73">
</dataflow>
<dataflow id="244" from="c_i5_cast2" to="sum3_i" fromId="62" toId="74">
</dataflow>
<dataflow id="245" from="tmp_i4" to="sum3_i" fromId="58" toId="74">
</dataflow>
<dataflow id="246" from="_ssdm_op_SpecRegionEnd" to="empty_19" fromId="178" toId="75">
</dataflow>
<dataflow id="247" from="p_str10" to="empty_19" fromId="210" toId="75">
</dataflow>
<dataflow id="248" from="tmp_1_i" to="empty_19" fromId="56" toId="75">
</dataflow>
<dataflow id="249" from="_ssdm_op_SpecLoopName" to="stg_77" fromId="130" toId="77">
</dataflow>
<dataflow id="251" from="p_str11" to="stg_77" fromId="250" toId="77">
</dataflow>
<dataflow id="252" from="buf_2d_out_addr" to="buf_2d_out_load" fromId="72" toId="78">
</dataflow>
<dataflow id="253" from="sum3_i" to="sum3_i_cast" fromId="74" toId="79">
</dataflow>
<dataflow id="254" from="output_r" to="output_addr" fromId="98" toId="80">
</dataflow>
<dataflow id="255" from="stg_167" to="output_addr" fromId="167" toId="80">
</dataflow>
<dataflow id="256" from="sum3_i_cast" to="output_addr" fromId="79" toId="80">
</dataflow>
<dataflow id="257" from="buf_2d_out_load" to="stg_81" fromId="78" toId="81">
</dataflow>
<dataflow id="258" from="output_addr" to="stg_81" fromId="80" toId="81">
</dataflow>
<dataflow id="259" from="exitcond1_i" to="stg_2" fromId="16" toId="2">
</dataflow>
<dataflow id="260" from="exitcond_i" to="stg_3" fromId="29" toId="3">
</dataflow>
<dataflow id="261" from="exitcond1_i3" to="stg_6" fromId="51" toId="6">
</dataflow>
<dataflow id="262" from="exitcond_i6" to="stg_7" fromId="64" toId="7">
</dataflow>
</dataflows>


</stg>
