<stg><name>dct_2d</name>


<trans_list>

<trans id="99" from="1" to="2">
<condition id="30">
<or_exp><and_exp></and_exp></or_exp>
</condition>
</trans>

<trans id="100" from="2" to="3">
<condition id="33">
<or_exp><and_exp><literal name="exitcond7" val="0"/>
</and_exp></or_exp>
</condition>
</trans>

<trans id="101" from="2" to="4">
<condition id="32">
<or_exp><and_exp><literal name="exitcond7" val="1"/>
</and_exp></or_exp>
</condition>
</trans>

<trans id="103" from="3" to="2">
<condition id="36">
<or_exp><and_exp></and_exp></or_exp>
</condition>
</trans>

<trans id="104" from="4" to="7">
<condition id="38">
<or_exp><and_exp><literal name="exitcond6" val="1"/>
</and_exp></or_exp>
</condition>
</trans>

<trans id="105" from="4" to="5">
<condition id="40">
<or_exp><and_exp><literal name="exitcond6" val="0"/>
</and_exp></or_exp>
</condition>
</trans>

<trans id="106" from="5" to="6">
<condition id="41">
<or_exp><and_exp><literal name="exitcond5" val="0"/>
</and_exp></or_exp>
</condition>
</trans>

<trans id="109" from="5" to="4">
<condition id="46">
<or_exp><and_exp><literal name="exitcond5" val="1"/>
</and_exp></or_exp>
</condition>
</trans>

<trans id="108" from="6" to="5">
<condition id="44">
<or_exp><and_exp></and_exp></or_exp>
</condition>
</trans>

<trans id="110" from="7" to="8">
<condition id="49">
<or_exp><and_exp><literal name="exitcond4" val="0"/>
</and_exp></or_exp>
</condition>
</trans>

<trans id="111" from="7" to="9">
<condition id="48">
<or_exp><and_exp><literal name="exitcond4" val="1"/>
</and_exp></or_exp>
</condition>
</trans>

<trans id="113" from="8" to="7">
<condition id="52">
<or_exp><and_exp></and_exp></or_exp>
</condition>
</trans>

<trans id="114" from="9" to="10">
<condition id="54">
<or_exp><and_exp><literal name="exitcond3" val="0"/>
</and_exp></or_exp>
</condition>
</trans>

<trans id="115" from="10" to="11">
<condition id="55">
<or_exp><and_exp><literal name="exitcond" val="0"/>
</and_exp></or_exp>
</condition>
</trans>

<trans id="118" from="10" to="9">
<condition id="60">
<or_exp><and_exp><literal name="exitcond" val="1"/>
</and_exp></or_exp>
</condition>
</trans>

<trans id="117" from="11" to="10">
<condition id="58">
<or_exp><and_exp></and_exp></or_exp>
</condition>
</trans>
</trans_list>



<state_list>

<state id="1" st_id="1">

<operation id="12" st_id="1" stage="1" lat="1">
<core>RAM</core>
<MemPortIdVec></MemPortIdVec>
<condition id="0">
<or_exp><and_exp></and_exp></or_exp>
</condition>

<node id="4" bw="16" op_0_bw="32">
<![CDATA[
:0  %row_outbuf = alloca [64 x i16], align 2

]]></node>
<StgValue><ssdm name="row_outbuf"/><MemPortTyVec>2 3 </MemPortTyVec>
</StgValue>
</operation>

<operation id="13" st_id="1" stage="1" lat="1">
<core>RAM</core>
<MemPortIdVec></MemPortIdVec>
<condition id="0">
<or_exp><and_exp></and_exp></or_exp>
</condition>

<node id="5" bw="16" op_0_bw="32">
<![CDATA[
:1  %col_outbuf = alloca [64 x i16], align 2

]]></node>
<StgValue><ssdm name="col_outbuf"/><MemPortTyVec>2 3 </MemPortTyVec>
</StgValue>
</operation>

<operation id="14" st_id="1" stage="1" lat="1">
<core>RAM</core>
<MemPortIdVec></MemPortIdVec>
<condition id="0">
<or_exp><and_exp></and_exp></or_exp>
</condition>

<node id="6" bw="16" op_0_bw="32">
<![CDATA[
:2  %col_inbuf = alloca [64 x i16], align 2

]]></node>
<StgValue><ssdm name="col_inbuf"/><MemPortTyVec>2 3 </MemPortTyVec>
</StgValue>
</operation>

<operation id="15" st_id="1" stage="1" lat="1">
<core>NULL</core>
<MemPortIdVec></MemPortIdVec>
<condition id="0">
<or_exp><and_exp></and_exp></or_exp>
</condition>

<node id="7" bw="0" op_0_bw="0">
<![CDATA[
:3  br label %1

]]></node>
<StgValue><ssdm name=""/></StgValue>
</operation>
</state>

<state id="2" st_id="2">

<operation id="16" st_id="2" stage="1" lat="1">
<core>NULL</core>
<MemPortIdVec></MemPortIdVec>
<condition id="1">
<or_exp><and_exp></and_exp></or_exp>
</condition>

<node id="9" bw="4" op_0_bw="4" op_1_bw="0">
<![CDATA[
:0  %i = phi i4 [ 0, %0 ], [ %i_4, %2 ]

]]></node>
<StgValue><ssdm name="i"/></StgValue>
</operation>

<operation id="17" st_id="2" stage="1" lat="1">
<core>Cmp</core>
<MemPortIdVec></MemPortIdVec>
<condition id="1">
<or_exp><and_exp></and_exp></or_exp>
</condition>

<node id="10" bw="1" op_0_bw="4" op_1_bw="4">
<![CDATA[
:1  %exitcond7 = icmp eq i4 %i, -8

]]></node>
<StgValue><ssdm name="exitcond7"/></StgValue>
</operation>

<operation id="18" st_id="2" stage="1" lat="1">
<core>NULL</core>
<MemPortIdVec></MemPortIdVec>
<condition id="1">
<or_exp><and_exp></and_exp></or_exp>
</condition>

<node id="11" bw="32" op_0_bw="32" op_1_bw="64" op_2_bw="64" op_3_bw="64">
<![CDATA[
:2  %empty = call i32 (...)* @_ssdm_op_SpecLoopTripCount(i64 8, i64 8, i64 8)

]]></node>
<StgValue><ssdm name="empty"/></StgValue>
</operation>

<operation id="19" st_id="2" stage="1" lat="1">
<core>AddSub</core>
<MemPortIdVec></MemPortIdVec>
<condition id="1">
<or_exp><and_exp></and_exp></or_exp>
</condition>

<node id="12" bw="4" op_0_bw="4" op_1_bw="4">
<![CDATA[
:3  %i_4 = add i4 %i, 1

]]></node>
<StgValue><ssdm name="i_4"/></StgValue>
</operation>

<operation id="20" st_id="2" stage="1" lat="1">
<core>NULL</core>
<MemPortIdVec></MemPortIdVec>
<condition id="1">
<or_exp><and_exp></and_exp></or_exp>
</condition>

<node id="13" bw="0" op_0_bw="1" op_1_bw="0" op_2_bw="0">
<![CDATA[
:4  br i1 %exitcond7, label %.preheader2, label %2

]]></node>
<StgValue><ssdm name=""/></StgValue>
</operation>

<operation id="21" st_id="2" stage="2" lat="2">
<core></core>
<MemPortIdVec></MemPortIdVec>
<condition id="3">
<or_exp><and_exp><literal name="exitcond7" val="0"/>
</and_exp></or_exp>
</condition>

<node id="16" bw="0" op_0_bw="0" op_1_bw="16" op_2_bw="4" op_3_bw="16" op_4_bw="4">
<![CDATA[
:1  call fastcc void @dct_1d([64 x i16]* nocapture %in_block, i4 %i, [64 x i16]* nocapture %row_outbuf, i4 %i)

]]></node>
<StgValue><ssdm name=""/></StgValue>
</operation>
</state>

<state id="3" st_id="3">

<operation id="22" st_id="3" stage="1" lat="1">
<core>NULL</core>
<MemPortIdVec></MemPortIdVec>
<condition id="4">
<or_exp><and_exp></and_exp></or_exp>
</condition>

<node id="15" bw="0" op_0_bw="0" op_1_bw="8">
<![CDATA[
:0  call void (...)* @_ssdm_op_SpecLoopName([13 x i8]* @p_str2) nounwind

]]></node>
<StgValue><ssdm name=""/></StgValue>
</operation>

<operation id="23" st_id="3" stage="1" lat="2">
<core></core>
<MemPortIdVec></MemPortIdVec>
<condition id="4">
<or_exp><and_exp></and_exp></or_exp>
</condition>

<node id="16" bw="0" op_0_bw="0" op_1_bw="16" op_2_bw="4" op_3_bw="16" op_4_bw="4">
<![CDATA[
:1  call fastcc void @dct_1d([64 x i16]* nocapture %in_block, i4 %i, [64 x i16]* nocapture %row_outbuf, i4 %i)

]]></node>
<StgValue><ssdm name=""/></StgValue>
</operation>

<operation id="24" st_id="3" stage="1" lat="1">
<core>NULL</core>
<MemPortIdVec></MemPortIdVec>
<condition id="4">
<or_exp><and_exp></and_exp></or_exp>
</condition>

<node id="17" bw="0" op_0_bw="0">
<![CDATA[
:2  br label %1

]]></node>
<StgValue><ssdm name=""/></StgValue>
</operation>
</state>

<state id="4" st_id="4">

<operation id="25" st_id="4" stage="1" lat="1">
<core>NULL</core>
<MemPortIdVec></MemPortIdVec>
<condition id="5">
<or_exp><and_exp></and_exp></or_exp>
</condition>

<node id="19" bw="4" op_0_bw="4" op_1_bw="0">
<![CDATA[
.preheader2:0  %j = phi i4 [ %j_2, %6 ], [ 0, %1 ]

]]></node>
<StgValue><ssdm name="j"/></StgValue>
</operation>

<operation id="26" st_id="4" stage="1" lat="1">
<core>NULL</core>
<MemPortIdVec></MemPortIdVec>
<condition id="5">
<or_exp><and_exp></and_exp></or_exp>
</condition>

<node id="20" bw="8" op_0_bw="4">
<![CDATA[
.preheader2:1  %j_cast5_cast = zext i4 %j to i8

]]></node>
<StgValue><ssdm name="j_cast5_cast"/></StgValue>
</operation>

<operation id="27" st_id="4" stage="1" lat="1">
<core>Cmp</core>
<MemPortIdVec></MemPortIdVec>
<condition id="5">
<or_exp><and_exp></and_exp></or_exp>
</condition>

<node id="21" bw="1" op_0_bw="4" op_1_bw="4">
<![CDATA[
.preheader2:2  %exitcond6 = icmp eq i4 %j, -8

]]></node>
<StgValue><ssdm name="exitcond6"/></StgValue>
</operation>

<operation id="28" st_id="4" stage="1" lat="1">
<core>NULL</core>
<MemPortIdVec></MemPortIdVec>
<condition id="5">
<or_exp><and_exp></and_exp></or_exp>
</condition>

<node id="22" bw="32" op_0_bw="32" op_1_bw="64" op_2_bw="64" op_3_bw="64">
<![CDATA[
.preheader2:3  %empty_20 = call i32 (...)* @_ssdm_op_SpecLoopTripCount(i64 8, i64 8, i64 8)

]]></node>
<StgValue><ssdm name="empty_20"/></StgValue>
</operation>

<operation id="29" st_id="4" stage="1" lat="1">
<core>AddSub</core>
<MemPortIdVec></MemPortIdVec>
<condition id="5">
<or_exp><and_exp></and_exp></or_exp>
</condition>

<node id="23" bw="4" op_0_bw="4" op_1_bw="4">
<![CDATA[
.preheader2:4  %j_2 = add i4 %j, 1

]]></node>
<StgValue><ssdm name="j_2"/></StgValue>
</operation>

<operation id="30" st_id="4" stage="1" lat="1">
<core>NULL</core>
<MemPortIdVec></MemPortIdVec>
<condition id="5">
<or_exp><and_exp></and_exp></or_exp>
</condition>

<node id="24" bw="0" op_0_bw="1" op_1_bw="0" op_2_bw="0">
<![CDATA[
.preheader2:5  br i1 %exitcond6, label %.preheader1, label %3

]]></node>
<StgValue><ssdm name=""/></StgValue>
</operation>

<operation id="31" st_id="4" stage="1" lat="1">
<core>NULL</core>
<MemPortIdVec></MemPortIdVec>
<condition id="7">
<or_exp><and_exp><literal name="exitcond6" val="0"/>
</and_exp></or_exp>
</condition>

<node id="26" bw="0" op_0_bw="0" op_1_bw="8">
<![CDATA[
:0  call void (...)* @_ssdm_op_SpecLoopName([21 x i8]* @p_str3) nounwind

]]></node>
<StgValue><ssdm name=""/></StgValue>
</operation>

<operation id="32" st_id="4" stage="1" lat="1">
<core>NULL</core>
<MemPortIdVec></MemPortIdVec>
<condition id="7">
<or_exp><and_exp><literal name="exitcond6" val="0"/>
</and_exp></or_exp>
</condition>

<node id="27" bw="32" op_0_bw="32" op_1_bw="8">
<![CDATA[
:1  %tmp_3 = call i32 (...)* @_ssdm_op_SpecRegionBegin([21 x i8]* @p_str3)

]]></node>
<StgValue><ssdm name="tmp_3"/></StgValue>
</operation>

<operation id="33" st_id="4" stage="1" lat="1">
<core>NULL</core>
<MemPortIdVec></MemPortIdVec>
<condition id="7">
<or_exp><and_exp><literal name="exitcond6" val="0"/>
</and_exp></or_exp>
</condition>

<node id="28" bw="0" op_0_bw="0">
<![CDATA[
:2  br label %4

]]></node>
<StgValue><ssdm name=""/></StgValue>
</operation>
</state>

<state id="5" st_id="5">

<operation id="34" st_id="5" stage="1" lat="1">
<core>NULL</core>
<MemPortIdVec></MemPortIdVec>
<condition id="8">
<or_exp><and_exp></and_exp></or_exp>
</condition>

<node id="30" bw="4" op_0_bw="4" op_1_bw="0">
<![CDATA[
:0  %i_1 = phi i4 [ 0, %3 ], [ %i_6, %5 ]

]]></node>
<StgValue><ssdm name="i_1"/></StgValue>
</operation>

<operation id="35" st_id="5" stage="1" lat="1">
<core>NULL</core>
<MemPortIdVec></MemPortIdVec>
<condition id="8">
<or_exp><and_exp></and_exp></or_exp>
</condition>

<node id="31" bw="8" op_0_bw="4">
<![CDATA[
:1  %i_1_cast4_cast = zext i4 %i_1 to i8

]]></node>
<StgValue><ssdm name="i_1_cast4_cast"/></StgValue>
</operation>

<operation id="36" st_id="5" stage="1" lat="1">
<core>Cmp</core>
<MemPortIdVec></MemPortIdVec>
<condition id="8">
<or_exp><and_exp></and_exp></or_exp>
</condition>

<node id="32" bw="1" op_0_bw="4" op_1_bw="4">
<![CDATA[
:2  %exitcond5 = icmp eq i4 %i_1, -8

]]></node>
<StgValue><ssdm name="exitcond5"/></StgValue>
</operation>

<operation id="37" st_id="5" stage="1" lat="1">
<core>NULL</core>
<MemPortIdVec></MemPortIdVec>
<condition id="8">
<or_exp><and_exp></and_exp></or_exp>
</condition>

<node id="33" bw="32" op_0_bw="32" op_1_bw="64" op_2_bw="64" op_3_bw="64">
<![CDATA[
:3  %empty_21 = call i32 (...)* @_ssdm_op_SpecLoopTripCount(i64 8, i64 8, i64 8)

]]></node>
<StgValue><ssdm name="empty_21"/></StgValue>
</operation>

<operation id="38" st_id="5" stage="1" lat="1">
<core>AddSub</core>
<MemPortIdVec></MemPortIdVec>
<condition id="8">
<or_exp><and_exp></and_exp></or_exp>
</condition>

<node id="34" bw="4" op_0_bw="4" op_1_bw="4">
<![CDATA[
:4  %i_6 = add i4 %i_1, 1

]]></node>
<StgValue><ssdm name="i_6"/></StgValue>
</operation>

<operation id="39" st_id="5" stage="1" lat="1">
<core>NULL</core>
<MemPortIdVec></MemPortIdVec>
<condition id="8">
<or_exp><and_exp></and_exp></or_exp>
</condition>

<node id="35" bw="0" op_0_bw="1" op_1_bw="0" op_2_bw="0">
<![CDATA[
:5  br i1 %exitcond5, label %6, label %5

]]></node>
<StgValue><ssdm name=""/></StgValue>
</operation>

<operation id="40" st_id="5" stage="1" lat="1">
<core>NULL</core>
<MemPortIdVec></MemPortIdVec>
<condition id="10">
<or_exp><and_exp><literal name="exitcond5" val="0"/>
</and_exp></or_exp>
</condition>

<node id="38" bw="7" op_0_bw="7" op_1_bw="4" op_2_bw="3">
<![CDATA[
:1  %tmp = call i7 @_ssdm_op_BitConcatenate.i7.i4.i3(i4 %i_1, i3 0)

]]></node>
<StgValue><ssdm name="tmp"/></StgValue>
</operation>

<operation id="41" st_id="5" stage="1" lat="1">
<core>NULL</core>
<MemPortIdVec></MemPortIdVec>
<condition id="10">
<or_exp><and_exp><literal name="exitcond5" val="0"/>
</and_exp></or_exp>
</condition>

<node id="39" bw="8" op_0_bw="7">
<![CDATA[
:2  %p_addr_cast = zext i7 %tmp to i8

]]></node>
<StgValue><ssdm name="p_addr_cast"/></StgValue>
</operation>

<operation id="42" st_id="5" stage="1" lat="1">
<core>AddSub</core>
<MemPortIdVec></MemPortIdVec>
<condition id="10">
<or_exp><and_exp><literal name="exitcond5" val="0"/>
</and_exp></or_exp>
</condition>

<node id="40" bw="8" op_0_bw="8" op_1_bw="8">
<![CDATA[
:3  %p_addr1 = add i8 %p_addr_cast, %j_cast5_cast

]]></node>
<StgValue><ssdm name="p_addr1"/></StgValue>
</operation>

<operation id="43" st_id="5" stage="1" lat="1">
<core>NULL</core>
<MemPortIdVec></MemPortIdVec>
<condition id="10">
<or_exp><and_exp><literal name="exitcond5" val="0"/>
</and_exp></or_exp>
</condition>

<node id="41" bw="32" op_0_bw="8">
<![CDATA[
:4  %p_addr1_cast = zext i8 %p_addr1 to i32

]]></node>
<StgValue><ssdm name="p_addr1_cast"/></StgValue>
</operation>

<operation id="44" st_id="5" stage="1" lat="1">
<core>NULL</core>
<MemPortIdVec></MemPortIdVec>
<condition id="10">
<or_exp><and_exp><literal name="exitcond5" val="0"/>
</and_exp></or_exp>
</condition>

<node id="42" bw="6" op_0_bw="16" op_1_bw="32" op_2_bw="32">
<![CDATA[
:5  %row_outbuf_addr = getelementptr [64 x i16]* %row_outbuf, i32 0, i32 %p_addr1_cast

]]></node>
<StgValue><ssdm name="row_outbuf_addr"/></StgValue>
</operation>

<operation id="45" st_id="5" stage="2" lat="2">
<core>RAM</core>
<MemPortIdVec>0 </MemPortIdVec>
<condition id="10">
<or_exp><and_exp><literal name="exitcond5" val="0"/>
</and_exp></or_exp>
</condition>

<node id="43" bw="16" op_0_bw="6">
<![CDATA[
:6  %row_outbuf_load = load i16* %row_outbuf_addr, align 2

]]></node>
<StgValue><ssdm name="row_outbuf_load"/></StgValue>
</operation>

<operation id="46" st_id="5" stage="1" lat="1">
<core>NULL</core>
<MemPortIdVec></MemPortIdVec>
<condition id="10">
<or_exp><and_exp><literal name="exitcond5" val="0"/>
</and_exp></or_exp>
</condition>

<node id="44" bw="7" op_0_bw="7" op_1_bw="4" op_2_bw="3">
<![CDATA[
:7  %tmp_4 = call i7 @_ssdm_op_BitConcatenate.i7.i4.i3(i4 %j, i3 0)

]]></node>
<StgValue><ssdm name="tmp_4"/></StgValue>
</operation>

<operation id="47" st_id="5" stage="1" lat="1">
<core>NULL</core>
<MemPortIdVec></MemPortIdVec>
<condition id="10">
<or_exp><and_exp><literal name="exitcond5" val="0"/>
</and_exp></or_exp>
</condition>

<node id="45" bw="8" op_0_bw="7">
<![CDATA[
:8  %p_addr4_cast = zext i7 %tmp_4 to i8

]]></node>
<StgValue><ssdm name="p_addr4_cast"/></StgValue>
</operation>

<operation id="48" st_id="5" stage="1" lat="1">
<core>AddSub</core>
<MemPortIdVec></MemPortIdVec>
<condition id="10">
<or_exp><and_exp><literal name="exitcond5" val="0"/>
</and_exp></or_exp>
</condition>

<node id="46" bw="8" op_0_bw="8" op_1_bw="8">
<![CDATA[
:9  %p_addr5 = add i8 %p_addr4_cast, %i_1_cast4_cast

]]></node>
<StgValue><ssdm name="p_addr5"/></StgValue>
</operation>

<operation id="49" st_id="5" stage="1" lat="1">
<core>NULL</core>
<MemPortIdVec></MemPortIdVec>
<condition id="12">
<or_exp><and_exp><literal name="exitcond5" val="1"/>
</and_exp></or_exp>
</condition>

<node id="52" bw="32" op_0_bw="32" op_1_bw="8" op_2_bw="32">
<![CDATA[
:0  %empty_22 = call i32 (...)* @_ssdm_op_SpecRegionEnd([21 x i8]* @p_str3, i32 %tmp_3)

]]></node>
<StgValue><ssdm name="empty_22"/></StgValue>
</operation>

<operation id="50" st_id="5" stage="1" lat="1">
<core>NULL</core>
<MemPortIdVec></MemPortIdVec>
<condition id="12">
<or_exp><and_exp><literal name="exitcond5" val="1"/>
</and_exp></or_exp>
</condition>

<node id="53" bw="0" op_0_bw="0">
<![CDATA[
:1  br label %.preheader2

]]></node>
<StgValue><ssdm name=""/></StgValue>
</operation>
</state>

<state id="6" st_id="6">

<operation id="51" st_id="6" stage="1" lat="1">
<core>NULL</core>
<MemPortIdVec></MemPortIdVec>
<condition id="13">
<or_exp><and_exp></and_exp></or_exp>
</condition>

<node id="37" bw="0" op_0_bw="0" op_1_bw="8">
<![CDATA[
:0  call void (...)* @_ssdm_op_SpecLoopName([21 x i8]* @p_str4) nounwind

]]></node>
<StgValue><ssdm name=""/></StgValue>
</operation>

<operation id="52" st_id="6" stage="1" lat="2">
<core>RAM</core>
<MemPortIdVec>0 </MemPortIdVec>
<condition id="13">
<or_exp><and_exp></and_exp></or_exp>
</condition>

<node id="43" bw="16" op_0_bw="6">
<![CDATA[
:6  %row_outbuf_load = load i16* %row_outbuf_addr, align 2

]]></node>
<StgValue><ssdm name="row_outbuf_load"/></StgValue>
</operation>

<operation id="53" st_id="6" stage="1" lat="1">
<core>NULL</core>
<MemPortIdVec></MemPortIdVec>
<condition id="13">
<or_exp><and_exp></and_exp></or_exp>
</condition>

<node id="47" bw="32" op_0_bw="8">
<![CDATA[
:10  %p_addr5_cast = zext i8 %p_addr5 to i32

]]></node>
<StgValue><ssdm name="p_addr5_cast"/></StgValue>
</operation>

<operation id="54" st_id="6" stage="1" lat="1">
<core>NULL</core>
<MemPortIdVec></MemPortIdVec>
<condition id="13">
<or_exp><and_exp></and_exp></or_exp>
</condition>

<node id="48" bw="6" op_0_bw="16" op_1_bw="32" op_2_bw="32">
<![CDATA[
:11  %col_inbuf_addr = getelementptr [64 x i16]* %col_inbuf, i32 0, i32 %p_addr5_cast

]]></node>
<StgValue><ssdm name="col_inbuf_addr"/></StgValue>
</operation>

<operation id="55" st_id="6" stage="1" lat="1">
<core>RAM</core>
<MemPortIdVec>0 </MemPortIdVec>
<condition id="13">
<or_exp><and_exp></and_exp></or_exp>
</condition>

<node id="49" bw="0" op_0_bw="16" op_1_bw="6">
<![CDATA[
:12  store i16 %row_outbuf_load, i16* %col_inbuf_addr, align 2

]]></node>
<StgValue><ssdm name=""/></StgValue>
</operation>

<operation id="56" st_id="6" stage="1" lat="1">
<core>NULL</core>
<MemPortIdVec></MemPortIdVec>
<condition id="13">
<or_exp><and_exp></and_exp></or_exp>
</condition>

<node id="50" bw="0" op_0_bw="0">
<![CDATA[
:13  br label %4

]]></node>
<StgValue><ssdm name=""/></StgValue>
</operation>
</state>

<state id="7" st_id="7">

<operation id="57" st_id="7" stage="1" lat="1">
<core>NULL</core>
<MemPortIdVec></MemPortIdVec>
<condition id="14">
<or_exp><and_exp></and_exp></or_exp>
</condition>

<node id="55" bw="4" op_0_bw="4" op_1_bw="0">
<![CDATA[
.preheader1:0  %i_2 = phi i4 [ %i_5, %7 ], [ 0, %.preheader2 ]

]]></node>
<StgValue><ssdm name="i_2"/></StgValue>
</operation>

<operation id="58" st_id="7" stage="1" lat="1">
<core>Cmp</core>
<MemPortIdVec></MemPortIdVec>
<condition id="14">
<or_exp><and_exp></and_exp></or_exp>
</condition>

<node id="56" bw="1" op_0_bw="4" op_1_bw="4">
<![CDATA[
.preheader1:1  %exitcond4 = icmp eq i4 %i_2, -8

]]></node>
<StgValue><ssdm name="exitcond4"/></StgValue>
</operation>

<operation id="59" st_id="7" stage="1" lat="1">
<core>NULL</core>
<MemPortIdVec></MemPortIdVec>
<condition id="14">
<or_exp><and_exp></and_exp></or_exp>
</condition>

<node id="57" bw="32" op_0_bw="32" op_1_bw="64" op_2_bw="64" op_3_bw="64">
<![CDATA[
.preheader1:2  %empty_23 = call i32 (...)* @_ssdm_op_SpecLoopTripCount(i64 8, i64 8, i64 8)

]]></node>
<StgValue><ssdm name="empty_23"/></StgValue>
</operation>

<operation id="60" st_id="7" stage="1" lat="1">
<core>AddSub</core>
<MemPortIdVec></MemPortIdVec>
<condition id="14">
<or_exp><and_exp></and_exp></or_exp>
</condition>

<node id="58" bw="4" op_0_bw="4" op_1_bw="4">
<![CDATA[
.preheader1:3  %i_5 = add i4 %i_2, 1

]]></node>
<StgValue><ssdm name="i_5"/></StgValue>
</operation>

<operation id="61" st_id="7" stage="1" lat="1">
<core>NULL</core>
<MemPortIdVec></MemPortIdVec>
<condition id="14">
<or_exp><and_exp></and_exp></or_exp>
</condition>

<node id="59" bw="0" op_0_bw="1" op_1_bw="0" op_2_bw="0">
<![CDATA[
.preheader1:4  br i1 %exitcond4, label %.preheader, label %7

]]></node>
<StgValue><ssdm name=""/></StgValue>
</operation>

<operation id="62" st_id="7" stage="2" lat="2">
<core></core>
<MemPortIdVec></MemPortIdVec>
<condition id="16">
<or_exp><and_exp><literal name="exitcond4" val="0"/>
</and_exp></or_exp>
</condition>

<node id="62" bw="0" op_0_bw="0" op_1_bw="16" op_2_bw="4" op_3_bw="16" op_4_bw="4">
<![CDATA[
:1  call fastcc void @dct_1d([64 x i16]* nocapture %col_inbuf, i4 %i_2, [64 x i16]* nocapture %col_outbuf, i4 %i_2)

]]></node>
<StgValue><ssdm name=""/></StgValue>
</operation>
</state>

<state id="8" st_id="8">

<operation id="63" st_id="8" stage="1" lat="1">
<core>NULL</core>
<MemPortIdVec></MemPortIdVec>
<condition id="17">
<or_exp><and_exp></and_exp></or_exp>
</condition>

<node id="61" bw="0" op_0_bw="0" op_1_bw="8">
<![CDATA[
:0  call void (...)* @_ssdm_op_SpecLoopName([13 x i8]* @p_str5) nounwind

]]></node>
<StgValue><ssdm name=""/></StgValue>
</operation>

<operation id="64" st_id="8" stage="1" lat="2">
<core></core>
<MemPortIdVec></MemPortIdVec>
<condition id="17">
<or_exp><and_exp></and_exp></or_exp>
</condition>

<node id="62" bw="0" op_0_bw="0" op_1_bw="16" op_2_bw="4" op_3_bw="16" op_4_bw="4">
<![CDATA[
:1  call fastcc void @dct_1d([64 x i16]* nocapture %col_inbuf, i4 %i_2, [64 x i16]* nocapture %col_outbuf, i4 %i_2)

]]></node>
<StgValue><ssdm name=""/></StgValue>
</operation>

<operation id="65" st_id="8" stage="1" lat="1">
<core>NULL</core>
<MemPortIdVec></MemPortIdVec>
<condition id="17">
<or_exp><and_exp></and_exp></or_exp>
</condition>

<node id="63" bw="0" op_0_bw="0">
<![CDATA[
:2  br label %.preheader1

]]></node>
<StgValue><ssdm name=""/></StgValue>
</operation>
</state>

<state id="9" st_id="9">

<operation id="66" st_id="9" stage="1" lat="1">
<core>NULL</core>
<MemPortIdVec></MemPortIdVec>
<condition id="18">
<or_exp><and_exp></and_exp></or_exp>
</condition>

<node id="65" bw="4" op_0_bw="4" op_1_bw="0">
<![CDATA[
.preheader:0  %j_1 = phi i4 [ %j_3, %11 ], [ 0, %.preheader1 ]

]]></node>
<StgValue><ssdm name="j_1"/></StgValue>
</operation>

<operation id="67" st_id="9" stage="1" lat="1">
<core>NULL</core>
<MemPortIdVec></MemPortIdVec>
<condition id="18">
<or_exp><and_exp></and_exp></or_exp>
</condition>

<node id="66" bw="8" op_0_bw="4">
<![CDATA[
.preheader:1  %j_1_cast2_cast = zext i4 %j_1 to i8

]]></node>
<StgValue><ssdm name="j_1_cast2_cast"/></StgValue>
</operation>

<operation id="68" st_id="9" stage="1" lat="1">
<core>Cmp</core>
<MemPortIdVec></MemPortIdVec>
<condition id="18">
<or_exp><and_exp></and_exp></or_exp>
</condition>

<node id="67" bw="1" op_0_bw="4" op_1_bw="4">
<![CDATA[
.preheader:2  %exitcond3 = icmp eq i4 %j_1, -8

]]></node>
<StgValue><ssdm name="exitcond3"/></StgValue>
</operation>

<operation id="69" st_id="9" stage="1" lat="1">
<core>NULL</core>
<MemPortIdVec></MemPortIdVec>
<condition id="18">
<or_exp><and_exp></and_exp></or_exp>
</condition>

<node id="68" bw="32" op_0_bw="32" op_1_bw="64" op_2_bw="64" op_3_bw="64">
<![CDATA[
.preheader:3  %empty_24 = call i32 (...)* @_ssdm_op_SpecLoopTripCount(i64 8, i64 8, i64 8)

]]></node>
<StgValue><ssdm name="empty_24"/></StgValue>
</operation>

<operation id="70" st_id="9" stage="1" lat="1">
<core>AddSub</core>
<MemPortIdVec></MemPortIdVec>
<condition id="18">
<or_exp><and_exp></and_exp></or_exp>
</condition>

<node id="69" bw="4" op_0_bw="4" op_1_bw="4">
<![CDATA[
.preheader:4  %j_3 = add i4 %j_1, 1

]]></node>
<StgValue><ssdm name="j_3"/></StgValue>
</operation>

<operation id="71" st_id="9" stage="1" lat="1">
<core>NULL</core>
<MemPortIdVec></MemPortIdVec>
<condition id="18">
<or_exp><and_exp></and_exp></or_exp>
</condition>

<node id="70" bw="0" op_0_bw="1" op_1_bw="0" op_2_bw="0">
<![CDATA[
.preheader:5  br i1 %exitcond3, label %12, label %8

]]></node>
<StgValue><ssdm name=""/></StgValue>
</operation>

<operation id="72" st_id="9" stage="1" lat="1">
<core>NULL</core>
<MemPortIdVec></MemPortIdVec>
<condition id="20">
<or_exp><and_exp><literal name="exitcond3" val="0"/>
</and_exp></or_exp>
</condition>

<node id="72" bw="0" op_0_bw="0" op_1_bw="8">
<![CDATA[
:0  call void (...)* @_ssdm_op_SpecLoopName([21 x i8]* @p_str6) nounwind

]]></node>
<StgValue><ssdm name=""/></StgValue>
</operation>

<operation id="73" st_id="9" stage="1" lat="1">
<core>NULL</core>
<MemPortIdVec></MemPortIdVec>
<condition id="20">
<or_exp><and_exp><literal name="exitcond3" val="0"/>
</and_exp></or_exp>
</condition>

<node id="73" bw="32" op_0_bw="32" op_1_bw="8">
<![CDATA[
:1  %tmp_5 = call i32 (...)* @_ssdm_op_SpecRegionBegin([21 x i8]* @p_str6)

]]></node>
<StgValue><ssdm name="tmp_5"/></StgValue>
</operation>

<operation id="74" st_id="9" stage="1" lat="1">
<core>NULL</core>
<MemPortIdVec></MemPortIdVec>
<condition id="20">
<or_exp><and_exp><literal name="exitcond3" val="0"/>
</and_exp></or_exp>
</condition>

<node id="74" bw="0" op_0_bw="0">
<![CDATA[
:2  br label %9

]]></node>
<StgValue><ssdm name=""/></StgValue>
</operation>

<operation id="75" st_id="9" stage="1" lat="1">
<core>NULL</core>
<MemPortIdVec></MemPortIdVec>
<condition id="22">
<or_exp><and_exp><literal name="exitcond3" val="1"/>
</and_exp></or_exp>
</condition>

<node id="101" bw="0">
<![CDATA[
:0  ret void

]]></node>
<StgValue><ssdm name=""/></StgValue>
</operation>
</state>

<state id="10" st_id="10">

<operation id="76" st_id="10" stage="1" lat="1">
<core>NULL</core>
<MemPortIdVec></MemPortIdVec>
<condition id="23">
<or_exp><and_exp></and_exp></or_exp>
</condition>

<node id="76" bw="4" op_0_bw="4" op_1_bw="0">
<![CDATA[
:0  %i_3 = phi i4 [ 0, %8 ], [ %i_7, %10 ]

]]></node>
<StgValue><ssdm name="i_3"/></StgValue>
</operation>

<operation id="77" st_id="10" stage="1" lat="1">
<core>NULL</core>
<MemPortIdVec></MemPortIdVec>
<condition id="23">
<or_exp><and_exp></and_exp></or_exp>
</condition>

<node id="77" bw="8" op_0_bw="4">
<![CDATA[
:1  %i_3_cast1_cast = zext i4 %i_3 to i8

]]></node>
<StgValue><ssdm name="i_3_cast1_cast"/></StgValue>
</operation>

<operation id="78" st_id="10" stage="1" lat="1">
<core>Cmp</core>
<MemPortIdVec></MemPortIdVec>
<condition id="23">
<or_exp><and_exp></and_exp></or_exp>
</condition>

<node id="78" bw="1" op_0_bw="4" op_1_bw="4">
<![CDATA[
:2  %exitcond = icmp eq i4 %i_3, -8

]]></node>
<StgValue><ssdm name="exitcond"/></StgValue>
</operation>

<operation id="79" st_id="10" stage="1" lat="1">
<core>NULL</core>
<MemPortIdVec></MemPortIdVec>
<condition id="23">
<or_exp><and_exp></and_exp></or_exp>
</condition>

<node id="79" bw="32" op_0_bw="32" op_1_bw="64" op_2_bw="64" op_3_bw="64">
<![CDATA[
:3  %empty_25 = call i32 (...)* @_ssdm_op_SpecLoopTripCount(i64 8, i64 8, i64 8)

]]></node>
<StgValue><ssdm name="empty_25"/></StgValue>
</operation>

<operation id="80" st_id="10" stage="1" lat="1">
<core>AddSub</core>
<MemPortIdVec></MemPortIdVec>
<condition id="23">
<or_exp><and_exp></and_exp></or_exp>
</condition>

<node id="80" bw="4" op_0_bw="4" op_1_bw="4">
<![CDATA[
:4  %i_7 = add i4 %i_3, 1

]]></node>
<StgValue><ssdm name="i_7"/></StgValue>
</operation>

<operation id="81" st_id="10" stage="1" lat="1">
<core>NULL</core>
<MemPortIdVec></MemPortIdVec>
<condition id="23">
<or_exp><and_exp></and_exp></or_exp>
</condition>

<node id="81" bw="0" op_0_bw="1" op_1_bw="0" op_2_bw="0">
<![CDATA[
:5  br i1 %exitcond, label %11, label %10

]]></node>
<StgValue><ssdm name=""/></StgValue>
</operation>

<operation id="82" st_id="10" stage="1" lat="1">
<core>NULL</core>
<MemPortIdVec></MemPortIdVec>
<condition id="25">
<or_exp><and_exp><literal name="exitcond" val="0"/>
</and_exp></or_exp>
</condition>

<node id="84" bw="7" op_0_bw="7" op_1_bw="4" op_2_bw="3">
<![CDATA[
:1  %tmp_6 = call i7 @_ssdm_op_BitConcatenate.i7.i4.i3(i4 %i_3, i3 0)

]]></node>
<StgValue><ssdm name="tmp_6"/></StgValue>
</operation>

<operation id="83" st_id="10" stage="1" lat="1">
<core>NULL</core>
<MemPortIdVec></MemPortIdVec>
<condition id="25">
<or_exp><and_exp><literal name="exitcond" val="0"/>
</and_exp></or_exp>
</condition>

<node id="85" bw="8" op_0_bw="7">
<![CDATA[
:2  %p_addr2_cast = zext i7 %tmp_6 to i8

]]></node>
<StgValue><ssdm name="p_addr2_cast"/></StgValue>
</operation>

<operation id="84" st_id="10" stage="1" lat="1">
<core>AddSub</core>
<MemPortIdVec></MemPortIdVec>
<condition id="25">
<or_exp><and_exp><literal name="exitcond" val="0"/>
</and_exp></or_exp>
</condition>

<node id="86" bw="8" op_0_bw="8" op_1_bw="8">
<![CDATA[
:3  %p_addr3 = add i8 %p_addr2_cast, %j_1_cast2_cast

]]></node>
<StgValue><ssdm name="p_addr3"/></StgValue>
</operation>

<operation id="85" st_id="10" stage="1" lat="1">
<core>NULL</core>
<MemPortIdVec></MemPortIdVec>
<condition id="25">
<or_exp><and_exp><literal name="exitcond" val="0"/>
</and_exp></or_exp>
</condition>

<node id="87" bw="32" op_0_bw="8">
<![CDATA[
:4  %p_addr3_cast = zext i8 %p_addr3 to i32

]]></node>
<StgValue><ssdm name="p_addr3_cast"/></StgValue>
</operation>

<operation id="86" st_id="10" stage="1" lat="1">
<core>NULL</core>
<MemPortIdVec></MemPortIdVec>
<condition id="25">
<or_exp><and_exp><literal name="exitcond" val="0"/>
</and_exp></or_exp>
</condition>

<node id="88" bw="6" op_0_bw="16" op_1_bw="32" op_2_bw="32">
<![CDATA[
:5  %col_outbuf_addr = getelementptr [64 x i16]* %col_outbuf, i32 0, i32 %p_addr3_cast

]]></node>
<StgValue><ssdm name="col_outbuf_addr"/></StgValue>
</operation>

<operation id="87" st_id="10" stage="2" lat="2">
<core>RAM</core>
<MemPortIdVec>0 </MemPortIdVec>
<condition id="25">
<or_exp><and_exp><literal name="exitcond" val="0"/>
</and_exp></or_exp>
</condition>

<node id="89" bw="16" op_0_bw="6">
<![CDATA[
:6  %col_outbuf_load = load i16* %col_outbuf_addr, align 2

]]></node>
<StgValue><ssdm name="col_outbuf_load"/></StgValue>
</operation>

<operation id="88" st_id="10" stage="1" lat="1">
<core>NULL</core>
<MemPortIdVec></MemPortIdVec>
<condition id="25">
<or_exp><and_exp><literal name="exitcond" val="0"/>
</and_exp></or_exp>
</condition>

<node id="90" bw="7" op_0_bw="7" op_1_bw="4" op_2_bw="3">
<![CDATA[
:7  %tmp_7 = call i7 @_ssdm_op_BitConcatenate.i7.i4.i3(i4 %j_1, i3 0)

]]></node>
<StgValue><ssdm name="tmp_7"/></StgValue>
</operation>

<operation id="89" st_id="10" stage="1" lat="1">
<core>NULL</core>
<MemPortIdVec></MemPortIdVec>
<condition id="25">
<or_exp><and_exp><literal name="exitcond" val="0"/>
</and_exp></or_exp>
</condition>

<node id="91" bw="8" op_0_bw="7">
<![CDATA[
:8  %p_addr6_cast = zext i7 %tmp_7 to i8

]]></node>
<StgValue><ssdm name="p_addr6_cast"/></StgValue>
</operation>

<operation id="90" st_id="10" stage="1" lat="1">
<core>AddSub</core>
<MemPortIdVec></MemPortIdVec>
<condition id="25">
<or_exp><and_exp><literal name="exitcond" val="0"/>
</and_exp></or_exp>
</condition>

<node id="92" bw="8" op_0_bw="8" op_1_bw="8">
<![CDATA[
:9  %p_addr7 = add i8 %p_addr6_cast, %i_3_cast1_cast

]]></node>
<StgValue><ssdm name="p_addr7"/></StgValue>
</operation>

<operation id="91" st_id="10" stage="1" lat="1">
<core>NULL</core>
<MemPortIdVec></MemPortIdVec>
<condition id="27">
<or_exp><and_exp><literal name="exitcond" val="1"/>
</and_exp></or_exp>
</condition>

<node id="98" bw="32" op_0_bw="32" op_1_bw="8" op_2_bw="32">
<![CDATA[
:0  %empty_26 = call i32 (...)* @_ssdm_op_SpecRegionEnd([21 x i8]* @p_str6, i32 %tmp_5)

]]></node>
<StgValue><ssdm name="empty_26"/></StgValue>
</operation>

<operation id="92" st_id="10" stage="1" lat="1">
<core>NULL</core>
<MemPortIdVec></MemPortIdVec>
<condition id="27">
<or_exp><and_exp><literal name="exitcond" val="1"/>
</and_exp></or_exp>
</condition>

<node id="99" bw="0" op_0_bw="0">
<![CDATA[
:1  br label %.preheader

]]></node>
<StgValue><ssdm name=""/></StgValue>
</operation>
</state>

<state id="11" st_id="11">

<operation id="93" st_id="11" stage="1" lat="1">
<core>NULL</core>
<MemPortIdVec></MemPortIdVec>
<condition id="28">
<or_exp><and_exp></and_exp></or_exp>
</condition>

<node id="83" bw="0" op_0_bw="0" op_1_bw="8">
<![CDATA[
:0  call void (...)* @_ssdm_op_SpecLoopName([21 x i8]* @p_str7) nounwind

]]></node>
<StgValue><ssdm name=""/></StgValue>
</operation>

<operation id="94" st_id="11" stage="1" lat="2">
<core>RAM</core>
<MemPortIdVec>0 </MemPortIdVec>
<condition id="28">
<or_exp><and_exp></and_exp></or_exp>
</condition>

<node id="89" bw="16" op_0_bw="6">
<![CDATA[
:6  %col_outbuf_load = load i16* %col_outbuf_addr, align 2

]]></node>
<StgValue><ssdm name="col_outbuf_load"/></StgValue>
</operation>

<operation id="95" st_id="11" stage="1" lat="1">
<core>NULL</core>
<MemPortIdVec></MemPortIdVec>
<condition id="28">
<or_exp><and_exp></and_exp></or_exp>
</condition>

<node id="93" bw="32" op_0_bw="8">
<![CDATA[
:10  %p_addr7_cast = zext i8 %p_addr7 to i32

]]></node>
<StgValue><ssdm name="p_addr7_cast"/></StgValue>
</operation>

<operation id="96" st_id="11" stage="1" lat="1">
<core>NULL</core>
<MemPortIdVec></MemPortIdVec>
<condition id="28">
<or_exp><and_exp></and_exp></or_exp>
</condition>

<node id="94" bw="6" op_0_bw="16" op_1_bw="32" op_2_bw="32">
<![CDATA[
:11  %out_block_addr = getelementptr [64 x i16]* %out_block, i32 0, i32 %p_addr7_cast

]]></node>
<StgValue><ssdm name="out_block_addr"/></StgValue>
</operation>

<operation id="97" st_id="11" stage="1" lat="1">
<core>RAM</core>
<MemPortIdVec>0 </MemPortIdVec>
<condition id="28">
<or_exp><and_exp></and_exp></or_exp>
</condition>

<node id="95" bw="0" op_0_bw="16" op_1_bw="6">
<![CDATA[
:12  store i16 %col_outbuf_load, i16* %out_block_addr, align 2

]]></node>
<StgValue><ssdm name=""/></StgValue>
</operation>

<operation id="98" st_id="11" stage="1" lat="1">
<core>NULL</core>
<MemPortIdVec></MemPortIdVec>
<condition id="28">
<or_exp><and_exp></and_exp></or_exp>
</condition>

<node id="96" bw="0" op_0_bw="0">
<![CDATA[
:13  br label %9

]]></node>
<StgValue><ssdm name=""/></StgValue>
</operation>
</state>
</state_list>


<ports>
<port id="119" name="in_block" dir="0" iftype="1">
<core>RAM</core><StgValue><ssdm name="in_block"/><MemPortTyVec>1 3 </MemPortTyVec>
</StgValue>
</port>
<port id="120" name="out_block" dir="1" iftype="1">
<core>RAM</core><StgValue><ssdm name="out_block"/><MemPortTyVec>0 3 </MemPortTyVec>
</StgValue>
</port>
<port id="121" name="dct_coeff_table" dir="0" iftype="1">
<core>ROM_nP</core><StgValue><ssdm name="dct_coeff_table"/><MemPortTyVec>1 </MemPortTyVec>
</StgValue>
</port>
</ports>


<dataflows>
<dataflow id="123" from="stg_122" to="row_outbuf" fromId="122" toId="12">
</dataflow>
<dataflow id="124" from="stg_122" to="col_outbuf" fromId="122" toId="13">
</dataflow>
<dataflow id="125" from="stg_122" to="col_inbuf" fromId="122" toId="14">
</dataflow>
<dataflow id="127" from="stg_126" to="i" fromId="126" toId="16">
<condition id="83">
<or_exp><and_exp></and_exp></or_exp>
</condition>
</dataflow>
<dataflow id="128" from="stg_15" to="i" fromId="15" toId="16">
</dataflow>
<dataflow id="129" from="i_4" to="i" fromId="19" toId="16">
<BackEdge/>
<condition id="84">
<or_exp><and_exp></and_exp></or_exp>
</condition>
</dataflow>
<dataflow id="130" from="stg_24" to="i" fromId="24" toId="16">
<BackEdge/>
</dataflow>
<dataflow id="131" from="i" to="exitcond7" fromId="16" toId="17">
</dataflow>
<dataflow id="133" from="stg_132" to="exitcond7" fromId="132" toId="17">
</dataflow>
<dataflow id="135" from="_ssdm_op_SpecLoopTripCount" to="empty" fromId="134" toId="18">
</dataflow>
<dataflow id="137" from="stg_136" to="empty" fromId="136" toId="18">
</dataflow>
<dataflow id="138" from="stg_136" to="empty" fromId="136" toId="18">
</dataflow>
<dataflow id="139" from="stg_136" to="empty" fromId="136" toId="18">
</dataflow>
<dataflow id="140" from="i" to="i_4" fromId="16" toId="19">
</dataflow>
<dataflow id="142" from="stg_141" to="i_4" fromId="141" toId="19">
</dataflow>
<dataflow id="143" from="exitcond7" to="stg_20" fromId="17" toId="20">
</dataflow>
<dataflow id="145" from="dct_1d" to="stg_21" fromId="144" toId="21">
</dataflow>
<dataflow id="146" from="in_block" to="stg_21" fromId="119" toId="21">
</dataflow>
<dataflow id="147" from="i" to="stg_21" fromId="16" toId="21">
</dataflow>
<dataflow id="148" from="row_outbuf" to="stg_21" fromId="12" toId="21">
</dataflow>
<dataflow id="149" from="i" to="stg_21" fromId="16" toId="21">
</dataflow>
<dataflow id="150" from="dct_coeff_table" to="stg_21" fromId="121" toId="21">
</dataflow>
<dataflow id="152" from="_ssdm_op_SpecLoopName" to="stg_22" fromId="151" toId="22">
</dataflow>
<dataflow id="154" from="p_str2" to="stg_22" fromId="153" toId="22">
</dataflow>
<dataflow id="155" from="dct_1d" to="stg_23" fromId="144" toId="23">
</dataflow>
<dataflow id="156" from="in_block" to="stg_23" fromId="119" toId="23">
</dataflow>
<dataflow id="157" from="i" to="stg_23" fromId="16" toId="23">
</dataflow>
<dataflow id="158" from="row_outbuf" to="stg_23" fromId="12" toId="23">
</dataflow>
<dataflow id="159" from="i" to="stg_23" fromId="16" toId="23">
</dataflow>
<dataflow id="160" from="dct_coeff_table" to="stg_23" fromId="121" toId="23">
</dataflow>
<dataflow id="161" from="j_2" to="j" fromId="29" toId="25">
<BackEdge/>
<condition id="85">
<or_exp><and_exp><literal name="exitcond5" val="1"/>
</and_exp></or_exp>
</condition>
</dataflow>
<dataflow id="162" from="stg_50" to="j" fromId="50" toId="25">
<BackEdge/>
</dataflow>
<dataflow id="163" from="stg_126" to="j" fromId="126" toId="25">
<condition id="86">
<or_exp><and_exp><literal name="exitcond7" val="1"/>
</and_exp></or_exp>
</condition>
</dataflow>
<dataflow id="164" from="stg_20" to="j" fromId="20" toId="25">
</dataflow>
<dataflow id="165" from="j" to="j_cast5_cast" fromId="25" toId="26">
</dataflow>
<dataflow id="166" from="j" to="exitcond6" fromId="25" toId="27">
</dataflow>
<dataflow id="167" from="stg_132" to="exitcond6" fromId="132" toId="27">
</dataflow>
<dataflow id="168" from="_ssdm_op_SpecLoopTripCount" to="empty_20" fromId="134" toId="28">
</dataflow>
<dataflow id="169" from="stg_136" to="empty_20" fromId="136" toId="28">
</dataflow>
<dataflow id="170" from="stg_136" to="empty_20" fromId="136" toId="28">
</dataflow>
<dataflow id="171" from="stg_136" to="empty_20" fromId="136" toId="28">
</dataflow>
<dataflow id="172" from="j" to="j_2" fromId="25" toId="29">
</dataflow>
<dataflow id="173" from="stg_141" to="j_2" fromId="141" toId="29">
</dataflow>
<dataflow id="174" from="exitcond6" to="stg_30" fromId="27" toId="30">
</dataflow>
<dataflow id="175" from="_ssdm_op_SpecLoopName" to="stg_31" fromId="151" toId="31">
</dataflow>
<dataflow id="177" from="p_str3" to="stg_31" fromId="176" toId="31">
</dataflow>
<dataflow id="179" from="_ssdm_op_SpecRegionBegin" to="tmp_3" fromId="178" toId="32">
</dataflow>
<dataflow id="180" from="p_str3" to="tmp_3" fromId="176" toId="32">
</dataflow>
<dataflow id="181" from="stg_126" to="i_1" fromId="126" toId="34">
<condition id="87">
<or_exp><and_exp><literal name="exitcond6" val="0"/>
</and_exp></or_exp>
</condition>
</dataflow>
<dataflow id="182" from="stg_33" to="i_1" fromId="33" toId="34">
</dataflow>
<dataflow id="183" from="i_6" to="i_1" fromId="38" toId="34">
<BackEdge/>
<condition id="88">
<or_exp><and_exp></and_exp></or_exp>
</condition>
</dataflow>
<dataflow id="184" from="stg_56" to="i_1" fromId="56" toId="34">
<BackEdge/>
</dataflow>
<dataflow id="185" from="i_1" to="i_1_cast4_cast" fromId="34" toId="35">
</dataflow>
<dataflow id="186" from="i_1" to="exitcond5" fromId="34" toId="36">
</dataflow>
<dataflow id="187" from="stg_132" to="exitcond5" fromId="132" toId="36">
</dataflow>
<dataflow id="188" from="_ssdm_op_SpecLoopTripCount" to="empty_21" fromId="134" toId="37">
</dataflow>
<dataflow id="189" from="stg_136" to="empty_21" fromId="136" toId="37">
</dataflow>
<dataflow id="190" from="stg_136" to="empty_21" fromId="136" toId="37">
</dataflow>
<dataflow id="191" from="stg_136" to="empty_21" fromId="136" toId="37">
</dataflow>
<dataflow id="192" from="i_1" to="i_6" fromId="34" toId="38">
</dataflow>
<dataflow id="193" from="stg_141" to="i_6" fromId="141" toId="38">
</dataflow>
<dataflow id="194" from="exitcond5" to="stg_39" fromId="36" toId="39">
</dataflow>
<dataflow id="196" from="_ssdm_op_BitConcatenate.i7.i4.i3" to="tmp" fromId="195" toId="40">
</dataflow>
<dataflow id="197" from="i_1" to="tmp" fromId="34" toId="40">
</dataflow>
<dataflow id="199" from="stg_198" to="tmp" fromId="198" toId="40">
</dataflow>
<dataflow id="200" from="tmp" to="p_addr_cast" fromId="40" toId="41">
</dataflow>
<dataflow id="201" from="p_addr_cast" to="p_addr1" fromId="41" toId="42">
</dataflow>
<dataflow id="202" from="j_cast5_cast" to="p_addr1" fromId="26" toId="42">
</dataflow>
<dataflow id="203" from="p_addr1" to="p_addr1_cast" fromId="42" toId="43">
</dataflow>
<dataflow id="204" from="row_outbuf" to="row_outbuf_addr" fromId="12" toId="44">
</dataflow>
<dataflow id="206" from="stg_205" to="row_outbuf_addr" fromId="205" toId="44">
</dataflow>
<dataflow id="207" from="p_addr1_cast" to="row_outbuf_addr" fromId="43" toId="44">
</dataflow>
<dataflow id="208" from="row_outbuf_addr" to="row_outbuf_load" fromId="44" toId="45">
</dataflow>
<dataflow id="209" from="_ssdm_op_BitConcatenate.i7.i4.i3" to="tmp_4" fromId="195" toId="46">
</dataflow>
<dataflow id="210" from="j" to="tmp_4" fromId="25" toId="46">
</dataflow>
<dataflow id="211" from="stg_198" to="tmp_4" fromId="198" toId="46">
</dataflow>
<dataflow id="212" from="tmp_4" to="p_addr4_cast" fromId="46" toId="47">
</dataflow>
<dataflow id="213" from="p_addr4_cast" to="p_addr5" fromId="47" toId="48">
</dataflow>
<dataflow id="214" from="i_1_cast4_cast" to="p_addr5" fromId="35" toId="48">
</dataflow>
<dataflow id="216" from="_ssdm_op_SpecRegionEnd" to="empty_22" fromId="215" toId="49">
</dataflow>
<dataflow id="217" from="p_str3" to="empty_22" fromId="176" toId="49">
</dataflow>
<dataflow id="218" from="tmp_3" to="empty_22" fromId="32" toId="49">
</dataflow>
<dataflow id="219" from="_ssdm_op_SpecLoopName" to="stg_51" fromId="151" toId="51">
</dataflow>
<dataflow id="221" from="p_str4" to="stg_51" fromId="220" toId="51">
</dataflow>
<dataflow id="222" from="row_outbuf_addr" to="row_outbuf_load" fromId="44" toId="52">
</dataflow>
<dataflow id="223" from="p_addr5" to="p_addr5_cast" fromId="48" toId="53">
</dataflow>
<dataflow id="224" from="col_inbuf" to="col_inbuf_addr" fromId="14" toId="54">
</dataflow>
<dataflow id="225" from="stg_205" to="col_inbuf_addr" fromId="205" toId="54">
</dataflow>
<dataflow id="226" from="p_addr5_cast" to="col_inbuf_addr" fromId="53" toId="54">
</dataflow>
<dataflow id="227" from="row_outbuf_load" to="stg_55" fromId="52" toId="55">
</dataflow>
<dataflow id="228" from="col_inbuf_addr" to="stg_55" fromId="54" toId="55">
</dataflow>
<dataflow id="229" from="i_5" to="i_2" fromId="60" toId="57">
<BackEdge/>
<condition id="89">
<or_exp><and_exp></and_exp></or_exp>
</condition>
</dataflow>
<dataflow id="230" from="stg_65" to="i_2" fromId="65" toId="57">
<BackEdge/>
</dataflow>
<dataflow id="231" from="stg_126" to="i_2" fromId="126" toId="57">
<condition id="90">
<or_exp><and_exp><literal name="exitcond6" val="1"/>
</and_exp></or_exp>
</condition>
</dataflow>
<dataflow id="232" from="stg_30" to="i_2" fromId="30" toId="57">
</dataflow>
<dataflow id="233" from="i_2" to="exitcond4" fromId="57" toId="58">
</dataflow>
<dataflow id="234" from="stg_132" to="exitcond4" fromId="132" toId="58">
</dataflow>
<dataflow id="235" from="_ssdm_op_SpecLoopTripCount" to="empty_23" fromId="134" toId="59">
</dataflow>
<dataflow id="236" from="stg_136" to="empty_23" fromId="136" toId="59">
</dataflow>
<dataflow id="237" from="stg_136" to="empty_23" fromId="136" toId="59">
</dataflow>
<dataflow id="238" from="stg_136" to="empty_23" fromId="136" toId="59">
</dataflow>
<dataflow id="239" from="i_2" to="i_5" fromId="57" toId="60">
</dataflow>
<dataflow id="240" from="stg_141" to="i_5" fromId="141" toId="60">
</dataflow>
<dataflow id="241" from="exitcond4" to="stg_61" fromId="58" toId="61">
</dataflow>
<dataflow id="242" from="dct_1d" to="stg_62" fromId="144" toId="62">
</dataflow>
<dataflow id="243" from="col_inbuf" to="stg_62" fromId="14" toId="62">
</dataflow>
<dataflow id="244" from="i_2" to="stg_62" fromId="57" toId="62">
</dataflow>
<dataflow id="245" from="col_outbuf" to="stg_62" fromId="13" toId="62">
</dataflow>
<dataflow id="246" from="i_2" to="stg_62" fromId="57" toId="62">
</dataflow>
<dataflow id="247" from="dct_coeff_table" to="stg_62" fromId="121" toId="62">
</dataflow>
<dataflow id="248" from="_ssdm_op_SpecLoopName" to="stg_63" fromId="151" toId="63">
</dataflow>
<dataflow id="250" from="p_str5" to="stg_63" fromId="249" toId="63">
</dataflow>
<dataflow id="251" from="dct_1d" to="stg_64" fromId="144" toId="64">
</dataflow>
<dataflow id="252" from="col_inbuf" to="stg_64" fromId="14" toId="64">
</dataflow>
<dataflow id="253" from="i_2" to="stg_64" fromId="57" toId="64">
</dataflow>
<dataflow id="254" from="col_outbuf" to="stg_64" fromId="13" toId="64">
</dataflow>
<dataflow id="255" from="i_2" to="stg_64" fromId="57" toId="64">
</dataflow>
<dataflow id="256" from="dct_coeff_table" to="stg_64" fromId="121" toId="64">
</dataflow>
<dataflow id="257" from="j_3" to="j_1" fromId="70" toId="66">
<BackEdge/>
<condition id="91">
<or_exp><and_exp><literal name="exitcond" val="1"/>
</and_exp></or_exp>
</condition>
</dataflow>
<dataflow id="258" from="stg_92" to="j_1" fromId="92" toId="66">
<BackEdge/>
</dataflow>
<dataflow id="259" from="stg_126" to="j_1" fromId="126" toId="66">
<condition id="92">
<or_exp><and_exp><literal name="exitcond4" val="1"/>
</and_exp></or_exp>
</condition>
</dataflow>
<dataflow id="260" from="stg_61" to="j_1" fromId="61" toId="66">
</dataflow>
<dataflow id="261" from="j_1" to="j_1_cast2_cast" fromId="66" toId="67">
</dataflow>
<dataflow id="262" from="j_1" to="exitcond3" fromId="66" toId="68">
</dataflow>
<dataflow id="263" from="stg_132" to="exitcond3" fromId="132" toId="68">
</dataflow>
<dataflow id="264" from="_ssdm_op_SpecLoopTripCount" to="empty_24" fromId="134" toId="69">
</dataflow>
<dataflow id="265" from="stg_136" to="empty_24" fromId="136" toId="69">
</dataflow>
<dataflow id="266" from="stg_136" to="empty_24" fromId="136" toId="69">
</dataflow>
<dataflow id="267" from="stg_136" to="empty_24" fromId="136" toId="69">
</dataflow>
<dataflow id="268" from="j_1" to="j_3" fromId="66" toId="70">
</dataflow>
<dataflow id="269" from="stg_141" to="j_3" fromId="141" toId="70">
</dataflow>
<dataflow id="270" from="exitcond3" to="stg_71" fromId="68" toId="71">
</dataflow>
<dataflow id="271" from="_ssdm_op_SpecLoopName" to="stg_72" fromId="151" toId="72">
</dataflow>
<dataflow id="273" from="p_str6" to="stg_72" fromId="272" toId="72">
</dataflow>
<dataflow id="274" from="_ssdm_op_SpecRegionBegin" to="tmp_5" fromId="178" toId="73">
</dataflow>
<dataflow id="275" from="p_str6" to="tmp_5" fromId="272" toId="73">
</dataflow>
<dataflow id="276" from="stg_126" to="i_3" fromId="126" toId="76">
<condition id="93">
<or_exp><and_exp><literal name="exitcond3" val="0"/>
</and_exp></or_exp>
</condition>
</dataflow>
<dataflow id="277" from="stg_74" to="i_3" fromId="74" toId="76">
</dataflow>
<dataflow id="278" from="i_7" to="i_3" fromId="80" toId="76">
<BackEdge/>
<condition id="94">
<or_exp><and_exp></and_exp></or_exp>
</condition>
</dataflow>
<dataflow id="279" from="stg_98" to="i_3" fromId="98" toId="76">
<BackEdge/>
</dataflow>
<dataflow id="280" from="i_3" to="i_3_cast1_cast" fromId="76" toId="77">
</dataflow>
<dataflow id="281" from="i_3" to="exitcond" fromId="76" toId="78">
</dataflow>
<dataflow id="282" from="stg_132" to="exitcond" fromId="132" toId="78">
</dataflow>
<dataflow id="283" from="_ssdm_op_SpecLoopTripCount" to="empty_25" fromId="134" toId="79">
</dataflow>
<dataflow id="284" from="stg_136" to="empty_25" fromId="136" toId="79">
</dataflow>
<dataflow id="285" from="stg_136" to="empty_25" fromId="136" toId="79">
</dataflow>
<dataflow id="286" from="stg_136" to="empty_25" fromId="136" toId="79">
</dataflow>
<dataflow id="287" from="i_3" to="i_7" fromId="76" toId="80">
</dataflow>
<dataflow id="288" from="stg_141" to="i_7" fromId="141" toId="80">
</dataflow>
<dataflow id="289" from="exitcond" to="stg_81" fromId="78" toId="81">
</dataflow>
<dataflow id="290" from="_ssdm_op_BitConcatenate.i7.i4.i3" to="tmp_6" fromId="195" toId="82">
</dataflow>
<dataflow id="291" from="i_3" to="tmp_6" fromId="76" toId="82">
</dataflow>
<dataflow id="292" from="stg_198" to="tmp_6" fromId="198" toId="82">
</dataflow>
<dataflow id="293" from="tmp_6" to="p_addr2_cast" fromId="82" toId="83">
</dataflow>
<dataflow id="294" from="p_addr2_cast" to="p_addr3" fromId="83" toId="84">
</dataflow>
<dataflow id="295" from="j_1_cast2_cast" to="p_addr3" fromId="67" toId="84">
</dataflow>
<dataflow id="296" from="p_addr3" to="p_addr3_cast" fromId="84" toId="85">
</dataflow>
<dataflow id="297" from="col_outbuf" to="col_outbuf_addr" fromId="13" toId="86">
</dataflow>
<dataflow id="298" from="stg_205" to="col_outbuf_addr" fromId="205" toId="86">
</dataflow>
<dataflow id="299" from="p_addr3_cast" to="col_outbuf_addr" fromId="85" toId="86">
</dataflow>
<dataflow id="300" from="col_outbuf_addr" to="col_outbuf_load" fromId="86" toId="87">
</dataflow>
<dataflow id="301" from="_ssdm_op_BitConcatenate.i7.i4.i3" to="tmp_7" fromId="195" toId="88">
</dataflow>
<dataflow id="302" from="j_1" to="tmp_7" fromId="66" toId="88">
</dataflow>
<dataflow id="303" from="stg_198" to="tmp_7" fromId="198" toId="88">
</dataflow>
<dataflow id="304" from="tmp_7" to="p_addr6_cast" fromId="88" toId="89">
</dataflow>
<dataflow id="305" from="p_addr6_cast" to="p_addr7" fromId="89" toId="90">
</dataflow>
<dataflow id="306" from="i_3_cast1_cast" to="p_addr7" fromId="77" toId="90">
</dataflow>
<dataflow id="307" from="_ssdm_op_SpecRegionEnd" to="empty_26" fromId="215" toId="91">
</dataflow>
<dataflow id="308" from="p_str6" to="empty_26" fromId="272" toId="91">
</dataflow>
<dataflow id="309" from="tmp_5" to="empty_26" fromId="73" toId="91">
</dataflow>
<dataflow id="310" from="_ssdm_op_SpecLoopName" to="stg_93" fromId="151" toId="93">
</dataflow>
<dataflow id="312" from="p_str7" to="stg_93" fromId="311" toId="93">
</dataflow>
<dataflow id="313" from="col_outbuf_addr" to="col_outbuf_load" fromId="86" toId="94">
</dataflow>
<dataflow id="314" from="p_addr7" to="p_addr7_cast" fromId="90" toId="95">
</dataflow>
<dataflow id="315" from="out_block" to="out_block_addr" fromId="120" toId="96">
</dataflow>
<dataflow id="316" from="stg_205" to="out_block_addr" fromId="205" toId="96">
</dataflow>
<dataflow id="317" from="p_addr7_cast" to="out_block_addr" fromId="95" toId="96">
</dataflow>
<dataflow id="318" from="col_outbuf_load" to="stg_97" fromId="94" toId="97">
</dataflow>
<dataflow id="319" from="out_block_addr" to="stg_97" fromId="96" toId="97">
</dataflow>
<dataflow id="320" from="exitcond7" to="stg_2" fromId="17" toId="2">
</dataflow>
<dataflow id="321" from="exitcond6" to="stg_4" fromId="27" toId="4">
</dataflow>
<dataflow id="322" from="exitcond5" to="stg_5" fromId="36" toId="5">
</dataflow>
<dataflow id="323" from="exitcond4" to="stg_7" fromId="58" toId="7">
</dataflow>
<dataflow id="324" from="exitcond3" to="stg_9" fromId="68" toId="9">
</dataflow>
<dataflow id="325" from="exitcond" to="stg_10" fromId="78" toId="10">
</dataflow>
</dataflows>


</stg>
