<stg><name>dct_1d</name>


<trans_list>

<trans id="58" from="1" to="2">
<condition id="14">
<or_exp><and_exp></and_exp></or_exp>
</condition>
</trans>

<trans id="59" from="2" to="3">
<condition id="16">
<or_exp><and_exp><literal name="exitcond1" val="0"/>
</and_exp></or_exp>
</condition>
</trans>

<trans id="60" from="3" to="4">
<condition id="17">
<or_exp><and_exp><literal name="exitcond" val="0"/>
</and_exp></or_exp>
</condition>
</trans>

<trans id="64" from="3" to="2">
<condition id="23">
<or_exp><and_exp><literal name="exitcond" val="1"/>
</and_exp></or_exp>
</condition>
</trans>

<trans id="62" from="4" to="5">
<condition id="19">
<or_exp><and_exp></and_exp></or_exp>
</condition>
</trans>

<trans id="63" from="5" to="3">
<condition id="21">
<or_exp><and_exp></and_exp></or_exp>
</condition>
</trans>
</trans_list>



<state_list>

<state id="1" st_id="1">

<operation id="6" st_id="1" stage="1" lat="1">
<core>NULL</core>
<MemPortIdVec></MemPortIdVec>
<condition id="0">
<or_exp><and_exp></and_exp></or_exp>
</condition>

<node id="6" bw="4" op_0_bw="4" op_1_bw="4">
<![CDATA[
:0  %i_21_read = call i4 @_ssdm_op_Read.ap_auto.i4(i4 %i_21)

]]></node>
<StgValue><ssdm name="i_21_read"/></StgValue>
</operation>

<operation id="7" st_id="1" stage="1" lat="1">
<core>NULL</core>
<MemPortIdVec></MemPortIdVec>
<condition id="0">
<or_exp><and_exp></and_exp></or_exp>
</condition>

<node id="7" bw="4" op_0_bw="4" op_1_bw="4">
<![CDATA[
:1  %i_2_read = call i4 @_ssdm_op_Read.ap_auto.i4(i4 %i_2)

]]></node>
<StgValue><ssdm name="i_2_read"/></StgValue>
</operation>

<operation id="8" st_id="1" stage="1" lat="1">
<core>NULL</core>
<MemPortIdVec></MemPortIdVec>
<condition id="0">
<or_exp><and_exp></and_exp></or_exp>
</condition>

<node id="8" bw="0" op_0_bw="0">
<![CDATA[
:2  br label %1

]]></node>
<StgValue><ssdm name=""/></StgValue>
</operation>
</state>

<state id="2" st_id="2">

<operation id="9" st_id="2" stage="1" lat="1">
<core>NULL</core>
<MemPortIdVec></MemPortIdVec>
<condition id="1">
<or_exp><and_exp></and_exp></or_exp>
</condition>

<node id="10" bw="4" op_0_bw="4" op_1_bw="0">
<![CDATA[
:0  %k = phi i4 [ 0, %0 ], [ %k_1, %5 ]

]]></node>
<StgValue><ssdm name="k"/></StgValue>
</operation>

<operation id="10" st_id="2" stage="1" lat="1">
<core>NULL</core>
<MemPortIdVec></MemPortIdVec>
<condition id="1">
<or_exp><and_exp></and_exp></or_exp>
</condition>

<node id="11" bw="8" op_0_bw="4">
<![CDATA[
:1  %k_cast2_cast = zext i4 %k to i8

]]></node>
<StgValue><ssdm name="k_cast2_cast"/></StgValue>
</operation>

<operation id="11" st_id="2" stage="1" lat="1">
<core>Cmp</core>
<MemPortIdVec></MemPortIdVec>
<condition id="1">
<or_exp><and_exp></and_exp></or_exp>
</condition>

<node id="12" bw="1" op_0_bw="4" op_1_bw="4">
<![CDATA[
:2  %exitcond1 = icmp eq i4 %k, -8

]]></node>
<StgValue><ssdm name="exitcond1"/></StgValue>
</operation>

<operation id="12" st_id="2" stage="1" lat="1">
<core>NULL</core>
<MemPortIdVec></MemPortIdVec>
<condition id="1">
<or_exp><and_exp></and_exp></or_exp>
</condition>

<node id="13" bw="32" op_0_bw="32" op_1_bw="64" op_2_bw="64" op_3_bw="64">
<![CDATA[
:3  %empty = call i32 (...)* @_ssdm_op_SpecLoopTripCount(i64 8, i64 8, i64 8)

]]></node>
<StgValue><ssdm name="empty"/></StgValue>
</operation>

<operation id="13" st_id="2" stage="1" lat="1">
<core>AddSub</core>
<MemPortIdVec></MemPortIdVec>
<condition id="1">
<or_exp><and_exp></and_exp></or_exp>
</condition>

<node id="14" bw="4" op_0_bw="4" op_1_bw="4">
<![CDATA[
:4  %k_1 = add i4 %k, 1

]]></node>
<StgValue><ssdm name="k_1"/></StgValue>
</operation>

<operation id="14" st_id="2" stage="1" lat="1">
<core>NULL</core>
<MemPortIdVec></MemPortIdVec>
<condition id="1">
<or_exp><and_exp></and_exp></or_exp>
</condition>

<node id="15" bw="0" op_0_bw="1" op_1_bw="0" op_2_bw="0">
<![CDATA[
:5  br i1 %exitcond1, label %6, label %2

]]></node>
<StgValue><ssdm name=""/></StgValue>
</operation>

<operation id="15" st_id="2" stage="1" lat="1">
<core>NULL</core>
<MemPortIdVec></MemPortIdVec>
<condition id="3">
<or_exp><and_exp><literal name="exitcond1" val="0"/>
</and_exp></or_exp>
</condition>

<node id="17" bw="0" op_0_bw="0" op_1_bw="8">
<![CDATA[
:0  call void (...)* @_ssdm_op_SpecLoopName([15 x i8]* @p_str) nounwind

]]></node>
<StgValue><ssdm name=""/></StgValue>
</operation>

<operation id="16" st_id="2" stage="1" lat="1">
<core>NULL</core>
<MemPortIdVec></MemPortIdVec>
<condition id="3">
<or_exp><and_exp><literal name="exitcond1" val="0"/>
</and_exp></or_exp>
</condition>

<node id="18" bw="32" op_0_bw="32" op_1_bw="8">
<![CDATA[
:1  %tmp_s = call i32 (...)* @_ssdm_op_SpecRegionBegin([15 x i8]* @p_str) nounwind

]]></node>
<StgValue><ssdm name="tmp_s"/></StgValue>
</operation>

<operation id="17" st_id="2" stage="1" lat="1">
<core>NULL</core>
<MemPortIdVec></MemPortIdVec>
<condition id="3">
<or_exp><and_exp><literal name="exitcond1" val="0"/>
</and_exp></or_exp>
</condition>

<node id="19" bw="0" op_0_bw="0">
<![CDATA[
:2  br label %3

]]></node>
<StgValue><ssdm name=""/></StgValue>
</operation>

<operation id="18" st_id="2" stage="1" lat="1">
<core>NULL</core>
<MemPortIdVec></MemPortIdVec>
<condition id="5">
<or_exp><and_exp><literal name="exitcond1" val="1"/>
</and_exp></or_exp>
</condition>

<node id="61" bw="0">
<![CDATA[
:0  ret void

]]></node>
<StgValue><ssdm name=""/></StgValue>
</operation>
</state>

<state id="3" st_id="3">

<operation id="19" st_id="3" stage="1" lat="1">
<core>NULL</core>
<MemPortIdVec></MemPortIdVec>
<condition id="6">
<or_exp><and_exp></and_exp></or_exp>
</condition>

<node id="21" bw="4" op_0_bw="4" op_1_bw="0">
<![CDATA[
:0  %n = phi i4 [ 0, %2 ], [ %n_1, %4 ]

]]></node>
<StgValue><ssdm name="n"/></StgValue>
</operation>

<operation id="20" st_id="3" stage="1" lat="1">
<core>NULL</core>
<MemPortIdVec></MemPortIdVec>
<condition id="6">
<or_exp><and_exp></and_exp></or_exp>
</condition>

<node id="22" bw="32" op_0_bw="32" op_1_bw="0">
<![CDATA[
:1  %tmp = phi i32 [ 0, %2 ], [ %tmp_4, %4 ]

]]></node>
<StgValue><ssdm name="tmp"/></StgValue>
</operation>

<operation id="21" st_id="3" stage="1" lat="1">
<core>NULL</core>
<MemPortIdVec></MemPortIdVec>
<condition id="6">
<or_exp><and_exp></and_exp></or_exp>
</condition>

<node id="23" bw="8" op_0_bw="4">
<![CDATA[
:2  %n_cast1_cast = zext i4 %n to i8

]]></node>
<StgValue><ssdm name="n_cast1_cast"/></StgValue>
</operation>

<operation id="22" st_id="3" stage="1" lat="1">
<core>NULL</core>
<MemPortIdVec></MemPortIdVec>
<condition id="6">
<or_exp><and_exp></and_exp></or_exp>
</condition>

<node id="24" bw="29" op_0_bw="32">
<![CDATA[
:3  %tmp_2 = trunc i32 %tmp to i29

]]></node>
<StgValue><ssdm name="tmp_2"/></StgValue>
</operation>

<operation id="23" st_id="3" stage="1" lat="1">
<core>Cmp</core>
<MemPortIdVec></MemPortIdVec>
<condition id="6">
<or_exp><and_exp></and_exp></or_exp>
</condition>

<node id="25" bw="1" op_0_bw="4" op_1_bw="4">
<![CDATA[
:4  %exitcond = icmp eq i4 %n, -8

]]></node>
<StgValue><ssdm name="exitcond"/></StgValue>
</operation>

<operation id="24" st_id="3" stage="1" lat="1">
<core>NULL</core>
<MemPortIdVec></MemPortIdVec>
<condition id="6">
<or_exp><and_exp></and_exp></or_exp>
</condition>

<node id="26" bw="32" op_0_bw="32" op_1_bw="64" op_2_bw="64" op_3_bw="64">
<![CDATA[
:5  %empty_27 = call i32 (...)* @_ssdm_op_SpecLoopTripCount(i64 8, i64 8, i64 8)

]]></node>
<StgValue><ssdm name="empty_27"/></StgValue>
</operation>

<operation id="25" st_id="3" stage="1" lat="1">
<core>AddSub</core>
<MemPortIdVec></MemPortIdVec>
<condition id="6">
<or_exp><and_exp></and_exp></or_exp>
</condition>

<node id="27" bw="4" op_0_bw="4" op_1_bw="4">
<![CDATA[
:6  %n_1 = add i4 %n, 1

]]></node>
<StgValue><ssdm name="n_1"/></StgValue>
</operation>

<operation id="26" st_id="3" stage="1" lat="1">
<core>NULL</core>
<MemPortIdVec></MemPortIdVec>
<condition id="6">
<or_exp><and_exp></and_exp></or_exp>
</condition>

<node id="28" bw="0" op_0_bw="1" op_1_bw="0" op_2_bw="0">
<![CDATA[
:7  br i1 %exitcond, label %5, label %4

]]></node>
<StgValue><ssdm name=""/></StgValue>
</operation>

<operation id="27" st_id="3" stage="1" lat="1">
<core>NULL</core>
<MemPortIdVec></MemPortIdVec>
<condition id="8">
<or_exp><and_exp><literal name="exitcond" val="0"/>
</and_exp></or_exp>
</condition>

<node id="31" bw="7" op_0_bw="7" op_1_bw="4" op_2_bw="3">
<![CDATA[
:1  %tmp_9 = call i7 @_ssdm_op_BitConcatenate.i7.i4.i3(i4 %k, i3 0)

]]></node>
<StgValue><ssdm name="tmp_9"/></StgValue>
</operation>

<operation id="28" st_id="3" stage="1" lat="1">
<core>NULL</core>
<MemPortIdVec></MemPortIdVec>
<condition id="8">
<or_exp><and_exp><literal name="exitcond" val="0"/>
</and_exp></or_exp>
</condition>

<node id="32" bw="8" op_0_bw="7">
<![CDATA[
:2  %dct_coeff_table_addr4_cast = zext i7 %tmp_9 to i8

]]></node>
<StgValue><ssdm name="dct_coeff_table_addr4_cast"/></StgValue>
</operation>

<operation id="29" st_id="3" stage="1" lat="1">
<core>AddSub</core>
<MemPortIdVec></MemPortIdVec>
<condition id="8">
<or_exp><and_exp><literal name="exitcond" val="0"/>
</and_exp></or_exp>
</condition>

<node id="33" bw="8" op_0_bw="8" op_1_bw="8">
<![CDATA[
:3  %dct_coeff_table_addr5 = add i8 %dct_coeff_table_addr4_cast, %n_cast1_cast

]]></node>
<StgValue><ssdm name="dct_coeff_table_addr5"/></StgValue>
</operation>

<operation id="30" st_id="3" stage="1" lat="1">
<core>NULL</core>
<MemPortIdVec></MemPortIdVec>
<condition id="8">
<or_exp><and_exp><literal name="exitcond" val="0"/>
</and_exp></or_exp>
</condition>

<node id="34" bw="32" op_0_bw="8">
<![CDATA[
:4  %dct_coeff_table_addr5_cast = zext i8 %dct_coeff_table_addr5 to i32

]]></node>
<StgValue><ssdm name="dct_coeff_table_addr5_cast"/></StgValue>
</operation>

<operation id="31" st_id="3" stage="1" lat="1">
<core>NULL</core>
<MemPortIdVec></MemPortIdVec>
<condition id="8">
<or_exp><and_exp><literal name="exitcond" val="0"/>
</and_exp></or_exp>
</condition>

<node id="35" bw="6" op_0_bw="15" op_1_bw="32" op_2_bw="32">
<![CDATA[
:5  %dct_coeff_table_addr = getelementptr [64 x i15]* @dct_coeff_table, i32 0, i32 %dct_coeff_table_addr5_cast

]]></node>
<StgValue><ssdm name="dct_coeff_table_addr"/></StgValue>
</operation>

<operation id="32" st_id="3" stage="2" lat="2">
<core>ROM_nP</core>
<MemPortIdVec>0 </MemPortIdVec>
<condition id="8">
<or_exp><and_exp><literal name="exitcond" val="0"/>
</and_exp></or_exp>
</condition>

<node id="36" bw="15" op_0_bw="6">
<![CDATA[
:6  %dct_coeff_table_load = load i15* %dct_coeff_table_addr, align 2

]]></node>
<StgValue><ssdm name="dct_coeff_table_load"/></StgValue>
</operation>

<operation id="33" st_id="3" stage="1" lat="1">
<core>NULL</core>
<MemPortIdVec></MemPortIdVec>
<condition id="8">
<or_exp><and_exp><literal name="exitcond" val="0"/>
</and_exp></or_exp>
</condition>

<node id="38" bw="7" op_0_bw="7" op_1_bw="4" op_2_bw="3">
<![CDATA[
:8  %tmp_5 = call i7 @_ssdm_op_BitConcatenate.i7.i4.i3(i4 %i_2_read, i3 0)

]]></node>
<StgValue><ssdm name="tmp_5"/></StgValue>
</operation>

<operation id="34" st_id="3" stage="1" lat="1">
<core>NULL</core>
<MemPortIdVec></MemPortIdVec>
<condition id="8">
<or_exp><and_exp><literal name="exitcond" val="0"/>
</and_exp></or_exp>
</condition>

<node id="39" bw="8" op_0_bw="7">
<![CDATA[
:9  %p_addr_cast = zext i7 %tmp_5 to i8

]]></node>
<StgValue><ssdm name="p_addr_cast"/></StgValue>
</operation>

<operation id="35" st_id="3" stage="1" lat="1">
<core>AddSub</core>
<MemPortIdVec></MemPortIdVec>
<condition id="8">
<or_exp><and_exp><literal name="exitcond" val="0"/>
</and_exp></or_exp>
</condition>

<node id="40" bw="8" op_0_bw="8" op_1_bw="8">
<![CDATA[
:10  %p_addr1 = add i8 %p_addr_cast, %n_cast1_cast

]]></node>
<StgValue><ssdm name="p_addr1"/></StgValue>
</operation>

<operation id="36" st_id="3" stage="1" lat="1">
<core>NULL</core>
<MemPortIdVec></MemPortIdVec>
<condition id="8">
<or_exp><and_exp><literal name="exitcond" val="0"/>
</and_exp></or_exp>
</condition>

<node id="41" bw="32" op_0_bw="8">
<![CDATA[
:11  %p_addr1_cast = zext i8 %p_addr1 to i32

]]></node>
<StgValue><ssdm name="p_addr1_cast"/></StgValue>
</operation>

<operation id="37" st_id="3" stage="1" lat="1">
<core>NULL</core>
<MemPortIdVec></MemPortIdVec>
<condition id="8">
<or_exp><and_exp><literal name="exitcond" val="0"/>
</and_exp></or_exp>
</condition>

<node id="42" bw="6" op_0_bw="16" op_1_bw="32" op_2_bw="32">
<![CDATA[
:12  %src_addr = getelementptr [64 x i16]* %src, i32 0, i32 %p_addr1_cast

]]></node>
<StgValue><ssdm name="src_addr"/></StgValue>
</operation>

<operation id="38" st_id="3" stage="2" lat="2">
<core>RAM</core>
<MemPortIdVec>0 </MemPortIdVec>
<condition id="8">
<or_exp><and_exp><literal name="exitcond" val="0"/>
</and_exp></or_exp>
</condition>

<node id="43" bw="16" op_0_bw="6">
<![CDATA[
:13  %src_load = load i16* %src_addr, align 2

]]></node>
<StgValue><ssdm name="src_load"/></StgValue>
</operation>

<operation id="39" st_id="3" stage="1" lat="1">
<core>AddSub</core>
<MemPortIdVec></MemPortIdVec>
<condition id="10">
<or_exp><and_exp><literal name="exitcond" val="1"/>
</and_exp></or_exp>
</condition>

<node id="50" bw="29" op_0_bw="29" op_1_bw="29">
<![CDATA[
:0  %tmp_1 = add i29 %tmp_2, 4096

]]></node>
<StgValue><ssdm name="tmp_1"/></StgValue>
</operation>

<operation id="40" st_id="3" stage="1" lat="1">
<core>NULL</core>
<MemPortIdVec></MemPortIdVec>
<condition id="10">
<or_exp><and_exp><literal name="exitcond" val="1"/>
</and_exp></or_exp>
</condition>

<node id="51" bw="16" op_0_bw="16" op_1_bw="29" op_2_bw="32" op_3_bw="32">
<![CDATA[
:1  %tmp_3 = call i16 @_ssdm_op_PartSelect.i16.i29.i32.i32(i29 %tmp_1, i32 13, i32 28)

]]></node>
<StgValue><ssdm name="tmp_3"/></StgValue>
</operation>

<operation id="41" st_id="3" stage="1" lat="1">
<core>NULL</core>
<MemPortIdVec></MemPortIdVec>
<condition id="10">
<or_exp><and_exp><literal name="exitcond" val="1"/>
</and_exp></or_exp>
</condition>

<node id="52" bw="7" op_0_bw="7" op_1_bw="4" op_2_bw="3">
<![CDATA[
:2  %tmp_8 = call i7 @_ssdm_op_BitConcatenate.i7.i4.i3(i4 %i_21_read, i3 0)

]]></node>
<StgValue><ssdm name="tmp_8"/></StgValue>
</operation>

<operation id="42" st_id="3" stage="1" lat="1">
<core>NULL</core>
<MemPortIdVec></MemPortIdVec>
<condition id="10">
<or_exp><and_exp><literal name="exitcond" val="1"/>
</and_exp></or_exp>
</condition>

<node id="53" bw="8" op_0_bw="7">
<![CDATA[
:3  %p_addr2_cast = zext i7 %tmp_8 to i8

]]></node>
<StgValue><ssdm name="p_addr2_cast"/></StgValue>
</operation>

<operation id="43" st_id="3" stage="1" lat="1">
<core>AddSub</core>
<MemPortIdVec></MemPortIdVec>
<condition id="10">
<or_exp><and_exp><literal name="exitcond" val="1"/>
</and_exp></or_exp>
</condition>

<node id="54" bw="8" op_0_bw="8" op_1_bw="8">
<![CDATA[
:4  %p_addr3 = add i8 %p_addr2_cast, %k_cast2_cast

]]></node>
<StgValue><ssdm name="p_addr3"/></StgValue>
</operation>

<operation id="44" st_id="3" stage="1" lat="1">
<core>NULL</core>
<MemPortIdVec></MemPortIdVec>
<condition id="10">
<or_exp><and_exp><literal name="exitcond" val="1"/>
</and_exp></or_exp>
</condition>

<node id="55" bw="32" op_0_bw="8">
<![CDATA[
:5  %p_addr3_cast = zext i8 %p_addr3 to i32

]]></node>
<StgValue><ssdm name="p_addr3_cast"/></StgValue>
</operation>

<operation id="45" st_id="3" stage="1" lat="1">
<core>NULL</core>
<MemPortIdVec></MemPortIdVec>
<condition id="10">
<or_exp><and_exp><literal name="exitcond" val="1"/>
</and_exp></or_exp>
</condition>

<node id="56" bw="6" op_0_bw="16" op_1_bw="32" op_2_bw="32">
<![CDATA[
:6  %dst_addr = getelementptr [64 x i16]* %dst, i32 0, i32 %p_addr3_cast

]]></node>
<StgValue><ssdm name="dst_addr"/></StgValue>
</operation>

<operation id="46" st_id="3" stage="1" lat="1">
<core>RAM</core>
<MemPortIdVec>0 </MemPortIdVec>
<condition id="10">
<or_exp><and_exp><literal name="exitcond" val="1"/>
</and_exp></or_exp>
</condition>

<node id="57" bw="0" op_0_bw="16" op_1_bw="6">
<![CDATA[
:7  store i16 %tmp_3, i16* %dst_addr, align 2

]]></node>
<StgValue><ssdm name=""/></StgValue>
</operation>

<operation id="47" st_id="3" stage="1" lat="1">
<core>NULL</core>
<MemPortIdVec></MemPortIdVec>
<condition id="10">
<or_exp><and_exp><literal name="exitcond" val="1"/>
</and_exp></or_exp>
</condition>

<node id="58" bw="32" op_0_bw="32" op_1_bw="8" op_2_bw="32">
<![CDATA[
:8  %empty_28 = call i32 (...)* @_ssdm_op_SpecRegionEnd([15 x i8]* @p_str, i32 %tmp_s) nounwind

]]></node>
<StgValue><ssdm name="empty_28"/></StgValue>
</operation>

<operation id="48" st_id="3" stage="1" lat="1">
<core>NULL</core>
<MemPortIdVec></MemPortIdVec>
<condition id="10">
<or_exp><and_exp><literal name="exitcond" val="1"/>
</and_exp></or_exp>
</condition>

<node id="59" bw="0" op_0_bw="0">
<![CDATA[
:9  br label %1

]]></node>
<StgValue><ssdm name=""/></StgValue>
</operation>
</state>

<state id="4" st_id="4">

<operation id="49" st_id="4" stage="1" lat="2">
<core>ROM_nP</core>
<MemPortIdVec>0 </MemPortIdVec>
<condition id="11">
<or_exp><and_exp></and_exp></or_exp>
</condition>

<node id="36" bw="15" op_0_bw="6">
<![CDATA[
:6  %dct_coeff_table_load = load i15* %dct_coeff_table_addr, align 2

]]></node>
<StgValue><ssdm name="dct_coeff_table_load"/></StgValue>
</operation>

<operation id="50" st_id="4" stage="1" lat="2">
<core>RAM</core>
<MemPortIdVec>0 </MemPortIdVec>
<condition id="11">
<or_exp><and_exp></and_exp></or_exp>
</condition>

<node id="43" bw="16" op_0_bw="6">
<![CDATA[
:13  %src_load = load i16* %src_addr, align 2

]]></node>
<StgValue><ssdm name="src_load"/></StgValue>
</operation>
</state>

<state id="5" st_id="5">

<operation id="51" st_id="5" stage="1" lat="1">
<core>NULL</core>
<MemPortIdVec></MemPortIdVec>
<condition id="12">
<or_exp><and_exp></and_exp></or_exp>
</condition>

<node id="30" bw="0" op_0_bw="0" op_1_bw="8">
<![CDATA[
:0  call void (...)* @_ssdm_op_SpecLoopName([15 x i8]* @p_str1) nounwind

]]></node>
<StgValue><ssdm name=""/></StgValue>
</operation>

<operation id="52" st_id="5" stage="1" lat="1">
<core>NULL</core>
<MemPortIdVec></MemPortIdVec>
<condition id="12">
<or_exp><and_exp></and_exp></or_exp>
</condition>

<node id="37" bw="31" op_0_bw="15">
<![CDATA[
:7  %coeff_cast = sext i15 %dct_coeff_table_load to i31

]]></node>
<StgValue><ssdm name="coeff_cast"/></StgValue>
</operation>

<operation id="53" st_id="5" stage="1" lat="1">
<core>NULL</core>
<MemPortIdVec></MemPortIdVec>
<condition id="12">
<or_exp><and_exp></and_exp></or_exp>
</condition>

<node id="44" bw="31" op_0_bw="16">
<![CDATA[
:14  %tmp_5_cast = sext i16 %src_load to i31

]]></node>
<StgValue><ssdm name="tmp_5_cast"/></StgValue>
</operation>

<operation id="54" st_id="5" stage="1" lat="1">
<core>Mul</core>
<MemPortIdVec></MemPortIdVec>
<condition id="12">
<or_exp><and_exp></and_exp></or_exp>
</condition>

<node id="45" bw="31" op_0_bw="31" op_1_bw="31">
<![CDATA[
:15  %tmp_6 = mul i31 %tmp_5_cast, %coeff_cast

]]></node>
<StgValue><ssdm name="tmp_6"/></StgValue>
</operation>

<operation id="55" st_id="5" stage="1" lat="1">
<core>NULL</core>
<MemPortIdVec></MemPortIdVec>
<condition id="12">
<or_exp><and_exp></and_exp></or_exp>
</condition>

<node id="46" bw="32" op_0_bw="31">
<![CDATA[
:16  %tmp_6_cast = sext i31 %tmp_6 to i32

]]></node>
<StgValue><ssdm name="tmp_6_cast"/></StgValue>
</operation>

<operation id="56" st_id="5" stage="1" lat="1">
<core>AddSub</core>
<MemPortIdVec></MemPortIdVec>
<condition id="12">
<or_exp><and_exp></and_exp></or_exp>
</condition>

<node id="47" bw="32" op_0_bw="32" op_1_bw="32">
<![CDATA[
:17  %tmp_4 = add nsw i32 %tmp_6_cast, %tmp

]]></node>
<StgValue><ssdm name="tmp_4"/></StgValue>
</operation>

<operation id="57" st_id="5" stage="1" lat="1">
<core>NULL</core>
<MemPortIdVec></MemPortIdVec>
<condition id="12">
<or_exp><and_exp></and_exp></or_exp>
</condition>

<node id="48" bw="0" op_0_bw="0">
<![CDATA[
:18  br label %3

]]></node>
<StgValue><ssdm name=""/></StgValue>
</operation>
</state>
</state_list>


<ports>
<port id="65" name="src" dir="0" iftype="1">
<core>RAM</core><StgValue><ssdm name="src"/><MemPortTyVec>1 3 </MemPortTyVec>
</StgValue>
</port>
<port id="66" name="i_2" dir="0" iftype="0">
<core>NULL</core><StgValue><ssdm name="i_2"/></StgValue>
</port>
<port id="67" name="dst" dir="1" iftype="1">
<core>RAM</core><StgValue><ssdm name="dst"/><MemPortTyVec>0 3 </MemPortTyVec>
</StgValue>
</port>
<port id="68" name="i_21" dir="0" iftype="0">
<core>NULL</core><StgValue><ssdm name="i_21"/></StgValue>
</port>
<port id="69" name="dct_coeff_table" dir="0" iftype="1">
<core>ROM_nP</core><StgValue><ssdm name="dct_coeff_table"/><MemPortTyVec>1 </MemPortTyVec>
</StgValue>
</port>
</ports>


<dataflows>
<dataflow id="71" from="_ssdm_op_Read.ap_auto.i4" to="i_21_read" fromId="70" toId="6">
</dataflow>
<dataflow id="72" from="i_21" to="i_21_read" fromId="68" toId="6">
</dataflow>
<dataflow id="73" from="_ssdm_op_Read.ap_auto.i4" to="i_2_read" fromId="70" toId="7">
</dataflow>
<dataflow id="74" from="i_2" to="i_2_read" fromId="66" toId="7">
</dataflow>
<dataflow id="76" from="stg_75" to="k" fromId="75" toId="9">
<condition id="29">
<or_exp><and_exp></and_exp></or_exp>
</condition>
</dataflow>
<dataflow id="77" from="stg_8" to="k" fromId="8" toId="9">
</dataflow>
<dataflow id="78" from="k_1" to="k" fromId="13" toId="9">
<BackEdge/>
<condition id="30">
<or_exp><and_exp><literal name="exitcond" val="1"/>
</and_exp></or_exp>
</condition>
</dataflow>
<dataflow id="79" from="stg_48" to="k" fromId="48" toId="9">
<BackEdge/>
</dataflow>
<dataflow id="80" from="k" to="k_cast2_cast" fromId="9" toId="10">
</dataflow>
<dataflow id="81" from="k" to="exitcond1" fromId="9" toId="11">
</dataflow>
<dataflow id="83" from="stg_82" to="exitcond1" fromId="82" toId="11">
</dataflow>
<dataflow id="85" from="_ssdm_op_SpecLoopTripCount" to="empty" fromId="84" toId="12">
</dataflow>
<dataflow id="87" from="stg_86" to="empty" fromId="86" toId="12">
</dataflow>
<dataflow id="88" from="stg_86" to="empty" fromId="86" toId="12">
</dataflow>
<dataflow id="89" from="stg_86" to="empty" fromId="86" toId="12">
</dataflow>
<dataflow id="90" from="k" to="k_1" fromId="9" toId="13">
</dataflow>
<dataflow id="92" from="stg_91" to="k_1" fromId="91" toId="13">
</dataflow>
<dataflow id="93" from="exitcond1" to="stg_14" fromId="11" toId="14">
</dataflow>
<dataflow id="95" from="_ssdm_op_SpecLoopName" to="stg_15" fromId="94" toId="15">
</dataflow>
<dataflow id="97" from="p_str" to="stg_15" fromId="96" toId="15">
</dataflow>
<dataflow id="99" from="_ssdm_op_SpecRegionBegin" to="tmp_s" fromId="98" toId="16">
</dataflow>
<dataflow id="100" from="p_str" to="tmp_s" fromId="96" toId="16">
</dataflow>
<dataflow id="101" from="stg_75" to="n" fromId="75" toId="19">
<condition id="31">
<or_exp><and_exp><literal name="exitcond1" val="0"/>
</and_exp></or_exp>
</condition>
</dataflow>
<dataflow id="102" from="stg_17" to="n" fromId="17" toId="19">
</dataflow>
<dataflow id="103" from="n_1" to="n" fromId="25" toId="19">
<BackEdge/>
<condition id="32">
<or_exp><and_exp></and_exp></or_exp>
</condition>
</dataflow>
<dataflow id="104" from="stg_57" to="n" fromId="57" toId="19">
<BackEdge/>
</dataflow>
<dataflow id="106" from="stg_105" to="tmp" fromId="105" toId="20">
<condition id="33">
<or_exp><and_exp><literal name="exitcond1" val="0"/>
</and_exp></or_exp>
</condition>
</dataflow>
<dataflow id="107" from="stg_17" to="tmp" fromId="17" toId="20">
</dataflow>
<dataflow id="108" from="tmp_4" to="tmp" fromId="56" toId="20">
<BackEdge/>
<condition id="34">
<or_exp><and_exp></and_exp></or_exp>
</condition>
</dataflow>
<dataflow id="109" from="stg_57" to="tmp" fromId="57" toId="20">
<BackEdge/>
</dataflow>
<dataflow id="110" from="n" to="n_cast1_cast" fromId="19" toId="21">
</dataflow>
<dataflow id="111" from="tmp" to="tmp_2" fromId="20" toId="22">
</dataflow>
<dataflow id="112" from="n" to="exitcond" fromId="19" toId="23">
</dataflow>
<dataflow id="113" from="stg_82" to="exitcond" fromId="82" toId="23">
</dataflow>
<dataflow id="114" from="_ssdm_op_SpecLoopTripCount" to="empty_27" fromId="84" toId="24">
</dataflow>
<dataflow id="115" from="stg_86" to="empty_27" fromId="86" toId="24">
</dataflow>
<dataflow id="116" from="stg_86" to="empty_27" fromId="86" toId="24">
</dataflow>
<dataflow id="117" from="stg_86" to="empty_27" fromId="86" toId="24">
</dataflow>
<dataflow id="118" from="n" to="n_1" fromId="19" toId="25">
</dataflow>
<dataflow id="119" from="stg_91" to="n_1" fromId="91" toId="25">
</dataflow>
<dataflow id="120" from="exitcond" to="stg_26" fromId="23" toId="26">
</dataflow>
<dataflow id="122" from="_ssdm_op_BitConcatenate.i7.i4.i3" to="tmp_9" fromId="121" toId="27">
</dataflow>
<dataflow id="123" from="k" to="tmp_9" fromId="9" toId="27">
</dataflow>
<dataflow id="125" from="stg_124" to="tmp_9" fromId="124" toId="27">
</dataflow>
<dataflow id="126" from="tmp_9" to="dct_coeff_table_addr4_cast" fromId="27" toId="28">
</dataflow>
<dataflow id="127" from="dct_coeff_table_addr4_cast" to="dct_coeff_table_addr5" fromId="28" toId="29">
</dataflow>
<dataflow id="128" from="n_cast1_cast" to="dct_coeff_table_addr5" fromId="21" toId="29">
</dataflow>
<dataflow id="129" from="dct_coeff_table_addr5" to="dct_coeff_table_addr5_cast" fromId="29" toId="30">
</dataflow>
<dataflow id="130" from="dct_coeff_table" to="dct_coeff_table_addr" fromId="69" toId="31">
</dataflow>
<dataflow id="131" from="stg_105" to="dct_coeff_table_addr" fromId="105" toId="31">
</dataflow>
<dataflow id="132" from="dct_coeff_table_addr5_cast" to="dct_coeff_table_addr" fromId="30" toId="31">
</dataflow>
<dataflow id="133" from="dct_coeff_table_addr" to="dct_coeff_table_load" fromId="31" toId="32">
</dataflow>
<dataflow id="134" from="_ssdm_op_BitConcatenate.i7.i4.i3" to="tmp_5" fromId="121" toId="33">
</dataflow>
<dataflow id="135" from="i_2_read" to="tmp_5" fromId="7" toId="33">
</dataflow>
<dataflow id="136" from="stg_124" to="tmp_5" fromId="124" toId="33">
</dataflow>
<dataflow id="137" from="tmp_5" to="p_addr_cast" fromId="33" toId="34">
</dataflow>
<dataflow id="138" from="p_addr_cast" to="p_addr1" fromId="34" toId="35">
</dataflow>
<dataflow id="139" from="n_cast1_cast" to="p_addr1" fromId="21" toId="35">
</dataflow>
<dataflow id="140" from="p_addr1" to="p_addr1_cast" fromId="35" toId="36">
</dataflow>
<dataflow id="141" from="src" to="src_addr" fromId="65" toId="37">
</dataflow>
<dataflow id="142" from="stg_105" to="src_addr" fromId="105" toId="37">
</dataflow>
<dataflow id="143" from="p_addr1_cast" to="src_addr" fromId="36" toId="37">
</dataflow>
<dataflow id="144" from="src_addr" to="src_load" fromId="37" toId="38">
</dataflow>
<dataflow id="145" from="tmp_2" to="tmp_1" fromId="22" toId="39">
</dataflow>
<dataflow id="147" from="stg_146" to="tmp_1" fromId="146" toId="39">
</dataflow>
<dataflow id="149" from="_ssdm_op_PartSelect.i16.i29.i32.i32" to="tmp_3" fromId="148" toId="40">
</dataflow>
<dataflow id="150" from="tmp_1" to="tmp_3" fromId="39" toId="40">
</dataflow>
<dataflow id="152" from="stg_151" to="tmp_3" fromId="151" toId="40">
</dataflow>
<dataflow id="154" from="stg_153" to="tmp_3" fromId="153" toId="40">
</dataflow>
<dataflow id="155" from="_ssdm_op_BitConcatenate.i7.i4.i3" to="tmp_8" fromId="121" toId="41">
</dataflow>
<dataflow id="156" from="i_21_read" to="tmp_8" fromId="6" toId="41">
</dataflow>
<dataflow id="157" from="stg_124" to="tmp_8" fromId="124" toId="41">
</dataflow>
<dataflow id="158" from="tmp_8" to="p_addr2_cast" fromId="41" toId="42">
</dataflow>
<dataflow id="159" from="p_addr2_cast" to="p_addr3" fromId="42" toId="43">
</dataflow>
<dataflow id="160" from="k_cast2_cast" to="p_addr3" fromId="10" toId="43">
</dataflow>
<dataflow id="161" from="p_addr3" to="p_addr3_cast" fromId="43" toId="44">
</dataflow>
<dataflow id="162" from="dst" to="dst_addr" fromId="67" toId="45">
</dataflow>
<dataflow id="163" from="stg_105" to="dst_addr" fromId="105" toId="45">
</dataflow>
<dataflow id="164" from="p_addr3_cast" to="dst_addr" fromId="44" toId="45">
</dataflow>
<dataflow id="165" from="tmp_3" to="stg_46" fromId="40" toId="46">
</dataflow>
<dataflow id="166" from="dst_addr" to="stg_46" fromId="45" toId="46">
</dataflow>
<dataflow id="168" from="_ssdm_op_SpecRegionEnd" to="empty_28" fromId="167" toId="47">
</dataflow>
<dataflow id="169" from="p_str" to="empty_28" fromId="96" toId="47">
</dataflow>
<dataflow id="170" from="tmp_s" to="empty_28" fromId="16" toId="47">
</dataflow>
<dataflow id="171" from="dct_coeff_table_addr" to="dct_coeff_table_load" fromId="31" toId="49">
</dataflow>
<dataflow id="172" from="src_addr" to="src_load" fromId="37" toId="50">
</dataflow>
<dataflow id="173" from="_ssdm_op_SpecLoopName" to="stg_51" fromId="94" toId="51">
</dataflow>
<dataflow id="175" from="p_str1" to="stg_51" fromId="174" toId="51">
</dataflow>
<dataflow id="176" from="dct_coeff_table_load" to="coeff_cast" fromId="49" toId="52">
</dataflow>
<dataflow id="177" from="src_load" to="tmp_5_cast" fromId="50" toId="53">
</dataflow>
<dataflow id="178" from="tmp_5_cast" to="tmp_6" fromId="53" toId="54">
</dataflow>
<dataflow id="179" from="coeff_cast" to="tmp_6" fromId="52" toId="54">
</dataflow>
<dataflow id="180" from="tmp_6" to="tmp_6_cast" fromId="54" toId="55">
</dataflow>
<dataflow id="181" from="tmp_6_cast" to="tmp_4" fromId="55" toId="56">
</dataflow>
<dataflow id="182" from="tmp" to="tmp_4" fromId="20" toId="56">
</dataflow>
<dataflow id="183" from="exitcond1" to="stg_2" fromId="11" toId="2">
</dataflow>
<dataflow id="184" from="exitcond" to="stg_3" fromId="23" toId="3">
</dataflow>
</dataflows>


</stg>
