<profile>

<section name = "Vivado HLS Report for 'dct_2d'" level="0">
<item name = "Date">Fri Jan 03 23:02:52 2014
</item>
<item name = "Version">2013.3 (build date: Wed Oct 16 18:12:55 PM 2013)</item>
<item name = "Project">dct_prj</item>
<item name = "Solution">solution1</item>
<item name = "Product family">artix7 artix7_fpv6 </item>
<item name = "Target device">xc7a100tcsg324-1</item>
</section>

<section name = "Performance Estimates" level="0">
<item name = "Timing (ns)">
<section name = "" level="1">
<item name = "Summary"><table name="" hasTotal="0">
<keys size="4">Clock, Target, Estimated, Uncertainty</keys>
<column name="default">10.00, 7.18, 1.25</column>
</table>
</item>
</section>
</item>
<item name = "Latency (clock cycles)">
<section name = "" level="1">
<item name = "Summary"><table name="" hasTotal="0">
<keys size="6">, min, max, min, max, Type</keys>
<column name="">3668, 3668, 3668, 3668, none</column>
</table>
</item>
<item name = "Detail">
<section name = "" level="1">
<item name = "Instance"><table name="" hasTotal="0">
<keys size="7">Instance, Module, min, max, min, max, Type</keys>
<column name="grp_dct_1d_fu_174">dct_1d, 209, 209, 209, 209, none</column>
</table>
</item>
<item name = "Loop"><table name="" hasTotal="0">
<keys size="8">Loop Name, min, max, Latency, achieved, target, Count, Pipelined</keys>
<column name="- Row_DCT_Loop">1688, 1688, 211, -, -, 8, no</column>
<column name="- Xpose_Row_Outer_Loop">144, 144, 18, -, -, 8, no</column>
<column name=" + Xpose_Row_Inner_Loop">16, 16, 2, -, -, 8, no</column>
<column name="- Col_DCT_Loop">1688, 1688, 211, -, -, 8, no</column>
<column name="- Xpose_Col_Outer_Loop">144, 144, 18, -, -, 8, no</column>
<column name=" + Xpose_Col_Inner_Loop">16, 16, 2, -, -, 8, no</column>
</table>
</item>
</section>
</item>
</section>
</item>
</section>

<section name = "Utilization Estimates" level="0">
<item name = "Summary"><table name="" hasTotal="1">
<keys size="5">Name, BRAM_18K, DSP48E, FF, LUT</keys>
<column name="Expression">-, -, 0, 80</column>
<column name="FIFO">-, -, -, -</column>
<column name="Instance">1, 1, 86, 109</column>
<column name="Memory">3, -, 0, 0</column>
<column name="Multiplexer">-, -, -, 66</column>
<column name="Register">-, -, 77, -</column>
<column name="ShiftMemory">-, -, -, -</column>
<specialColumn name="Available">270, 240, 126800, 63400</specialColumn>
<specialColumn name="Utilization (%)">1, ~0, ~0, ~0</specialColumn>
</table>
</item>
<item name = "Detail">
<section name = "" level="1">
<item name = "Instance"><table name="" hasTotal="1">
<keys size="6">Instance, Module, BRAM_18K, DSP48E, FF, LUT</keys>
<column name="grp_dct_1d_fu_174">dct_1d, 1, 1, 86, 109</column>
</table>
</item>
<item name = "Memory"><table name="" hasTotal="1">
<keys size="7">Memory, Module, BRAM_18K, Words, Bits, Banks, W*Bits*Banks</keys>
<column name="row_outbuf_U">dct_2d_row_outbuf, 1, 64, 16, 1, 1024</column>
<column name="col_outbuf_U">dct_2d_row_outbuf, 1, 64, 16, 1, 1024</column>
<column name="col_inbuf_U">dct_2d_row_outbuf, 1, 64, 16, 1, 1024</column>
</table>
</item>
<item name = "FIFO"><table name="" hasTotal="1">
<keys size="7">Name, BRAM_18K, FF, LUT, Depth, Bits, Size:D*B</keys>
</table>
</item>
<item name = "Shift register"><table name="" hasTotal="1">
<keys size="5">Name, FF, LUT, Bits, Const Bits</keys>
</table>
</item>
<item name = "Expression"><table name="" hasTotal="1">
<keys size="7">Variable Name, Operation, DSP48E, FF, LUT, Bitwidth P0, Bitwidth P1</keys>
<column name="i_4_fu_195_p2">+, 0, 0, 4, 4, 1</column>
<column name="i_5_fu_283_p2">+, 0, 0, 4, 4, 1</column>
<column name="i_6_fu_227_p2">+, 0, 0, 4, 4, 1</column>
<column name="i_7_fu_315_p2">+, 0, 0, 4, 4, 1</column>
<column name="j_2_fu_211_p2">+, 0, 0, 4, 4, 1</column>
<column name="j_3_fu_299_p2">+, 0, 0, 4, 4, 1</column>
<column name="p_addr1_fu_245_p2">+, 0, 0, 8, 8, 8</column>
<column name="p_addr3_fu_333_p2">+, 0, 0, 8, 8, 8</column>
<column name="p_addr5_fu_267_p2">+, 0, 0, 8, 8, 8</column>
<column name="p_addr7_fu_355_p2">+, 0, 0, 8, 8, 8</column>
<column name="exitcond3_fu_293_p2">icmp, 0, 0, 4, 4, 5</column>
<column name="exitcond4_fu_277_p2">icmp, 0, 0, 4, 4, 5</column>
<column name="exitcond5_fu_221_p2">icmp, 0, 0, 4, 4, 5</column>
<column name="exitcond6_fu_205_p2">icmp, 0, 0, 4, 4, 5</column>
<column name="exitcond7_fu_189_p2">icmp, 0, 0, 4, 4, 5</column>
<column name="exitcond_fu_309_p2">icmp, 0, 0, 4, 4, 5</column>
</table>
</item>
<item name = "Multiplexer"><table name="" hasTotal="1">
<keys size="5">Name, LUT, Input Size, Bits, Total Bits</keys>
<column name="col_inbuf_address0">6, 3, 6, 18</column>
<column name="col_outbuf_address0">6, 3, 6, 18</column>
<column name="grp_dct_1d_fu_174_i_2">4, 3, 4, 12</column>
<column name="grp_dct_1d_fu_174_i_21">4, 3, 4, 12</column>
<column name="grp_dct_1d_fu_174_src_q0">16, 3, 16, 48</column>
<column name="i_1_reg_127">4, 2, 4, 8</column>
<column name="i_2_reg_138">4, 2, 4, 8</column>
<column name="i_3_reg_162">4, 2, 4, 8</column>
<column name="i_reg_103">4, 2, 4, 8</column>
<column name="j_1_reg_150">4, 2, 4, 8</column>
<column name="j_reg_115">4, 2, 4, 8</column>
<column name="row_outbuf_address0">6, 3, 6, 18</column>
</table>
</item>
<item name = "Register"><table name="" hasTotal="1">
<keys size="4">Name, FF, Bits, Const Bits</keys>
<column name="ap_CS_fsm">4, 4, 0</column>
<column name="grp_dct_1d_fu_174_ap_start_ap_start_reg">1, 1, 0</column>
<column name="i_1_reg_127">4, 4, 0</column>
<column name="i_2_reg_138">4, 4, 0</column>
<column name="i_3_reg_162">4, 4, 0</column>
<column name="i_4_reg_368">4, 4, 0</column>
<column name="i_5_reg_407">4, 4, 0</column>
<column name="i_6_reg_389">4, 4, 0</column>
<column name="i_7_reg_428">4, 4, 0</column>
<column name="i_reg_103">4, 4, 0</column>
<column name="j_1_cast2_cast_reg_412">4, 8, 4</column>
<column name="j_1_reg_150">4, 4, 0</column>
<column name="j_2_reg_381">4, 4, 0</column>
<column name="j_3_reg_420">4, 4, 0</column>
<column name="j_cast5_cast_reg_373">4, 8, 4</column>
<column name="j_reg_115">4, 4, 0</column>
<column name="p_addr5_reg_399">8, 8, 0</column>
<column name="p_addr7_reg_438">8, 8, 0</column>
</table>
</item>
</section>
</item>
</section>

<section name = "Interface" level="0">
<item name = "Summary"><table name="" hasTotal="0">
<keys size="6">RTL Ports, Dir, Bits, Protocol, Source Object, C Type</keys>
<column name="ap_clk">in, 1, ap_ctrl_hs, dct_2d, return value</column>
<column name="ap_rst">in, 1, ap_ctrl_hs, dct_2d, return value</column>
<column name="ap_start">in, 1, ap_ctrl_hs, dct_2d, return value</column>
<column name="ap_done">out, 1, ap_ctrl_hs, dct_2d, return value</column>
<column name="ap_idle">out, 1, ap_ctrl_hs, dct_2d, return value</column>
<column name="ap_ready">out, 1, ap_ctrl_hs, dct_2d, return value</column>
<column name="in_block_address0">out, 6, ap_memory, in_block, array</column>
<column name="in_block_ce0">out, 1, ap_memory, in_block, array</column>
<column name="in_block_q0">in, 16, ap_memory, in_block, array</column>
<column name="out_block_address0">out, 6, ap_memory, out_block, array</column>
<column name="out_block_ce0">out, 1, ap_memory, out_block, array</column>
<column name="out_block_we0">out, 1, ap_memory, out_block, array</column>
<column name="out_block_d0">out, 16, ap_memory, out_block, array</column>
</table>
</item>
</section>
</profile>
