<profile>

<section name = "Vivado HLS Report for 'dct_1d'" level="0">
<item name = "Date">Fri Jan 03 23:02:51 2014
</item>
<item name = "Version">2013.3 (build date: Wed Oct 16 18:12:55 PM 2013)</item>
<item name = "Project">dct_prj</item>
<item name = "Solution">solution1</item>
<item name = "Product family">artix7 artix7_fpv6 </item>
<item name = "Target device">xc7a100tcsg324-1</item>
</section>

<section name = "Performance Estimates" level="0">
<item name = "Timing (ns)">
<section name = "" level="1">
<item name = "Summary"><table name="" hasTotal="0">
<keys size="4">Clock, Target, Estimated, Uncertainty</keys>
<column name="default">10.00, 7.18, 1.25</column>
</table>
</item>
</section>
</item>
<item name = "Latency (clock cycles)">
<section name = "" level="1">
<item name = "Summary"><table name="" hasTotal="0">
<keys size="6">, min, max, min, max, Type</keys>
<column name="">209, 209, 209, 209, none</column>
</table>
</item>
<item name = "Detail">
<section name = "" level="1">
<item name = "Instance"><table name="" hasTotal="0">
<keys size="7">Instance, Module, min, max, min, max, Type</keys>
</table>
</item>
<item name = "Loop"><table name="" hasTotal="0">
<keys size="8">Loop Name, min, max, Latency, achieved, target, Count, Pipelined</keys>
<column name="- DCT_Outer_Loop">208, 208, 26, -, -, 8, no</column>
<column name=" + DCT_Inner_Loop">24, 24, 3, -, -, 8, no</column>
</table>
</item>
</section>
</item>
</section>
</item>
</section>

<section name = "Utilization Estimates" level="0">
<item name = "Summary"><table name="" hasTotal="1">
<keys size="5">Name, BRAM_18K, DSP48E, FF, LUT</keys>
<column name="Expression">-, 1, 0, 69</column>
<column name="FIFO">-, -, -, -</column>
<column name="Instance">-, -, -, -</column>
<column name="Memory">1, -, -, -</column>
<column name="Multiplexer">-, -, -, 40</column>
<column name="Register">-, -, 86, -</column>
<column name="ShiftMemory">-, -, -, -</column>
<specialColumn name="Available">270, 240, 126800, 63400</specialColumn>
<specialColumn name="Utilization (%)">~0, ~0, ~0, ~0</specialColumn>
</table>
</item>
<item name = "Detail">
<section name = "" level="1">
<item name = "Instance"><table name="" hasTotal="1">
<keys size="6">Instance, Module, BRAM_18K, DSP48E, FF, LUT</keys>
</table>
</item>
<item name = "Memory"><table name="" hasTotal="1">
<keys size="7">Memory, Module, BRAM_18K, Words, Bits, Banks, W*Bits*Banks</keys>
<column name="dct_coeff_table_U">dct_1d_dct_coeff_table, 1, 64, 15, 1, 960</column>
</table>
</item>
<item name = "FIFO"><table name="" hasTotal="1">
<keys size="7">Name, BRAM_18K, FF, LUT, Depth, Bits, Size:D*B</keys>
</table>
</item>
<item name = "Shift register"><table name="" hasTotal="1">
<keys size="5">Name, FF, LUT, Bits, Const Bits</keys>
</table>
</item>
<item name = "Expression"><table name="" hasTotal="1">
<keys size="7">Variable Name, Operation, DSP48E, FF, LUT, Bitwidth P0, Bitwidth P1</keys>
<column name="tmp_6_fu_255_p2">*, 1, 0, 0, 16, 15</column>
<column name="dct_coeff_table_addr5_fu_178_p2">+, 0, 0, 8, 8, 8</column>
<column name="k_1_fu_140_p2">+, 0, 0, 4, 4, 1</column>
<column name="n_1_fu_160_p2">+, 0, 0, 4, 4, 1</column>
<column name="p_addr1_fu_200_p2">+, 0, 0, 8, 8, 8</column>
<column name="p_addr3_fu_239_p2">+, 0, 0, 8, 8, 8</column>
<column name="tmp_1_fu_211_p2">+, 0, 0, 29, 29, 13</column>
<column name="exitcond1_fu_134_p2">icmp, 0, 0, 4, 4, 5</column>
<column name="exitcond_fu_154_p2">icmp, 0, 0, 4, 4, 5</column>
</table>
</item>
<item name = "Multiplexer"><table name="" hasTotal="1">
<keys size="5">Name, LUT, Input Size, Bits, Total Bits</keys>
<column name="k_reg_94">4, 2, 4, 8</column>
<column name="n_reg_106">4, 2, 4, 8</column>
<column name="tmp_reg_117">32, 2, 32, 64</column>
</table>
</item>
<item name = "Register"><table name="" hasTotal="1">
<keys size="4">Name, FF, Bits, Const Bits</keys>
<column name="ap_CS_fsm">3, 3, 0</column>
<column name="dct_coeff_table_load_reg_312">15, 15, 0</column>
<column name="k_1_reg_289">4, 4, 0</column>
<column name="k_cast2_cast_reg_281">4, 8, 4</column>
<column name="k_reg_94">4, 4, 0</column>
<column name="n_1_reg_297">4, 4, 0</column>
<column name="n_reg_106">4, 4, 0</column>
<column name="src_load_reg_317">16, 16, 0</column>
<column name="tmp_reg_117">32, 32, 0</column>
</table>
</item>
</section>
</item>
</section>

<section name = "Interface" level="0">
<item name = "Summary"><table name="" hasTotal="0">
<keys size="6">RTL Ports, Dir, Bits, Protocol, Source Object, C Type</keys>
<column name="ap_clk">in, 1, ap_ctrl_hs, dct_1d, return value</column>
<column name="ap_rst">in, 1, ap_ctrl_hs, dct_1d, return value</column>
<column name="ap_start">in, 1, ap_ctrl_hs, dct_1d, return value</column>
<column name="ap_done">out, 1, ap_ctrl_hs, dct_1d, return value</column>
<column name="ap_idle">out, 1, ap_ctrl_hs, dct_1d, return value</column>
<column name="ap_ready">out, 1, ap_ctrl_hs, dct_1d, return value</column>
<column name="src_address0">out, 6, ap_memory, src, array</column>
<column name="src_ce0">out, 1, ap_memory, src, array</column>
<column name="src_q0">in, 16, ap_memory, src, array</column>
<column name="i_2">in, 4, ap_none, i_2, scalar</column>
<column name="dst_address0">out, 6, ap_memory, dst, array</column>
<column name="dst_ce0">out, 1, ap_memory, dst, array</column>
<column name="dst_we0">out, 1, ap_memory, dst, array</column>
<column name="dst_d0">out, 16, ap_memory, dst, array</column>
<column name="i_21">in, 4, ap_none, i_21, scalar</column>
</table>
</item>
</section>
</profile>
