<?xml version="1.0"?>
<MEGACORE title="FIR Compiler"  version="12.1"  build="177"  iptb_version="1.3.0 Build 177"  format_version="120" >
<NETLIST_SECTION class="altera.ipbu.flowbase.netlist.model.FIRModelClass"  active_core="fir_ast" >
<STATIC_SECTION>
<PRIVATES>
<NAMESPACE name = "parameterization">
<PRIVATE name = "use_mem" value="1"  type="BOOLEAN"  enable="1" />
<PRIVATE name = "mem_type" value="M512"  type="STRING"  enable="1" />
<PRIVATE name = "filter_rate" value="Single Rate"  type="STRING"  enable="1" />
<PRIVATE name = "filter_factor" value="2"  type="INTEGER"  enable="0" />
<PRIVATE name = "coefficient_scaling_type" value="Auto"  type="STRING"  enable="1" />
<PRIVATE name = "coefficient_scaling_factor" value="508.3884150209271"  type="STRING"  enable="0" />
<PRIVATE name = "coefficient_bit_width" value="8"  type="INTEGER"  enable="1" />
<PRIVATE name = "coefficient_binary_point_position" value="0"  type="INTEGER"  enable="0" />
<PRIVATE name = "number_of_input_channels" value="1"  type="INTEGER"  enable="1" />
<PRIVATE name = "input_number_system" value="Signed Binary"  type="STRING"  enable="1" />
<PRIVATE name = "input_bit_width" value="8"  type="INTEGER"  enable="1" />
<PRIVATE name = "input_binary_point_position" value="0"  type="INTEGER"  enable="0" />
<PRIVATE name = "output_bit_width_method" value="Actual Coefficients"  type="STRING"  enable="1" />
<PRIVATE name = "output_number_system" value="Full Resolution"  type="STRING"  enable="1" />
<PRIVATE name = "output_bit_width" value="18"  type="INTEGER"  enable="1" />
<PRIVATE name = "output_bits_right_of_binary_point" value="14"  type="INTEGER"  enable="0" />
<PRIVATE name = "output_bits_removed_from_lsb" value="0"  type="INTEGER"  enable="0" />
<PRIVATE name = "output_lsb_remove_type" value="Truncate"  type="STRING"  enable="1" />
<PRIVATE name = "output_msb_remove_type" value="Truncate"  type="STRING"  enable="1" />
<PRIVATE name = "flow_control" value="0"  type="INTEGER"  enable="1" />
<PRIVATE name = "flow_control_input" value="Slave Sink"  type="STRING"  enable="1" />
<PRIVATE name = "flow_control_output" value="Master Source"  type="STRING"  enable="1" />
<PRIVATE name = "device_family" value="Cyclone IV E"  type="STRING"  enable="1" />
<PRIVATE name = "structure" value="Distributed Arithmetic : Fully Parallel Filter"  type="STRING"  enable="1" />
<PRIVATE name = "pipeline_level" value="1"  type="INTEGER"  enable="1" />
<PRIVATE name = "clocks_to_compute" value="1"  type="INTEGER"  enable="0" />
<PRIVATE name = "number_of_serial_units" value="2"  type="INTEGER"  enable="0" />
<PRIVATE name = "data_storage" value="Logic Cells"  type="STRING"  enable="1" />
<PRIVATE name = "coefficient_storage" value="Logic Cells"  type="STRING"  enable="1" />
<PRIVATE name = "multiplier_storage" value="Logic Cells"  type="STRING"  enable="0" />
<PRIVATE name = "force_non_symmetric_structure" value="0"  type="BOOLEAN"  enable="0" />
<PRIVATE name = "coefficients_reload" value="0"  type="BOOLEAN"  enable="0" />
<PRIVATE name = "coefficients_reload_sgl_clock" value="0"  type="BOOLEAN"  enable="1" />
<PRIVATE name = "max_clocks_to_compute" value="1"  type="INTEGER"  enable="1" />
<PRIVATE name = "set_1" value="Low Pass Set, Floating, Low Pass, Rectangular, 37, 1.0E7, 1250000.0, 3750000.0, 0, 0.0176663, 0.013227, 0.0, -0.0149911, -0.0227152, -0.0172976, 0.0, 0.0204448, 0.0318046, 0.0249882, 0.0, -0.0321283, -0.0530093, -0.04498, 0.0, 0.0749693, 0.159034, 0.224907, 0.249809, 0.224907, 0.159034, 0.0749693, 0.0, -0.04498, -0.0530093, -0.0321283, 0.0, 0.0249882, 0.0318046, 0.0204448, 0.0, -0.0172976, -0.0227152, -0.0149911, 0.0, 0.013227, 0.0176663"  type="STRING"  enable="1" />
<PRIVATE name = "number_of_sets" value="1"  type="INTEGER"  enable="1" />
<PRIVATE name = "output_full_bit_width" value="18"  type="INTEGER"  enable="1" />
<PRIVATE name = "output_full_bits_right_of_binary_point" value="14"  type="INTEGER"  enable="1" />
<PRIVATE name = "coefficient_reload_bit_width" value="11"  type="INTEGER"  enable="1" />
<PRIVATE name = "logic_cell" value="1178"  type="INTEGER"  enable="1" />
<PRIVATE name = "m512" value="0"  type="INTEGER"  enable="1" />
<PRIVATE name = "m4k" value="0"  type="INTEGER"  enable="1" />
<PRIVATE name = "m144k" value="0"  type="INTEGER"  enable="1" />
<PRIVATE name = "m9k" value="0"  type="INTEGER"  enable="1" />
<PRIVATE name = "m20k" value="0"  type="INTEGER"  enable="1" />
<PRIVATE name = "mlab" value="0"  type="INTEGER"  enable="1" />
<PRIVATE name = "megaram" value="0"  type="INTEGER"  enable="1" />
<PRIVATE name = "dsp_block" value="0"  type="INTEGER"  enable="1" />
<PRIVATE name = "input_clock_period" value="1"  type="INTEGER"  enable="1" />
<PRIVATE name = "output_clock_period" value="1"  type="INTEGER"  enable="1" />
<PRIVATE name = "throughput" value="1"  type="INTEGER"  enable="1" />
<PRIVATE name = "memory_units" value="0"  type="INTEGER"  enable="1" />
</NAMESPACE>
<NAMESPACE name = "simgen_enable">
<PRIVATE name = "matlab_enable" value="1"  type="BOOLEAN"  enable="1" />
<PRIVATE name = "testbench_enable" value="1"  type="BOOLEAN"  enable="1" />
<PRIVATE name = "testbench_simulation_clock_period" value="10.0"  type="STRING"  enable="1" />
<PRIVATE name = "language" value="Verilog HDL"  type="STRING"  enable="1" />
<PRIVATE name = "enabled" value="0"  type="BOOLEAN"  enable="1" />
</NAMESPACE>
<NAMESPACE name = "simgen">
<PRIVATE name = "filename" value="fir.vo"  type="STRING"  enable="1" />
</NAMESPACE>
<NAMESPACE name = "quartus_settings">
<PRIVATE name = "DEVICE" value="EP4CE15F17C8"  type="STRING"  enable="1" />
<PRIVATE name = "FAMILY" value="Cyclone IV E"  type="STRING"  enable="1" />
</NAMESPACE>
<NAMESPACE name = "serializer"/>
</PRIVATES>
<FILES/>
<PORTS/>
<LIBRARIES/>
</STATIC_SECTION>
</NETLIST_SECTION>
</MEGACORE>
