<?xml version="1.0" encoding="UTF-8"?>
<GenRun Id="impl_1" LaunchPart="xc7k325tffg900-2" LaunchTime="1761289090">
  <File Type="BITSTR-BMM" Name="axi_gpio_bd.bmm"/>
  <File Type="OPT-METHODOLOGY-DRC" Name="axi_gpio_methodology_drc_opted.rpt"/>
  <File Type="INIT-TIMING" Name="axi_gpio_timing_summary_init.rpt"/>
  <File Type="ROUTE-PWR" Name="axi_gpio_power_routed.rpt"/>
  <File Type="PA-TCL" Name="axi_gpio.tcl"/>
  <File Type="OPT-TIMING" Name="axi_gpio_timing_summary_opted.rpt"/>
  <File Type="OPT-DCP" Name="axi_gpio_opt.dcp"/>
  <File Type="ROUTE-PWR-SUM" Name="axi_gpio_power_summary_routed.pb"/>
  <File Type="REPORTS-TCL" Name="axi_gpio_reports.tcl"/>
  <File Type="OPT-DRC" Name="axi_gpio_drc_opted.rpt"/>
  <File Type="OPT-HWDEF" Name="axi_gpio.hwdef"/>
  <File Type="PWROPT-DCP" Name="axi_gpio_pwropt.dcp"/>
  <File Type="PWROPT-DRC" Name="axi_gpio_drc_pwropted.rpt"/>
  <File Type="PWROPT-TIMING" Name="axi_gpio_timing_summary_pwropted.rpt"/>
  <File Type="PLACE-DCP" Name="axi_gpio_placed.dcp"/>
  <File Type="PLACE-IO" Name="axi_gpio_io_placed.rpt"/>
  <File Type="PLACE-CLK" Name="axi_gpio_clock_utilization_placed.rpt"/>
  <File Type="PLACE-UTIL" Name="axi_gpio_utilization_placed.rpt"/>
  <File Type="PLACE-UTIL-PB" Name="axi_gpio_utilization_placed.pb"/>
  <File Type="PLACE-CTRL" Name="axi_gpio_control_sets_placed.rpt"/>
  <File Type="PLACE-SIMILARITY" Name="axi_gpio_incremental_reuse_placed.rpt"/>
  <File Type="PLACE-PRE-SIMILARITY" Name="axi_gpio_incremental_reuse_pre_placed.rpt"/>
  <File Type="BG-BGN" Name="axi_gpio.bgn"/>
  <File Type="PLACE-TIMING" Name="axi_gpio_timing_summary_placed.rpt"/>
  <File Type="POSTPLACE-PWROPT-DCP" Name="axi_gpio_postplace_pwropt.dcp"/>
  <File Type="BG-BIN" Name="axi_gpio.bin"/>
  <File Type="POSTPLACE-PWROPT-TIMING" Name="axi_gpio_timing_summary_postplace_pwropted.rpt"/>
  <File Type="PHYSOPT-DCP" Name="axi_gpio_physopt.dcp"/>
  <File Type="PHYSOPT-DRC" Name="axi_gpio_drc_physopted.rpt"/>
  <File Type="BITSTR-MSK" Name="axi_gpio.msk"/>
  <File Type="PHYSOPT-TIMING" Name="axi_gpio_timing_summary_physopted.rpt"/>
  <File Type="ROUTE-ERROR-DCP" Name="axi_gpio_routed_error.dcp"/>
  <File Type="ROUTE-DCP" Name="axi_gpio_routed.dcp"/>
  <File Type="ROUTE-BLACKBOX-DCP" Name="axi_gpio_routed_bb.dcp"/>
  <File Type="ROUTE-DRC" Name="axi_gpio_drc_routed.rpt"/>
  <File Type="ROUTE-DRC-PB" Name="axi_gpio_drc_routed.pb"/>
  <File Type="BITSTR-LTX" Name="debug_nets.ltx"/>
  <File Type="BITSTR-LTX" Name="axi_gpio.ltx"/>
  <File Type="ROUTE-DRC-RPX" Name="axi_gpio_drc_routed.rpx"/>
  <File Type="BITSTR-MMI" Name="axi_gpio.mmi"/>
  <File Type="ROUTE-METHODOLOGY-DRC" Name="axi_gpio_methodology_drc_routed.rpt"/>
  <File Type="ROUTE-METHODOLOGY-DRC-RPX" Name="axi_gpio_methodology_drc_routed.rpx"/>
  <File Type="BITSTR-SYSDEF" Name="axi_gpio.sysdef"/>
  <File Type="ROUTE-METHODOLOGY-DRC-PB" Name="axi_gpio_methodology_drc_routed.pb"/>
  <File Type="ROUTE-PWR-RPX" Name="axi_gpio_power_routed.rpx"/>
  <File Type="ROUTE-STATUS" Name="axi_gpio_route_status.rpt"/>
  <File Type="ROUTE-STATUS-PB" Name="axi_gpio_route_status.pb"/>
  <File Type="ROUTE-TIMINGSUMMARY" Name="axi_gpio_timing_summary_routed.rpt"/>
  <File Type="ROUTE-TIMING-PB" Name="axi_gpio_timing_summary_routed.pb"/>
  <File Type="ROUTE-TIMING-RPX" Name="axi_gpio_timing_summary_routed.rpx"/>
  <File Type="ROUTE-SIMILARITY" Name="axi_gpio_incremental_reuse_routed.rpt"/>
  <File Type="ROUTE-CLK" Name="axi_gpio_clock_utilization_routed.rpt"/>
  <File Type="ROUTE-BUS-SKEW" Name="axi_gpio_bus_skew_routed.rpt"/>
  <File Type="ROUTE-BUS-SKEW-PB" Name="axi_gpio_bus_skew_routed.pb"/>
  <File Type="ROUTE-BUS-SKEW-RPX" Name="axi_gpio_bus_skew_routed.rpx"/>
  <File Type="POSTROUTE-PHYSOPT-DCP" Name="axi_gpio_postroute_physopt.dcp"/>
  <File Type="POSTROUTE-PHYSOPT-BLACKBOX-DCP" Name="axi_gpio_postroute_physopt_bb.dcp"/>
  <File Type="POSTROUTE-PHYSOPT-TIMING" Name="axi_gpio_timing_summary_postroute_physopted.rpt"/>
  <File Type="POSTROUTE-PHYSOPT-TIMING-PB" Name="axi_gpio_timing_summary_postroute_physopted.pb"/>
  <File Type="POSTROUTE-PHYSOPT-TIMING-RPX" Name="axi_gpio_timing_summary_postroute_physopted.rpx"/>
  <File Type="POSTROUTE-PHYSOPT-BUS-SKEW" Name="axi_gpio_bus_skew_postroute_physopted.rpt"/>
  <File Type="POSTROUTE-PHYSOPT-BUS-SKEW-PB" Name="axi_gpio_bus_skew_postroute_physopted.pb"/>
  <File Type="BG-BIT" Name="axi_gpio.bit"/>
  <File Type="POSTROUTE-PHYSOPT-BUS-SKEW-RPX" Name="axi_gpio_bus_skew_postroute_physopted.rpx"/>
  <File Type="BITSTR-RBT" Name="axi_gpio.rbt"/>
  <File Type="BITSTR-NKY" Name="axi_gpio.nky"/>
  <File Type="BG-DRC" Name="axi_gpio.drc"/>
  <File Type="RDI-RDI" Name="axi_gpio.vdi"/>
  <File Type="WBT-USG" Name="usage_statistics_webtalk.html"/>
  <FileSet Name="sources" Type="DesignSrcs" RelSrcDir="$PSRCDIR/sources_1">
    <Filter Type="Srcs"/>
    <File Path="$PPRDIR/../src/lib_cdc_v1_0_rfs.vhd">
      <FileInfo>
        <Attr Name="Library" Val="lib_cdc_v1_0_2"/>
        <Attr Name="UsedIn" Val="synthesis"/>
        <Attr Name="UsedIn" Val="simulation"/>
      </FileInfo>
    </File>
    <File Path="$PPRDIR/../src/axi_lite_ipif_v3_0_vh_rfs.vhd">
      <FileInfo>
        <Attr Name="Library" Val="axi_lite_ipif_v3_0_4"/>
        <Attr Name="UsedIn" Val="synthesis"/>
        <Attr Name="UsedIn" Val="simulation"/>
      </FileInfo>
    </File>
    <File Path="$PPRDIR/../src/interrupt_control_v3_1_vh_rfs.vhd">
      <FileInfo>
        <Attr Name="Library" Val="interrupt_control_v3_1_4"/>
        <Attr Name="UsedIn" Val="synthesis"/>
        <Attr Name="UsedIn" Val="simulation"/>
      </FileInfo>
    </File>
    <File Path="$PPRDIR/../src/axi_gpio_v2_0_vh_rfs.vhd">
      <FileInfo>
        <Attr Name="Library" Val="axi_gpio_v2_0_21"/>
        <Attr Name="UsedIn" Val="synthesis"/>
        <Attr Name="UsedIn" Val="simulation"/>
      </FileInfo>
    </File>
    <Config>
      <Option Name="DesignMode" Val="RTL"/>
      <Option Name="TopModule" Val="axi_gpio"/>
      <Option Name="TopAutoSet" Val="TRUE"/>
    </Config>
  </FileSet>
  <FileSet Name="constrs_in" Type="Constrs" RelSrcDir="$PSRCDIR/constrs_1">
    <Filter Type="Constrs"/>
    <Config>
      <Option Name="ConstrsType" Val="XDC"/>
    </Config>
  </FileSet>
  <FileSet Name="utils" Type="Utils" RelSrcDir="$PSRCDIR/utils_1">
    <Filter Type="Utils"/>
    <Config>
      <Option Name="TopAutoSet" Val="TRUE"/>
    </Config>
  </FileSet>
  <Strategy Version="1" Minor="2">
    <StratHandle Name="Vivado Implementation Defaults" Flow="Vivado Implementation 2019">
      <Desc>Default settings for Implementation.</Desc>
    </StratHandle>
    <Step Id="init_design"/>
    <Step Id="opt_design"/>
    <Step Id="power_opt_design"/>
    <Step Id="place_design"/>
    <Step Id="post_place_power_opt_design"/>
    <Step Id="phys_opt_design"/>
    <Step Id="route_design"/>
    <Step Id="post_route_phys_opt_design"/>
    <Step Id="write_bitstream"/>
  </Strategy>
</GenRun>
