<?xml version="1.0" encoding="UTF-8"?>
<vivadoHLSLog:LogRoot xmlns:vivadoHLSLog="www.xilinx.com/vivadoHLSLog">
  <errorLogs>
    <logs>
      <synLog/>
      <simLog/>
      <mgLog/>
      <packageLog/>
    </logs>
  </errorLogs>
  <warningLogs>
    <logs>
      <synLog>
        <logs message="@W [RTGEN-101] Legalizing port name 'read_data|input' to 'read_data|input_r'." projectName="dct_prj" solutionName="solution8" date="2012-08-02T17:45:33.804-0500" type="Warning"/>
        <logs message="@W [RTGEN-101] Legalizing port name 'write_data|buf' to 'write_data|buf_r'." projectName="dct_prj" solutionName="solution8" date="2012-08-02T17:45:33.820-0500" type="Warning"/>
        <logs message="@W [RTGEN-101] Legalizing port name 'write_data|output' to 'write_data|output_r'." projectName="dct_prj" solutionName="solution8" date="2012-08-02T17:45:33.836-0500" type="Warning"/>
        <logs message="@W [RTGEN-101] Legalizing port name 'dct|input' to 'dct|input_r'." projectName="dct_prj" solutionName="solution8" date="2012-08-02T17:45:33.851-0500" type="Warning"/>
        <logs message="@W [RTGEN-101] Legalizing port name 'dct|output' to 'dct|output_r'." projectName="dct_prj" solutionName="solution8" date="2012-08-02T17:45:33.867-0500" type="Warning"/>
        <logs message="@W [SCHED-69] Unable to schedule 'store' operation (dct.c:51->dct.c:87) of variable 'tmp_2' on array 'buf_2d_out' due to limited memory ports." projectName="dct_prj" solutionName="solution8" date="2012-08-02T17:45:33.882-0500" type="Warning"/>
        <logs message="@W [RTGEN-101] Legalizing port name 'read_data|input' to 'read_data|input_r'." projectName="dct_prj" solutionName="solution7" date="2012-08-02T17:33:27.805-0500" type="Warning"/>
        <logs message="@W [RTGEN-101] Legalizing port name 'read_data|buf' to 'read_data|buf_r'." projectName="dct_prj" solutionName="solution7" date="2012-08-02T17:33:27.836-0500" type="Warning"/>
        <logs message="@W [RTGEN-101] Legalizing port name 'write_data|buf' to 'write_data|buf_r'." projectName="dct_prj" solutionName="solution7" date="2012-08-02T17:33:27.851-0500" type="Warning"/>
        <logs message="@W [RTGEN-101] Legalizing port name 'write_data|output' to 'write_data|output_r'." projectName="dct_prj" solutionName="solution7" date="2012-08-02T17:33:27.867-0500" type="Warning"/>
        <logs message="@W [RTGEN-101] Legalizing port name 'dct|input' to 'dct|input_r'." projectName="dct_prj" solutionName="solution7" date="2012-08-02T17:33:27.883-0500" type="Warning"/>
        <logs message="@W [RTGEN-101] Legalizing port name 'dct|output' to 'dct|output_r'." projectName="dct_prj" solutionName="solution7" date="2012-08-02T17:33:27.898-0500" type="Warning"/>
        <logs message="@W [SCHED-68] Unable to enforce a carried dependency constraint (II = 1, distance = 1)&#xD;&#xA;   between 'store' operation (dct.c:62) of variable 'tmp_3' on array 'buf_r' and 'load' operation ('buf_load', dct.c:62) on array 'buf_r'.&#xD;&#xA;Failed to meet target II: 1&#xD;&#xA;The critical dependency path consists of the following.&#xD;&#xA;[Operation latency] 'load' operation ('buf_load', dct.c:62) on array 'buf_r' requires a latency of 1.&#xD;&#xA;[Precedence] from 'load' operation ('buf_load', dct.c:62) on array 'buf_r' to 'store' operation (dct.c:62) of variable 'tmp_3' on array 'buf_r' with length = 0.&#xD;&#xA;[Carried Dependence] from 'store' operation (dct.c:62) of variable 'tmp_3' on array 'buf_r' to 'load' operation ('buf_load', dct.c:62) on array 'buf_r' with (distance, length) = (1, 1).&#xD;&#xA;&#x9;Total length of the dependency path is 2,&#xD;&#xA;&#x9;which exceeds II * total distance = 1 * 1 = 1" projectName="dct_prj" solutionName="solution7" date="2012-08-02T17:33:27.914-0500" type="Warning"/>
        <logs message="@W [SCHED-68] Unable to enforce a carried dependency constraint (II = 1, distance = 1)&#xD;&#xA;   between 'store' operation (dct.c:40->dct.c:87) of variable 'tmp_2' on array 'col_inbuf' and 'load' operation ('col_inbuf_load', dct.c:40->dct.c:87) on array 'col_inbuf'.&#xD;&#xA;Failed to meet target II: 1&#xD;&#xA;The critical dependency path consists of the following.&#xD;&#xA;[Operation latency] 'load' operation ('col_inbuf_load', dct.c:40->dct.c:87) on array 'col_inbuf' requires a latency of 1.&#xD;&#xA;[Precedence] from 'load' operation ('col_inbuf_load', dct.c:40->dct.c:87) on array 'col_inbuf' to 'store' operation (dct.c:40->dct.c:87) of variable 'tmp_2' on array 'col_inbuf' with length = 0.&#xD;&#xA;[Carried Dependence] from 'store' operation (dct.c:40->dct.c:87) of variable 'tmp_2' on array 'col_inbuf' to 'load' operation ('col_inbuf_load', dct.c:40->dct.c:87) on array 'col_inbuf' with (distance, length) = (1, 1).&#xD;&#xA;&#x9;Total length of the dependency path is 2,&#xD;&#xA;&#x9;which exceeds II * total distance = 1 * 1 = 1" projectName="dct_prj" solutionName="solution7" date="2012-08-02T17:33:27.929-0500" type="Warning"/>
        <logs message="@W [RTGEN-101] Legalizing port name 'read_data|input' to 'read_data|input_r'." projectName="dct_prj" solutionName="solution6" date="2012-08-02T17:25:13.268-0500" type="Warning"/>
        <logs message="@W [RTGEN-101] Legalizing port name 'write_data|buf' to 'write_data|buf_r'." projectName="dct_prj" solutionName="solution6" date="2012-08-02T17:25:13.284-0500" type="Warning"/>
        <logs message="@W [RTGEN-101] Legalizing port name 'write_data|output' to 'write_data|output_r'." projectName="dct_prj" solutionName="solution6" date="2012-08-02T17:25:13.299-0500" type="Warning"/>
        <logs message="@W [RTGEN-101] Legalizing port name 'dct|input' to 'dct|input_r'." projectName="dct_prj" solutionName="solution6" date="2012-08-02T17:25:13.315-0500" type="Warning"/>
        <logs message="@W [RTGEN-101] Legalizing port name 'dct|output' to 'dct|output_r'." projectName="dct_prj" solutionName="solution6" date="2012-08-02T17:25:13.331-0500" type="Warning"/>
        <logs message="@W [RTGEN-101] Legalizing port name 'read_data|input' to 'read_data|input_r'." projectName="dct_prj" solutionName="solution5" date="2012-08-02T17:21:03.988-0500" type="Warning"/>
        <logs message="@W [RTGEN-101] Legalizing port name 'write_data|buf' to 'write_data|buf_r'." projectName="dct_prj" solutionName="solution5" date="2012-08-02T17:21:04.004-0500" type="Warning"/>
        <logs message="@W [RTGEN-101] Legalizing port name 'write_data|output' to 'write_data|output_r'." projectName="dct_prj" solutionName="solution5" date="2012-08-02T17:21:04.019-0500" type="Warning"/>
        <logs message="@W [RTGEN-101] Legalizing port name 'dct|input' to 'dct|input_r'." projectName="dct_prj" solutionName="solution5" date="2012-08-02T17:21:04.035-0500" type="Warning"/>
        <logs message="@W [RTGEN-101] Legalizing port name 'dct|output' to 'dct|output_r'." projectName="dct_prj" solutionName="solution5" date="2012-08-02T17:21:04.050-0500" type="Warning"/>
        <logs message="@W [RTGEN-101] Legalizing port name 'read_data|input' to 'read_data|input_r'." projectName="dct_prj" solutionName="solution4" date="2012-08-02T17:16:08.266-0500" type="Warning"/>
        <logs message="@W [RTGEN-101] Legalizing port name 'dct|input' to 'dct|input_r'." projectName="dct_prj" solutionName="solution4" date="2012-08-02T17:16:08.281-0500" type="Warning"/>
        <logs message="@W [RTGEN-101] Legalizing port name 'dct|output' to 'dct|output_r'." projectName="dct_prj" solutionName="solution4" date="2012-08-02T17:16:08.297-0500" type="Warning"/>
        <logs message="@W [RTGEN-101] Legalizing port name 'dct|input' to 'dct|input_r'." projectName="dct_prj" solutionName="solution3" date="2012-08-02T15:39:54.818-0500" type="Warning"/>
        <logs message="@W [RTGEN-101] Legalizing port name 'dct|output' to 'dct|output_r'." projectName="dct_prj" solutionName="solution3" date="2012-08-02T15:39:54.834-0500" type="Warning"/>
        <logs message="@W [SCHED-69] Unable to schedule 'load' operation ('src_load_2', dct.c:17) on array 'src' due to limited memory ports." projectName="dct_prj" solutionName="solution3" date="2012-08-02T15:39:54.865-0500" type="Warning"/>
        <logs message="@W [RTGEN-101] Legalizing port name 'dct|input' to 'dct|input_r'." projectName="dct_prj" solutionName="solution2" date="2012-08-02T15:36:36.134-0500" type="Warning"/>
        <logs message="@W [RTGEN-101] Legalizing port name 'dct|output' to 'dct|output_r'." projectName="dct_prj" solutionName="solution2" date="2012-08-02T15:36:36.149-0500" type="Warning"/>
        <logs message="@W [RTGEN-101] Legalizing port name 'dct|input' to 'dct|input_r'." projectName="dct_prj" solutionName="solution1" date="2012-08-02T15:17:59.469-0500" type="Warning"/>
        <logs message="@W [RTGEN-101] Legalizing port name 'dct|output' to 'dct|output_r'." projectName="dct_prj" solutionName="solution1" date="2012-08-02T15:17:59.485-0500" type="Warning"/>
      </synLog>
      <simLog/>
      <mgLog/>
      <packageLog/>
    </logs>
  </warningLogs>
</vivadoHLSLog:LogRoot>
