<?xml version="1.0" encoding="UTF-8"?>
<vivadoHLSLog:LogRoot xmlns:vivadoHLSLog="www.xilinx.com/vivadoHLSLog">
  <errorLogs>
    <logs>
      <synLog/>
      <simLog/>
      <mgLog/>
      <packageLog/>
      <csimLog/>
    </logs>
  </errorLogs>
  <warningLogs>
    <logs>
      <synLog>
        <logs message="@W [SCHED-69] Unable to schedule 'store' operation (dct_prj/dct.c:51->dct_prj/dct.c:87) of variable 'tmp_3' on array 'buf_2d_out' due to limited memory ports." projectName="dct_prj" solutionName="solution8" date="2014-01-04T16:12:13.711+0800" type="Warning"/>
        <logs message="@W [RTGEN-101] Legalizing port name 'dct/output' to 'dct/output_r'." projectName="dct_prj" solutionName="solution8" date="2014-01-04T16:12:09.776+0800" type="Warning"/>
        <logs message="@W [RTGEN-101] Legalizing port name 'dct/input' to 'dct/input_r'." projectName="dct_prj" solutionName="solution8" date="2014-01-04T16:12:09.753+0800" type="Warning"/>
        <logs message="@W [RTGEN-101] Legalizing port name 'write_data/output' to 'write_data/output_r'." projectName="dct_prj" solutionName="solution8" date="2014-01-04T16:12:09.720+0800" type="Warning"/>
        <logs message="@W [RTGEN-101] Legalizing port name 'write_data/buf' to 'write_data/buf_r'." projectName="dct_prj" solutionName="solution8" date="2014-01-04T16:12:09.646+0800" type="Warning"/>
        <logs message="@W [RTGEN-101] Legalizing port name 'read_data/input' to 'read_data/input_r'." projectName="dct_prj" solutionName="solution8" date="2014-01-04T16:12:09.608+0800" type="Warning"/>
        <logs message="@W [SYN-210] Renamed object name 'AP_PPBUF_buf_2d_out_U0' to 'buf_2d_out'" projectName="dct_prj" solutionName="solution8" date="2014-01-04T16:12:08.703+0800" type="Warning"/>
        <logs message="@W [SYN-210] Renamed object name 'AP_PPBUF_col_outbuf_U0' to 'col_outbuf'" projectName="dct_prj" solutionName="solution8" date="2014-01-04T16:12:06.602+0800" type="Warning"/>
        <logs message="@W [SYN-210] Renamed object name 'AP_PPBUF_col_inbuf_U0' to 'col_inbuf'" projectName="dct_prj" solutionName="solution8" date="2014-01-04T16:12:06.569+0800" type="Warning"/>
        <logs message="@W [SYN-210] Renamed object name 'AP_PPBUF_row_outbuf_U0' to 'row_outbuf'" projectName="dct_prj" solutionName="solution8" date="2014-01-04T16:12:06.540+0800" type="Warning"/>
        <logs message="@W [SYN-210] Renamed object name 'AP_PPBUF_buf_2d_in_7_U0' to 'buf_2d_in_7'" projectName="dct_prj" solutionName="solution8" date="2014-01-04T16:12:06.507+0800" type="Warning"/>
        <logs message="@W [SYN-210] Renamed object name 'AP_PPBUF_buf_2d_in_6_U0' to 'buf_2d_in_6'" projectName="dct_prj" solutionName="solution8" date="2014-01-04T16:12:06.477+0800" type="Warning"/>
        <logs message="@W [SYN-210] Renamed object name 'AP_PPBUF_buf_2d_in_5_U0' to 'buf_2d_in_5'" projectName="dct_prj" solutionName="solution8" date="2014-01-04T16:12:06.436+0800" type="Warning"/>
        <logs message="@W [SYN-210] Renamed object name 'AP_PPBUF_buf_2d_in_4_U0' to 'buf_2d_in_4'" projectName="dct_prj" solutionName="solution8" date="2014-01-04T16:12:06.416+0800" type="Warning"/>
        <logs message="@W [SYN-210] Renamed object name 'AP_PPBUF_buf_2d_in_3_U0' to 'buf_2d_in_3'" projectName="dct_prj" solutionName="solution8" date="2014-01-04T16:12:06.394+0800" type="Warning"/>
        <logs message="@W [SYN-210] Renamed object name 'AP_PPBUF_buf_2d_in_2_U0' to 'buf_2d_in_2'" projectName="dct_prj" solutionName="solution8" date="2014-01-04T16:12:06.373+0800" type="Warning"/>
        <logs message="@W [SYN-210] Renamed object name 'AP_PPBUF_buf_2d_in_1_U0' to 'buf_2d_in_1'" projectName="dct_prj" solutionName="solution8" date="2014-01-04T16:12:06.333+0800" type="Warning"/>
        <logs message="@W [SYN-210] Renamed object name 'AP_PPBUF_buf_2d_in_0_U0' to 'buf_2d_in_0'" projectName="dct_prj" solutionName="solution8" date="2014-01-04T16:12:06.310+0800" type="Warning"/>
        <logs message="@W [SYN-210] Renamed object name 'write_data_U0' to 'write_data_U0'" projectName="dct_prj" solutionName="solution8" date="2014-01-04T16:12:06.276+0800" type="Warning"/>
        <logs message="@W [SYN-210] Renamed object name 'dct_Loop_Xpose_Col_Outer_Loop_proc_U0' to 'dct_Loop_Xpose_Col_Outer_Loop_proc_U0'" projectName="dct_prj" solutionName="solution8" date="2014-01-04T16:12:06.237+0800" type="Warning"/>
        <logs message="@W [SYN-210] Renamed object name 'dct_Loop_Col_DCT_Loop_proc_U0' to 'dct_Loop_Col_DCT_Loop_proc_U0'" projectName="dct_prj" solutionName="solution8" date="2014-01-04T16:12:06.181+0800" type="Warning"/>
        <logs message="@W [SYN-210] Renamed object name 'dct_Loop_Xpose_Row_Outer_Loop_proc_U0' to 'dct_Loop_Xpose_Row_Outer_Loop_proc_U0'" projectName="dct_prj" solutionName="solution8" date="2014-01-04T16:12:06.156+0800" type="Warning"/>
        <logs message="@W [SYN-210] Renamed object name 'dct_Loop_Row_DCT_Loop_proc_U0' to 'dct_Loop_Row_DCT_Loop_proc_U0'" projectName="dct_prj" solutionName="solution8" date="2014-01-04T16:12:06.136+0800" type="Warning"/>
        <logs message="@W [SYN-210] Renamed object name 'read_data_U0' to 'read_data_U0'" projectName="dct_prj" solutionName="solution8" date="2014-01-04T16:12:06.114+0800" type="Warning"/>
        <logs message="@W [LIC-102] License feature [VIVADO_HLS] is expiring in 10 days." projectName="dct_prj" solutionName="solution8" date="2014-01-04T16:11:48.213+0800" type="Warning"/>
        <logs message="@W [SCHED-68] Unable to enforce a carried dependency constraint (II = 1, distance = 1)&#xD;&#xA;   between 'store' operation (dct_prj/dct.c:40->dct_prj/dct.c:87) of variable 'tmp_6' on array 'col_inbuf' and 'load' operation ('col_inbuf_load', dct_prj/dct.c:40->dct_prj/dct.c:87) on array 'col_inbuf'." projectName="dct_prj" solutionName="solution7" date="2014-01-04T15:19:45.401+0800" type="Warning"/>
        <logs message="@W [SCHED-68] Unable to enforce a carried dependency constraint (II = 1, distance = 1)&#xD;&#xA;   between 'store' operation (dct_prj/dct.c:62) of variable 'tmp_1' on array 'buf_r' and 'load' operation ('buf_load', dct_prj/dct.c:62) on array 'buf_r'." projectName="dct_prj" solutionName="solution7" date="2014-01-04T15:19:44.031+0800" type="Warning"/>
        <logs message="@W [RTGEN-101] Legalizing port name 'dct/output' to 'dct/output_r'." projectName="dct_prj" solutionName="solution7" date="2014-01-04T15:19:43.976+0800" type="Warning"/>
        <logs message="@W [RTGEN-101] Legalizing port name 'dct/input' to 'dct/input_r'." projectName="dct_prj" solutionName="solution7" date="2014-01-04T15:19:43.942+0800" type="Warning"/>
        <logs message="@W [RTGEN-101] Legalizing port name 'write_data/output' to 'write_data/output_r'." projectName="dct_prj" solutionName="solution7" date="2014-01-04T15:19:43.907+0800" type="Warning"/>
        <logs message="@W [RTGEN-101] Legalizing port name 'write_data/buf' to 'write_data/buf_r'." projectName="dct_prj" solutionName="solution7" date="2014-01-04T15:19:43.883+0800" type="Warning"/>
        <logs message="@W [RTGEN-101] Legalizing port name 'read_data/buf' to 'read_data/buf_r'." projectName="dct_prj" solutionName="solution7" date="2014-01-04T15:19:43.836+0800" type="Warning"/>
        <logs message="@W [RTGEN-101] Legalizing port name 'read_data/input' to 'read_data/input_r'." projectName="dct_prj" solutionName="solution7" date="2014-01-04T15:19:43.803+0800" type="Warning"/>
        <logs message="@W [SYN-210] Renamed object name 'AP_PPBUF_buf_2d_out_U0' to 'buf_2d_out'" projectName="dct_prj" solutionName="solution7" date="2014-01-04T15:19:43.674+0800" type="Warning"/>
        <logs message="@W [SYN-210] Renamed object name 'AP_PPBUF_col_outbuf_U0' to 'col_outbuf'" projectName="dct_prj" solutionName="solution7" date="2014-01-04T15:19:43.438+0800" type="Warning"/>
        <logs message="@W [SYN-210] Renamed object name 'AP_PPBUF_col_inbuf_U0' to 'col_inbuf'" projectName="dct_prj" solutionName="solution7" date="2014-01-04T15:19:43.379+0800" type="Warning"/>
        <logs message="@W [SYN-210] Renamed object name 'AP_PPBUF_row_outbuf_U0' to 'row_outbuf'" projectName="dct_prj" solutionName="solution7" date="2014-01-04T15:19:43.350+0800" type="Warning"/>
        <logs message="@W [SYN-210] Renamed object name 'AP_PPBUF_buf_2d_in_U0' to 'buf_2d_in'" projectName="dct_prj" solutionName="solution7" date="2014-01-04T15:19:43.327+0800" type="Warning"/>
        <logs message="@W [SYN-210] Renamed object name 'write_data_U0' to 'write_data_U0'" projectName="dct_prj" solutionName="solution7" date="2014-01-04T15:19:43.301+0800" type="Warning"/>
        <logs message="@W [SYN-210] Renamed object name 'dct_Loop_Xpose_Col_Outer_Loop_proc_U0' to 'dct_Loop_Xpose_Col_Outer_Loop_proc_U0'" projectName="dct_prj" solutionName="solution7" date="2014-01-04T15:19:43.248+0800" type="Warning"/>
        <logs message="@W [SYN-210] Renamed object name 'dct_Loop_Col_DCT_Loop_proc_U0' to 'dct_Loop_Col_DCT_Loop_proc_U0'" projectName="dct_prj" solutionName="solution7" date="2014-01-04T15:19:43.229+0800" type="Warning"/>
        <logs message="@W [SYN-210] Renamed object name 'dct_Loop_Xpose_Row_Outer_Loop_proc_U0' to 'dct_Loop_Xpose_Row_Outer_Loop_proc_U0'" projectName="dct_prj" solutionName="solution7" date="2014-01-04T15:19:43.187+0800" type="Warning"/>
        <logs message="@W [SYN-210] Renamed object name 'dct_Loop_Row_DCT_Loop_proc_U0' to 'dct_Loop_Row_DCT_Loop_proc_U0'" projectName="dct_prj" solutionName="solution7" date="2014-01-04T15:19:43.169+0800" type="Warning"/>
        <logs message="@W [SYN-210] Renamed object name 'read_data_U0' to 'read_data_U0'" projectName="dct_prj" solutionName="solution7" date="2014-01-04T15:19:43.141+0800" type="Warning"/>
        <logs message="@W [LIC-102] License feature [VIVADO_HLS] is expiring in 10 days." projectName="dct_prj" solutionName="solution7" date="2014-01-04T15:19:29.170+0800" type="Warning"/>
        <logs message="@W [RTGEN-101] Legalizing port name 'dct/output' to 'dct/output_r'." projectName="dct_prj" solutionName="solution6" date="2014-01-04T14:48:15.792+0800" type="Warning"/>
        <logs message="@W [RTGEN-101] Legalizing port name 'dct/input' to 'dct/input_r'." projectName="dct_prj" solutionName="solution6" date="2014-01-04T14:48:15.765+0800" type="Warning"/>
        <logs message="@W [RTGEN-101] Legalizing port name 'write_data/output' to 'write_data/output_r'." projectName="dct_prj" solutionName="solution6" date="2014-01-04T14:48:15.737+0800" type="Warning"/>
        <logs message="@W [RTGEN-101] Legalizing port name 'write_data/buf' to 'write_data/buf_r'." projectName="dct_prj" solutionName="solution6" date="2014-01-04T14:48:15.713+0800" type="Warning"/>
        <logs message="@W [RTGEN-101] Legalizing port name 'read_data/input' to 'read_data/input_r'." projectName="dct_prj" solutionName="solution6" date="2014-01-04T14:48:15.696+0800" type="Warning"/>
        <logs message="@W [SYN-210] Renamed object name 'AP_PPBUF_buf_2d_out_U0' to 'buf_2d_out'" projectName="dct_prj" solutionName="solution6" date="2014-01-04T14:48:15.521+0800" type="Warning"/>
        <logs message="@W [SYN-210] Renamed object name 'AP_PPBUF_col_outbuf_U0' to 'col_outbuf'" projectName="dct_prj" solutionName="solution6" date="2014-01-04T14:48:15.441+0800" type="Warning"/>
        <logs message="@W [SYN-210] Renamed object name 'AP_PPBUF_col_inbuf_7_U0' to 'col_inbuf_7'" projectName="dct_prj" solutionName="solution6" date="2014-01-04T14:48:15.399+0800" type="Warning"/>
        <logs message="@W [SYN-210] Renamed object name 'AP_PPBUF_col_inbuf_6_U0' to 'col_inbuf_6'" projectName="dct_prj" solutionName="solution6" date="2014-01-04T14:48:15.381+0800" type="Warning"/>
        <logs message="@W [SYN-210] Renamed object name 'AP_PPBUF_col_inbuf_5_U0' to 'col_inbuf_5'" projectName="dct_prj" solutionName="solution6" date="2014-01-04T14:48:15.363+0800" type="Warning"/>
        <logs message="@W [SYN-210] Renamed object name 'AP_PPBUF_col_inbuf_4_U0' to 'col_inbuf_4'" projectName="dct_prj" solutionName="solution6" date="2014-01-04T14:48:15.324+0800" type="Warning"/>
        <logs message="@W [SYN-210] Renamed object name 'AP_PPBUF_col_inbuf_3_U0' to 'col_inbuf_3'" projectName="dct_prj" solutionName="solution6" date="2014-01-04T14:48:15.305+0800" type="Warning"/>
        <logs message="@W [SYN-210] Renamed object name 'AP_PPBUF_col_inbuf_2_U0' to 'col_inbuf_2'" projectName="dct_prj" solutionName="solution6" date="2014-01-04T14:48:15.280+0800" type="Warning"/>
        <logs message="@W [SYN-210] Renamed object name 'AP_PPBUF_col_inbuf_1_U0' to 'col_inbuf_1'" projectName="dct_prj" solutionName="solution6" date="2014-01-04T14:48:15.248+0800" type="Warning"/>
        <logs message="@W [SYN-210] Renamed object name 'AP_PPBUF_col_inbuf_0_U0' to 'col_inbuf_0'" projectName="dct_prj" solutionName="solution6" date="2014-01-04T14:48:15.201+0800" type="Warning"/>
        <logs message="@W [SYN-210] Renamed object name 'AP_PPBUF_row_outbuf_U0' to 'row_outbuf'" projectName="dct_prj" solutionName="solution6" date="2014-01-04T14:48:15.152+0800" type="Warning"/>
        <logs message="@W [SYN-210] Renamed object name 'AP_PPBUF_buf_2d_in_7_U0' to 'buf_2d_in_7'" projectName="dct_prj" solutionName="solution6" date="2014-01-04T14:48:15.116+0800" type="Warning"/>
        <logs message="@W [SYN-210] Renamed object name 'AP_PPBUF_buf_2d_in_6_U0' to 'buf_2d_in_6'" projectName="dct_prj" solutionName="solution6" date="2014-01-04T14:48:15.091+0800" type="Warning"/>
        <logs message="@W [SYN-210] Renamed object name 'AP_PPBUF_buf_2d_in_5_U0' to 'buf_2d_in_5'" projectName="dct_prj" solutionName="solution6" date="2014-01-04T14:48:15.070+0800" type="Warning"/>
        <logs message="@W [SYN-210] Renamed object name 'AP_PPBUF_buf_2d_in_4_U0' to 'buf_2d_in_4'" projectName="dct_prj" solutionName="solution6" date="2014-01-04T14:48:15.016+0800" type="Warning"/>
        <logs message="@W [SYN-210] Renamed object name 'AP_PPBUF_buf_2d_in_3_U0' to 'buf_2d_in_3'" projectName="dct_prj" solutionName="solution6" date="2014-01-04T14:48:14.992+0800" type="Warning"/>
        <logs message="@W [SYN-210] Renamed object name 'AP_PPBUF_buf_2d_in_2_U0' to 'buf_2d_in_2'" projectName="dct_prj" solutionName="solution6" date="2014-01-04T14:48:14.963+0800" type="Warning"/>
        <logs message="@W [SYN-210] Renamed object name 'AP_PPBUF_buf_2d_in_1_U0' to 'buf_2d_in_1'" projectName="dct_prj" solutionName="solution6" date="2014-01-04T14:48:14.941+0800" type="Warning"/>
        <logs message="@W [SYN-210] Renamed object name 'AP_PPBUF_buf_2d_in_0_U0' to 'buf_2d_in_0'" projectName="dct_prj" solutionName="solution6" date="2014-01-04T14:48:14.876+0800" type="Warning"/>
        <logs message="@W [SYN-210] Renamed object name 'write_data_U0' to 'write_data_U0'" projectName="dct_prj" solutionName="solution6" date="2014-01-04T14:48:14.847+0800" type="Warning"/>
        <logs message="@W [SYN-210] Renamed object name 'dct_Loop_Xpose_Col_Outer_Loop_proc_U0' to 'dct_Loop_Xpose_Col_Outer_Loop_proc_U0'" projectName="dct_prj" solutionName="solution6" date="2014-01-04T14:48:14.798+0800" type="Warning"/>
        <logs message="@W [SYN-210] Renamed object name 'dct_Loop_Col_DCT_Loop_proc_U0' to 'dct_Loop_Col_DCT_Loop_proc_U0'" projectName="dct_prj" solutionName="solution6" date="2014-01-04T14:48:14.737+0800" type="Warning"/>
        <logs message="@W [SYN-210] Renamed object name 'dct_Loop_Xpose_Row_Outer_Loop_proc_U0' to 'dct_Loop_Xpose_Row_Outer_Loop_proc_U0'" projectName="dct_prj" solutionName="solution6" date="2014-01-04T14:48:14.722+0800" type="Warning"/>
        <logs message="@W [SYN-210] Renamed object name 'dct_Loop_Row_DCT_Loop_proc_U0' to 'dct_Loop_Row_DCT_Loop_proc_U0'" projectName="dct_prj" solutionName="solution6" date="2014-01-04T14:48:14.706+0800" type="Warning"/>
        <logs message="@W [SYN-210] Renamed object name 'read_data_U0' to 'read_data_U0'" projectName="dct_prj" solutionName="solution6" date="2014-01-04T14:48:14.686+0800" type="Warning"/>
        <logs message="@W [LIC-102] License feature [VIVADO_HLS] is expiring in 10 days." projectName="dct_prj" solutionName="solution6" date="2014-01-04T14:48:01.237+0800" type="Warning"/>
        <logs message="@W [RTGEN-101] Legalizing port name 'dct/output' to 'dct/output_r'." projectName="dct_prj" solutionName="solution5" date="2014-01-04T14:16:01.867+0800" type="Warning"/>
        <logs message="@W [RTGEN-101] Legalizing port name 'dct/input' to 'dct/input_r'." projectName="dct_prj" solutionName="solution5" date="2014-01-04T14:16:01.840+0800" type="Warning"/>
        <logs message="@W [RTGEN-101] Legalizing port name 'write_data/output' to 'write_data/output_r'." projectName="dct_prj" solutionName="solution5" date="2014-01-04T14:16:01.813+0800" type="Warning"/>
        <logs message="@W [RTGEN-101] Legalizing port name 'write_data/buf' to 'write_data/buf_r'." projectName="dct_prj" solutionName="solution5" date="2014-01-04T14:16:01.795+0800" type="Warning"/>
        <logs message="@W [RTGEN-101] Legalizing port name 'read_data/input' to 'read_data/input_r'." projectName="dct_prj" solutionName="solution5" date="2014-01-04T14:16:01.776+0800" type="Warning"/>
        <logs message="@W [SYN-210] Renamed object name 'AP_PPBUF_buf_2d_out_U0' to 'buf_2d_out'" projectName="dct_prj" solutionName="solution5" date="2014-01-04T14:16:01.668+0800" type="Warning"/>
        <logs message="@W [SYN-210] Renamed object name 'AP_PPBUF_buf_2d_in_7_U0' to 'buf_2d_in_7'" projectName="dct_prj" solutionName="solution5" date="2014-01-04T14:16:01.501+0800" type="Warning"/>
        <logs message="@W [SYN-210] Renamed object name 'AP_PPBUF_buf_2d_in_6_U0' to 'buf_2d_in_6'" projectName="dct_prj" solutionName="solution5" date="2014-01-04T14:16:01.483+0800" type="Warning"/>
        <logs message="@W [SYN-210] Renamed object name 'AP_PPBUF_buf_2d_in_5_U0' to 'buf_2d_in_5'" projectName="dct_prj" solutionName="solution5" date="2014-01-04T14:16:01.459+0800" type="Warning"/>
        <logs message="@W [SYN-210] Renamed object name 'AP_PPBUF_buf_2d_in_4_U0' to 'buf_2d_in_4'" projectName="dct_prj" solutionName="solution5" date="2014-01-04T14:16:01.440+0800" type="Warning"/>
        <logs message="@W [SYN-210] Renamed object name 'AP_PPBUF_buf_2d_in_3_U0' to 'buf_2d_in_3'" projectName="dct_prj" solutionName="solution5" date="2014-01-04T14:16:01.422+0800" type="Warning"/>
        <logs message="@W [SYN-210] Renamed object name 'AP_PPBUF_buf_2d_in_2_U0' to 'buf_2d_in_2'" projectName="dct_prj" solutionName="solution5" date="2014-01-04T14:16:01.397+0800" type="Warning"/>
        <logs message="@W [SYN-210] Renamed object name 'AP_PPBUF_buf_2d_in_1_U0' to 'buf_2d_in_1'" projectName="dct_prj" solutionName="solution5" date="2014-01-04T14:16:01.377+0800" type="Warning"/>
        <logs message="@W [SYN-210] Renamed object name 'AP_PPBUF_buf_2d_in_0_U0' to 'buf_2d_in_0'" projectName="dct_prj" solutionName="solution5" date="2014-01-04T14:16:01.359+0800" type="Warning"/>
        <logs message="@W [SYN-210] Renamed object name 'write_data_U0' to 'write_data_U0'" projectName="dct_prj" solutionName="solution5" date="2014-01-04T14:16:01.343+0800" type="Warning"/>
        <logs message="@W [SYN-210] Renamed object name 'dct_2d_U0' to 'dct_2d_U0'" projectName="dct_prj" solutionName="solution5" date="2014-01-04T14:16:01.327+0800" type="Warning"/>
        <logs message="@W [SYN-210] Renamed object name 'read_data_U0' to 'read_data_U0'" projectName="dct_prj" solutionName="solution5" date="2014-01-04T14:16:01.305+0800" type="Warning"/>
        <logs message="@W [LIC-102] License feature [VIVADO_HLS] is expiring in 10 days." projectName="dct_prj" solutionName="solution5" date="2014-01-04T14:15:49.264+0800" type="Warning"/>
        <logs message="@W [RTGEN-101] Legalizing port name 'dct/output' to 'dct/output_r'." projectName="dct_prj" solutionName="solution4" date="2014-01-04T13:45:53.004+0800" type="Warning"/>
        <logs message="@W [RTGEN-101] Legalizing port name 'dct/input' to 'dct/input_r'." projectName="dct_prj" solutionName="solution4" date="2014-01-04T13:45:52.988+0800" type="Warning"/>
        <logs message="@W [RTGEN-101] Legalizing port name 'read_data/input' to 'read_data/input_r'." projectName="dct_prj" solutionName="solution4" date="2014-01-04T13:45:52.961+0800" type="Warning"/>
        <logs message="@W [LIC-102] License feature [VIVADO_HLS] is expiring in 10 days." projectName="dct_prj" solutionName="solution4" date="2014-01-04T13:45:24.574+0800" type="Warning"/>
        <logs message="@W [SCHED-69] Unable to schedule 'load' operation ('src_load_2', dct_prj/dct.c:17) on array 'src' due to limited memory ports." projectName="dct_prj" solutionName="solution3" date="2014-01-03T23:51:02.265+0800" type="Warning"/>
        <logs message="@W [RTGEN-101] Legalizing port name 'dct/output' to 'dct/output_r'." projectName="dct_prj" solutionName="solution3" date="2014-01-03T23:51:01.878+0800" type="Warning"/>
        <logs message="@W [RTGEN-101] Legalizing port name 'dct/input' to 'dct/input_r'." projectName="dct_prj" solutionName="solution3" date="2014-01-03T23:51:01.861+0800" type="Warning"/>
        <logs message="@W [RTGEN-101] Legalizing port name 'dct/output' to 'dct/output_r'." projectName="dct_prj" solutionName="solution2" date="2014-01-03T23:21:19.161+0800" type="Warning"/>
        <logs message="@W [RTGEN-101] Legalizing port name 'dct/input' to 'dct/input_r'." projectName="dct_prj" solutionName="solution2" date="2014-01-03T23:21:19.146+0800" type="Warning"/>
        <logs message="@W [RTGEN-101] Legalizing port name 'dct/output' to 'dct/output_r'." projectName="dct_prj" solutionName="solution1" date="2014-01-03T23:02:49.582+0800" type="Warning"/>
        <logs message="@W [RTGEN-101] Legalizing port name 'dct/input' to 'dct/input_r'." projectName="dct_prj" solutionName="solution1" date="2014-01-03T23:02:49.551+0800" type="Warning"/>
      </synLog>
      <simLog/>
      <mgLog/>
      <packageLog/>
      <csimLog/>
    </logs>
  </warningLogs>
</vivadoHLSLog:LogRoot>
